# Fe2gen disease mechanism groups (NST/CNV/DON_GEN/CHUA_RO), built by tools/build_disease_category.py
# Derived from MONDO (CC BY 4.0) and Orphanet product6 (CC BY 4.0); gene rows from HPO genes_to_disease.
# mondo=releases/2021-12-01/reasoned.owl.owl sha256=e20f38c635a028e9babd71419b623710297684efbe1e9f1a7ce671a8b9948876
# orphanet_product6=2021-12-01 04:54:36 sha256=09ee1cded64dcd01f228a3766a3c5d9cf79294d1f2d93e9398888437864891ec
# hpoa sha256=89004f85b253f980ffe84218d2c080665cbf67a57bbb322111d6a2db5eb31dff; genes_to_disease sha256=a247027ae9944e34545e0a91060243ff6c118681c06379b9721af1ee4f39286a
disease_id	nhom	can_cu	co_che_hon_hop
DECIPHER:1	CNV	decipher	0
DECIPHER:14	CNV	decipher	0
DECIPHER:15	CNV	decipher	0
DECIPHER:16	CNV	decipher	0
DECIPHER:17	CNV	decipher	0
DECIPHER:18	CNV	decipher	0
DECIPHER:19	CNV	decipher	0
DECIPHER:2	CNV	decipher	0
DECIPHER:20	CNV	decipher	0
DECIPHER:21	CNV	decipher	0
DECIPHER:29	CNV	decipher	0
DECIPHER:3	CNV	decipher	0
DECIPHER:31	CNV	decipher	0
DECIPHER:32	CNV	decipher	0
DECIPHER:34	CNV	decipher	0
DECIPHER:35	CNV	decipher	0
DECIPHER:37	CNV	decipher	0
DECIPHER:38	CNV	decipher	0
DECIPHER:39	CNV	decipher	0
DECIPHER:4	CNV	decipher	0
DECIPHER:42	CNV	decipher	0
DECIPHER:43	CNV	decipher	0
DECIPHER:44	CNV	decipher	0
DECIPHER:45	CNV	decipher	0
DECIPHER:46	CNV	decipher	0
DECIPHER:47	CNV	decipher	0
DECIPHER:48	CNV	decipher	0
DECIPHER:51	CNV	decipher	0
DECIPHER:52	CNV	decipher	0
DECIPHER:53	CNV	decipher	0
DECIPHER:54	CNV	decipher	0
DECIPHER:57	CNV	decipher	0
DECIPHER:58	CNV	decipher	0
DECIPHER:59	CNV	decipher	0
DECIPHER:62	CNV	decipher	0
DECIPHER:65	CNV	decipher	0
DECIPHER:66	CNV	decipher	0
DECIPHER:67	CNV	decipher	0
DECIPHER:68	CNV	decipher	0
DECIPHER:70	CNV	decipher	0
DECIPHER:72	CNV	decipher	0
DECIPHER:74	CNV	decipher	0
DECIPHER:76	CNV	decipher	0
DECIPHER:8	CNV	decipher	0
DECIPHER:81	CNV	decipher	0
DECIPHER:85	CNV	decipher	0
DECIPHER:92	CNV	decipher	0
OMIM:100070	CHUA_RO	khong_du_nguon	0
OMIM:100100	DON_GEN	gene_germline	0
OMIM:100200	CHUA_RO	khong_du_nguon	0
OMIM:100300	DON_GEN	gene_germline	0
OMIM:100600	CHUA_RO	khong_du_nguon	0
OMIM:100650	CHUA_RO	khong_du_nguon	0
OMIM:100675	CHUA_RO	khong_du_nguon	0
OMIM:100700	CHUA_RO	khong_du_nguon	0
OMIM:100800	DON_GEN	gene_germline	0
OMIM:100820	CHUA_RO	khong_du_nguon	0
OMIM:101000	DON_GEN	gene_germline	0
OMIM:101200	DON_GEN	gene_germline	0
OMIM:101400	DON_GEN	gene_germline	0
OMIM:101600	DON_GEN	gene_germline	0
OMIM:101800	DON_GEN	gene_germline	0
OMIM:101805	CHUA_RO	khong_du_nguon	0
OMIM:101840	CHUA_RO	khong_du_nguon	0
OMIM:101850	CHUA_RO	khong_du_nguon	0
OMIM:101900	DON_GEN	gene_germline	0
OMIM:102100	CHUA_RO	khong_du_nguon	0
OMIM:102150	CHUA_RO	khong_du_nguon	0
OMIM:102200	DON_GEN	gene_germline	0
OMIM:102300	CHUA_RO	khong_du_nguon	0
OMIM:102350	CHUA_RO	khong_du_nguon	0
OMIM:102370	DON_GEN	gene_germline	0
OMIM:102400	CHUA_RO	khong_du_nguon	0
OMIM:102500	DON_GEN	gene_germline	0
OMIM:102510	CHUA_RO	khong_du_nguon	0
OMIM:102520	CHUA_RO	khong_du_nguon	0
OMIM:102530	DON_GEN	gene_germline	0
OMIM:102650	CHUA_RO	khong_du_nguon	0
OMIM:102660	CHUA_RO	khong_du_nguon	0
OMIM:102700	DON_GEN	gene_germline	0
OMIM:102900	DON_GEN	gene_germline	0
OMIM:103050	DON_GEN	gene_germline	0
OMIM:103100	CHUA_RO	khong_du_nguon	0
OMIM:103200	CHUA_RO	khong_du_nguon	0
OMIM:103285	DON_GEN	gene_germline	0
OMIM:103300	CHUA_RO	khong_du_nguon	0
OMIM:103420	CHUA_RO	khong_du_nguon	0
OMIM:103500	DON_GEN	gene_germline	0
OMIM:103580	DON_GEN	gene_germline	0
OMIM:103780	CHUA_RO	khong_du_nguon	0
OMIM:103900	DON_GEN	gene_germline	0
OMIM:103920	CHUA_RO	khong_du_nguon	0
OMIM:104000	CHUA_RO	khong_du_nguon	0
OMIM:104100	DON_GEN	gene_germline	0
OMIM:104110	CHUA_RO	khong_du_nguon	0
OMIM:104200	DON_GEN	gene_germline	0
OMIM:104290	DON_GEN	gene_germline	0
OMIM:104300	DON_GEN	gene_germline	0
OMIM:104310	DON_GEN	gene_germline	0
OMIM:104350	CHUA_RO	khong_du_nguon	0
OMIM:104400	CHUA_RO	khong_du_nguon	0
OMIM:104500	DON_GEN	gene_germline	0
OMIM:104510	DON_GEN	gene_germline	0
OMIM:104530	DON_GEN	gene_germline	0
OMIM:105120	DON_GEN	gene_germline	0
OMIM:105150	DON_GEN	gene_germline	0
OMIM:105200	DON_GEN	gene_germline	0
OMIM:105210	DON_GEN	gene_germline	0
OMIM:105250	DON_GEN	gene_germline	0
OMIM:105300	CHUA_RO	khong_du_nguon	0
OMIM:105400	DON_GEN	gene_germline	0
OMIM:105500	CHUA_RO	khong_du_nguon	0
OMIM:105550	DON_GEN	gene_germline	0
OMIM:105570	CHUA_RO	khong_du_nguon	0
OMIM:105580	CHUA_RO	khong_du_nguon	0
OMIM:105600	DON_GEN	gene_germline	0
OMIM:105650	DON_GEN	gene_germline	0
OMIM:105800	CHUA_RO	khong_du_nguon	0
OMIM:105805	CHUA_RO	khong_du_nguon	0
OMIM:105830	DON_GEN	gene_germline	0
OMIM:105835	DON_GEN	gene_germline	0
OMIM:106050	CHUA_RO	khong_du_nguon	0
OMIM:106070	CHUA_RO	khong_du_nguon	0
OMIM:106100	DON_GEN	gene_germline	0
OMIM:106190	DON_GEN	gene_germline	0
OMIM:106210	DON_GEN	gene_germline	0
OMIM:106220	CHUA_RO	khong_du_nguon	0
OMIM:106230	CHUA_RO	khong_du_nguon	0
OMIM:106250	DON_GEN	gene_germline	0
OMIM:106260	DON_GEN	gene_germline	0
OMIM:106280	CHUA_RO	khong_du_nguon	0
OMIM:106300	CHUA_RO	khong_du_nguon	0
OMIM:106400	CHUA_RO	khong_du_nguon	0
OMIM:106600	DON_GEN	gene_germline	0
OMIM:106700	CHUA_RO	khong_du_nguon	0
OMIM:106900	CHUA_RO	khong_du_nguon	0
OMIM:106995	CHUA_RO	khong_du_nguon	0
OMIM:107000	CHUA_RO	khong_du_nguon	0
OMIM:107100	CHUA_RO	khong_du_nguon	0
OMIM:107200	CHUA_RO	khong_du_nguon	0
OMIM:107250	DON_GEN	gene_germline	0
OMIM:107320	CHUA_RO	khong_du_nguon	0
OMIM:107480	DON_GEN	gene_germline	0
OMIM:107550	CHUA_RO	khong_du_nguon	0
OMIM:107600	DON_GEN	gene_germline	0
OMIM:107640	CHUA_RO	khong_du_nguon	0
OMIM:107650	CHUA_RO	khong_du_nguon	0
OMIM:107700	CHUA_RO	khong_du_nguon	0
OMIM:107900	CHUA_RO	khong_du_nguon	0
OMIM:107970	DON_GEN	gene_germline	0
OMIM:108000	CHUA_RO	khong_du_nguon	0
OMIM:108010	DON_GEN	gene_germline	0
OMIM:108120	DON_GEN	gene_germline	0
OMIM:108145	DON_GEN	gene_germline	0
OMIM:108200	CHUA_RO	khong_du_nguon	0
OMIM:108300	DON_GEN	gene_germline	0
OMIM:108320	CHUA_RO	khong_du_nguon	0
OMIM:108390	CHUA_RO	khong_du_nguon	0
OMIM:108420	DON_GEN	gene_germline	0
OMIM:108500	DON_GEN	gene_germline	0
OMIM:108600	DON_GEN	gene_germline	0
OMIM:108650	CHUA_RO	khong_du_nguon	0
OMIM:108700	CHUA_RO	khong_du_nguon	0
OMIM:108720	DON_GEN	gene_germline	0
OMIM:108721	DON_GEN	gene_germline	0
OMIM:108725	CHUA_RO	khong_du_nguon	0
OMIM:108760	CHUA_RO	khong_du_nguon	0
OMIM:108770	DON_GEN	gene_germline	0
OMIM:108800	CHUA_RO	khong_du_nguon	0
OMIM:108900	DON_GEN	gene_germline	0
OMIM:108950	CHUA_RO	khong_du_nguon	0
OMIM:108985	DON_GEN	gene_germline	0
OMIM:109000	CHUA_RO	khong_du_nguon	0
OMIM:109050	CHUA_RO	khong_du_nguon	0
OMIM:109100	CHUA_RO	khong_du_nguon	0
OMIM:109120	CHUA_RO	khong_du_nguon	0
OMIM:109130	CHUA_RO	khong_du_nguon	0
OMIM:109150	DON_GEN	gene_germline	0
OMIM:109200	CHUA_RO	khong_du_nguon	0
OMIM:109350	CHUA_RO	khong_du_nguon	0
OMIM:109400	DON_GEN	gene_germline	0
OMIM:109500	CHUA_RO	khong_du_nguon	0
OMIM:109543	CHUA_RO	khong_du_nguon	0
OMIM:109650	CHUA_RO	khong_du_nguon	0
OMIM:109720	CHUA_RO	khong_du_nguon	0
OMIM:109730	DON_GEN	gene_germline	0
OMIM:109800	DON_GEN	gene_germline	1
OMIM:109900	CHUA_RO	khong_du_nguon	0
OMIM:110000	CHUA_RO	khong_du_nguon	0
OMIM:110050	CHUA_RO	khong_du_nguon	0
OMIM:110100	DON_GEN	gene_germline	0
OMIM:110150	CHUA_RO	khong_du_nguon	0
OMIM:111150	DON_GEN	gene_germline	0
OMIM:111400	DON_GEN	gene_germline	0
OMIM:111620	DON_GEN	gene_germline	0
OMIM:111700	CHUA_RO	khong_du_nguon	0
OMIM:112200	CHUA_RO	khong_du_nguon	0
OMIM:112240	DON_GEN	gene_germline	0
OMIM:112250	DON_GEN	gene_germline	0
OMIM:112270	CHUA_RO	khong_du_nguon	0
OMIM:112310	DON_GEN	gene_germline	0
OMIM:112350	CHUA_RO	khong_du_nguon	0
OMIM:112370	CHUA_RO	khong_du_nguon	0
OMIM:112410	DON_GEN	gene_germline	0
OMIM:112450	CHUA_RO	khong_du_nguon	0
OMIM:112500	DON_GEN	gene_germline	0
OMIM:112600	DON_GEN	gene_germline	0
OMIM:112700	CHUA_RO	khong_du_nguon	0
OMIM:112800	CHUA_RO	khong_du_nguon	0
OMIM:113000	DON_GEN	gene_germline	0
OMIM:113100	DON_GEN	gene_germline	0
OMIM:113200	DON_GEN	gene_germline	0
OMIM:113300	DON_GEN	gene_germline	0
OMIM:113301	CHUA_RO	khong_du_nguon	0
OMIM:113310	CHUA_RO	khong_du_nguon	0
OMIM:113400	CHUA_RO	khong_du_nguon	0
OMIM:113477	CHUA_RO	khong_du_nguon	0
OMIM:113500	DON_GEN	gene_germline	0
OMIM:113600	CHUA_RO	khong_du_nguon	0
OMIM:113620	DON_GEN	gene_germline	0
OMIM:113650	DON_GEN	gene_germline	0
OMIM:113670	CHUA_RO	khong_du_nguon	0
OMIM:113700	CHUA_RO	khong_du_nguon	0
OMIM:113750	DON_GEN	gene_germline	0
OMIM:113800	DON_GEN	gene_germline	0
OMIM:113900	DON_GEN	gene_germline	0
OMIM:113950	CHUA_RO	khong_du_nguon	0
OMIM:113970	DON_GEN	gene_germline	1
OMIM:114000	DON_GEN	gene_germline	0
OMIM:114065	CHUA_RO	khong_du_nguon	0
OMIM:114140	CHUA_RO	khong_du_nguon	0
OMIM:114150	CHUA_RO	khong_du_nguon	0
OMIM:114200	CHUA_RO	khong_du_nguon	0
OMIM:114290	DON_GEN	gene_germline	0
OMIM:114300	DON_GEN	gene_germline	0
OMIM:114450	CHUA_RO	khong_du_nguon	0
OMIM:114480	DON_GEN	gene_germline	1
OMIM:114500	DON_GEN	gene_germline	1
OMIM:114550	DON_GEN	gene_germline	1
OMIM:114580	CHUA_RO	khong_du_nguon	0
OMIM:114600	CHUA_RO	khong_du_nguon	0
OMIM:114650	CHUA_RO	khong_du_nguon	0
OMIM:114700	CHUA_RO	khong_du_nguon	0
OMIM:114900	CHUA_RO	khong_du_nguon	0
OMIM:115000	DON_GEN	gene_germline	0
OMIM:115080	CHUA_RO	khong_du_nguon	0
OMIM:115150	DON_GEN	gene_germline	0
OMIM:115195	DON_GEN	gene_germline	0
OMIM:115196	DON_GEN	gene_germline	0
OMIM:115197	DON_GEN	gene_germline	0
OMIM:115200	DON_GEN	gene_germline	0
OMIM:115210	DON_GEN	gene_germline	0
OMIM:115250	CHUA_RO	khong_du_nguon	0
OMIM:115300	DON_GEN	gene_germline	0
OMIM:115310	DON_GEN	gene_germline	0
OMIM:115430	DON_GEN	gene_germline	0
OMIM:115470	CNV	mondo_chromosomal_khac	0
OMIM:115650	CHUA_RO	khong_du_nguon	0
OMIM:115660	CHUA_RO	khong_du_nguon	0
OMIM:115665	CHUA_RO	khong_du_nguon	0
OMIM:115700	DON_GEN	gene_germline	0
OMIM:115800	CHUA_RO	khong_du_nguon	0
OMIM:115900	DON_GEN	gene_germline	0
OMIM:116100	DON_GEN	gene_germline	0
OMIM:116200	DON_GEN	gene_germline	0
OMIM:116300	DON_GEN	gene_germline	0
OMIM:116400	DON_GEN	gene_germline	0
OMIM:116600	DON_GEN	gene_germline	0
OMIM:116700	DON_GEN	gene_germline	0
OMIM:116800	DON_GEN	gene_germline	0
OMIM:116860	DON_GEN	gene_germline	0
OMIM:116870	CHUA_RO	khong_du_nguon	0
OMIM:116920	DON_GEN	gene_germline	0
OMIM:117000	DON_GEN	gene_germline	0
OMIM:117100	DON_GEN	gene_germline	0
OMIM:117210	DON_GEN	gene_germline	0
OMIM:117300	DON_GEN	gene_germline	0
OMIM:117360	DON_GEN	gene_germline	0
OMIM:117550	CNV	mondo_partial_del_dup	1
OMIM:117650	DON_GEN	gene_germline	0
OMIM:117850	CHUA_RO	khong_du_nguon	0
OMIM:117900	CHUA_RO	khong_du_nguon	0
OMIM:118000	CHUA_RO	khong_du_nguon	0
OMIM:118005	CHUA_RO	khong_du_nguon	0
OMIM:118100	DON_GEN	gene_germline	0
OMIM:118200	DON_GEN	gene_germline	0
OMIM:118210	DON_GEN	gene_germline	0
OMIM:118220	CNV	mondo_partial_del_dup	1
OMIM:118300	DON_GEN	gene_germline	0
OMIM:118400	DON_GEN	gene_germline	0
OMIM:118420	DON_GEN	gene_germline	0
OMIM:118450	DON_GEN	gene_germline	0
OMIM:118600	DON_GEN	gene_germline	0
OMIM:118650	CHUA_RO	khong_du_nguon	0
OMIM:118651	CHUA_RO	khong_du_nguon	0
OMIM:118700	DON_GEN	gene_germline	0
OMIM:118750	CHUA_RO	khong_du_nguon	0
OMIM:118800	DON_GEN	gene_germline	0
OMIM:118830	CHUA_RO	khong_du_nguon	0
OMIM:119100	CHUA_RO	khong_du_nguon	0
OMIM:119300	DON_GEN	gene_germline	0
OMIM:119500	DON_GEN	gene_germline	0
OMIM:119530	CHUA_RO	khong_du_nguon	0
OMIM:119540	CHUA_RO	khong_du_nguon	0
OMIM:119550	CHUA_RO	khong_du_nguon	0
OMIM:119570	CHUA_RO	khong_du_nguon	0
OMIM:119580	DON_GEN	gene_germline	0
OMIM:119600	DON_GEN	gene_germline	0
OMIM:119650	CHUA_RO	khong_du_nguon	0
OMIM:119800	DON_GEN	gene_germline	0
OMIM:119900	DON_GEN	gene_germline	0
OMIM:119915	CHUA_RO	khong_du_nguon	0
OMIM:120000	CHUA_RO	khong_du_nguon	0
OMIM:120050	CHUA_RO	khong_du_nguon	0
OMIM:120100	DON_GEN	gene_germline	0
OMIM:120200	DON_GEN	gene_germline	0
OMIM:120300	CHUA_RO	khong_du_nguon	0
OMIM:120330	DON_GEN	gene_germline	0
OMIM:120400	CHUA_RO	khong_du_nguon	0
OMIM:120430	DON_GEN	gene_germline	0
OMIM:120433	DON_GEN	gene_germline	0
OMIM:120435	DON_GEN	gene_germline	0
OMIM:120450	CHUA_RO	khong_du_nguon	0
OMIM:120500	CHUA_RO	khong_du_nguon	0
OMIM:120502	CHUA_RO	khong_du_nguon	0
OMIM:120790	DON_GEN	gene_germline	0
OMIM:120970	DON_GEN	gene_germline	0
OMIM:121050	DON_GEN	gene_germline	0
OMIM:121070	CHUA_RO	khong_du_nguon	0
OMIM:121200	DON_GEN	gene_germline	0
OMIM:121201	DON_GEN	gene_germline	0
OMIM:121210	CHUA_RO	khong_du_nguon	0
OMIM:121270	CHUA_RO	khong_du_nguon	0
OMIM:121300	DON_GEN	gene_germline	0
OMIM:121350	CHUA_RO	khong_du_nguon	0
OMIM:121390	CHUA_RO	khong_du_nguon	0
OMIM:121400	CHUA_RO	khong_du_nguon	0
OMIM:121800	DON_GEN	gene_germline	0
OMIM:121820	DON_GEN	gene_germline	0
OMIM:121850	DON_GEN	gene_germline	0
OMIM:121900	DON_GEN	gene_germline	0
OMIM:122000	DON_GEN	gene_germline	0
OMIM:122100	DON_GEN	gene_germline	0
OMIM:122200	DON_GEN	gene_germline	0
OMIM:122400	DON_GEN	gene_germline	0
OMIM:122430	CHUA_RO	khong_du_nguon	0
OMIM:122460	CHUA_RO	khong_du_nguon	0
OMIM:122470	DON_GEN	gene_germline	0
OMIM:122580	CHUA_RO	khong_du_nguon	0
OMIM:122600	DON_GEN	gene_germline	0
OMIM:122700	DON_GEN	gene_germline	0
OMIM:122780	CHUA_RO	khong_du_nguon	0
OMIM:122850	CHUA_RO	khong_du_nguon	0
OMIM:122860	DON_GEN	gene_germline	0
OMIM:122880	DON_GEN	gene_germline	0
OMIM:123000	DON_GEN	gene_germline	0
OMIM:123100	DON_GEN	gene_germline	0
OMIM:123150	DON_GEN	gene_germline	0
OMIM:123155	CHUA_RO	khong_du_nguon	0
OMIM:123320	DON_GEN	gene_germline	0
OMIM:123400	DON_GEN	gene_germline	0
OMIM:123450	CNV	mondo_partial_del_dup	0
OMIM:123500	DON_GEN	gene_germline	0
OMIM:123540	CHUA_RO	khong_du_nguon	0
OMIM:123550	CHUA_RO	khong_du_nguon	0
OMIM:123557	CHUA_RO	khong_du_nguon	0
OMIM:123570	DON_GEN	gene_germline	0
OMIM:123700	DON_GEN	gene_germline	0
OMIM:123790	DON_GEN	gene_germline	0
OMIM:124000	DON_GEN	gene_germline	0
OMIM:124060	CHUA_RO	khong_du_nguon	0
OMIM:124100	CHUA_RO	khong_du_nguon	0
OMIM:124200	DON_GEN	gene_germline	0
OMIM:124300	CHUA_RO	khong_du_nguon	0
OMIM:124480	DON_GEN	gene_germline	0
OMIM:124500	DON_GEN	gene_germline	0
OMIM:124700	CHUA_RO	khong_du_nguon	0
OMIM:124900	DON_GEN	gene_germline	0
OMIM:124950	CHUA_RO	khong_du_nguon	0
OMIM:125000	CHUA_RO	khong_du_nguon	0
OMIM:125050	CHUA_RO	khong_du_nguon	0
OMIM:125250	DON_GEN	gene_germline	0
OMIM:125260	CHUA_RO	khong_du_nguon	0
OMIM:125310	DON_GEN	gene_germline	0
OMIM:125320	CHUA_RO	khong_du_nguon	0
OMIM:125350	DON_GEN	gene_germline	0
OMIM:125370	DON_GEN	gene_germline	0
OMIM:125400	DON_GEN	gene_germline	0
OMIM:125420	DON_GEN	gene_germline	0
OMIM:125480	CHUA_RO	khong_du_nguon	0
OMIM:125490	DON_GEN	gene_germline	0
OMIM:125500	DON_GEN	gene_germline	0
OMIM:125520	CNV	mondo_partial_del_dup	0
OMIM:125530	CHUA_RO	khong_du_nguon	0
OMIM:125540	CHUA_RO	khong_du_nguon	0
OMIM:125550	CHUA_RO	khong_du_nguon	0
OMIM:125570	CHUA_RO	khong_du_nguon	0
OMIM:125590	CHUA_RO	khong_du_nguon	0
OMIM:125595	DON_GEN	gene_germline	0
OMIM:125600	CHUA_RO	khong_du_nguon	0
OMIM:125630	DON_GEN	gene_germline	0
OMIM:125640	CHUA_RO	khong_du_nguon	0
OMIM:125700	DON_GEN	gene_germline	0
OMIM:125800	DON_GEN	gene_germline	0
OMIM:125850	DON_GEN	gene_germline	0
OMIM:125851	DON_GEN	gene_germline	0
OMIM:125852	DON_GEN	gene_germline	0
OMIM:125853	DON_GEN	gene_germline	0
OMIM:125900	CHUA_RO	khong_du_nguon	0
OMIM:126050	CHUA_RO	khong_du_nguon	0
OMIM:126100	CHUA_RO	khong_du_nguon	0
OMIM:126180	CHUA_RO	khong_du_nguon	0
OMIM:126200	CHUA_RO	khong_du_nguon	0
OMIM:126300	CHUA_RO	khong_du_nguon	0
OMIM:126320	CHUA_RO	khong_du_nguon	0
OMIM:126500	CHUA_RO	khong_du_nguon	0
OMIM:126550	DON_GEN	gene_germline	0
OMIM:126600	DON_GEN	gene_germline	0
OMIM:126700	DON_GEN	gene_germline	0
OMIM:126800	CHUA_RO	khong_du_nguon	0
OMIM:126840	CHUA_RO	khong_du_nguon	0
OMIM:126850	CHUA_RO	khong_du_nguon	0
OMIM:126900	CHUA_RO	khong_du_nguon	0
OMIM:126950	CHUA_RO	khong_du_nguon	0
OMIM:127000	DON_GEN	gene_germline	0
OMIM:127100	CHUA_RO	khong_du_nguon	0
OMIM:127300	DON_GEN	gene_germline	0
OMIM:127400	DON_GEN	gene_germline	0
OMIM:127500	DON_GEN	gene_germline	0
OMIM:127550	DON_GEN	gene_germline	0
OMIM:127600	CHUA_RO	khong_du_nguon	0
OMIM:127700	CHUA_RO	khong_du_nguon	0
OMIM:127750	DON_GEN	gene_germline	0
OMIM:127800	CHUA_RO	khong_du_nguon	0
OMIM:128000	CHUA_RO	khong_du_nguon	0
OMIM:128100	DON_GEN	gene_germline	0
OMIM:128101	DON_GEN	gene_germline	0
OMIM:128200	DON_GEN	gene_germline	0
OMIM:128230	DON_GEN	gene_germline	0
OMIM:128235	DON_GEN	gene_germline	0
OMIM:128290	CHUA_RO	khong_du_nguon	0
OMIM:128300	CHUA_RO	khong_du_nguon	0
OMIM:128500	CHUA_RO	khong_du_nguon	0
OMIM:128600	CHUA_RO	khong_du_nguon	0
OMIM:128700	CHUA_RO	khong_du_nguon	0
OMIM:128710	CHUA_RO	khong_du_nguon	0
OMIM:128800	CHUA_RO	khong_du_nguon	0
OMIM:128980	CHUA_RO	khong_du_nguon	0
OMIM:129000	CHUA_RO	khong_du_nguon	0
OMIM:129150	CHUA_RO	khong_du_nguon	0
OMIM:129200	DON_GEN	gene_germline	0
OMIM:129400	DON_GEN	gene_germline	0
OMIM:129490	DON_GEN	gene_germline	0
OMIM:129500	DON_GEN	gene_germline	0
OMIM:129550	CHUA_RO	khong_du_nguon	0
OMIM:129600	DON_GEN	gene_germline	0
OMIM:129750	CHUA_RO	khong_du_nguon	0
OMIM:129840	CHUA_RO	khong_du_nguon	0
OMIM:129850	CHUA_RO	khong_du_nguon	0
OMIM:129900	CHUA_RO	khong_du_nguon	0
OMIM:130000	DON_GEN	gene_germline	0
OMIM:130010	DON_GEN	gene_germline	0
OMIM:130020	CHUA_RO	khong_du_nguon	0
OMIM:130050	DON_GEN	gene_germline	0
OMIM:130060	DON_GEN	gene_germline	0
OMIM:130070	DON_GEN	gene_germline	0
OMIM:130080	DON_GEN	gene_germline	0
OMIM:130100	CHUA_RO	khong_du_nguon	0
OMIM:130180	CHUA_RO	khong_du_nguon	0
OMIM:130190	CHUA_RO	khong_du_nguon	0
OMIM:130200	CHUA_RO	khong_du_nguon	0
OMIM:130300	CHUA_RO	khong_du_nguon	0
OMIM:130400	CHUA_RO	khong_du_nguon	0
OMIM:130600	DON_GEN	gene_germline	0
OMIM:130650	DON_GEN	gene_germline	0
OMIM:130700	CHUA_RO	khong_du_nguon	0
OMIM:130710	CHUA_RO	khong_du_nguon	0
OMIM:130720	DON_GEN	gene_germline	0
OMIM:130900	DON_GEN	gene_germline	0
OMIM:131100	DON_GEN	gene_germline	0
OMIM:131200	CHUA_RO	khong_du_nguon	0
OMIM:131300	DON_GEN	gene_germline	0
OMIM:131400	CHUA_RO	khong_du_nguon	0
OMIM:131430	CHUA_RO	khong_du_nguon	0
OMIM:131440	CHUA_RO	khong_du_nguon	0
OMIM:131450	CHUA_RO	khong_du_nguon	0
OMIM:131460	CHUA_RO	khong_du_nguon	0
OMIM:131705	DON_GEN	gene_germline	0
OMIM:131750	DON_GEN	gene_germline	0
OMIM:131760	DON_GEN	gene_germline	0
OMIM:131800	DON_GEN	gene_germline	0
OMIM:131850	DON_GEN	gene_germline	0
OMIM:131900	DON_GEN	gene_germline	0
OMIM:131950	DON_GEN	gene_germline	0
OMIM:131960	DON_GEN	gene_germline	0
OMIM:132000	DON_GEN	gene_germline	0
OMIM:132090	CHUA_RO	khong_du_nguon	0
OMIM:132100	CHUA_RO	khong_du_nguon	0
OMIM:132300	CHUA_RO	khong_du_nguon	0
OMIM:132400	DON_GEN	gene_germline	0
OMIM:132450	DON_GEN	gene_germline	0
OMIM:132500	CHUA_RO	khong_du_nguon	0
OMIM:132600	DON_GEN	gene_germline	0
OMIM:132700	DON_GEN	gene_germline	0
OMIM:132800	CHUA_RO	khong_du_nguon	0
OMIM:132900	DON_GEN	gene_germline	0
OMIM:132990	CHUA_RO	khong_du_nguon	0
OMIM:133020	DON_GEN	gene_germline	0
OMIM:133100	DON_GEN	gene_germline	0
OMIM:133180	CHUA_RO	khong_du_nguon	0
OMIM:133190	DON_GEN	gene_germline	0
OMIM:133200	DON_GEN	gene_germline	0
OMIM:133239	DON_GEN	gene_germline	1
OMIM:133240	CHUA_RO	khong_du_nguon	0
OMIM:133540	DON_GEN	gene_germline	0
OMIM:133600	CHUA_RO	khong_du_nguon	0
OMIM:133690	CHUA_RO	khong_du_nguon	0
OMIM:133700	DON_GEN	gene_germline	0
OMIM:133701	DON_GEN	gene_germline	0
OMIM:133705	CHUA_RO	khong_du_nguon	0
OMIM:133780	DON_GEN	gene_germline	0
OMIM:133900	CHUA_RO	khong_du_nguon	0
OMIM:134000	CHUA_RO	khong_du_nguon	0
OMIM:134200	CHUA_RO	khong_du_nguon	0
OMIM:134300	CHUA_RO	khong_du_nguon	0
OMIM:134400	CHUA_RO	khong_du_nguon	0
OMIM:134430	CHUA_RO	khong_du_nguon	0
OMIM:134500	DON_GEN	gene_germline	0
OMIM:134510	CHUA_RO	khong_du_nguon	0
OMIM:134540	CHUA_RO	khong_du_nguon	0
OMIM:134600	DON_GEN	gene_germline	0
OMIM:134610	DON_GEN	gene_germline	0
OMIM:134750	CHUA_RO	khong_du_nguon	0
OMIM:134780	CHUA_RO	khong_du_nguon	0
OMIM:135100	DON_GEN	gene_germline	0
OMIM:135150	DON_GEN	gene_germline	0
OMIM:135290	DON_GEN	gene_germline	0
OMIM:135300	DON_GEN	gene_germline	0
OMIM:135400	DON_GEN	gene_germline	0
OMIM:135500	DON_GEN	gene_germline	0
OMIM:135550	CHUA_RO	khong_du_nguon	0
OMIM:135580	CHUA_RO	khong_du_nguon	0
OMIM:135700	DON_GEN	gene_germline	0
OMIM:135750	DON_GEN	gene_germline	0
OMIM:135900	DON_GEN	gene_germline	0
OMIM:135950	CHUA_RO	khong_du_nguon	0
OMIM:136000	DON_GEN	gene_germline	0
OMIM:136100	CHUA_RO	khong_du_nguon	0
OMIM:136120	DON_GEN	gene_germline	0
OMIM:136140	DON_GEN	gene_germline	0
OMIM:136300	CHUA_RO	khong_du_nguon	0
OMIM:136480	CHUA_RO	khong_du_nguon	0
OMIM:136500	CHUA_RO	khong_du_nguon	0
OMIM:136520	DON_GEN	gene_germline	0
OMIM:136550	CHUA_RO	khong_du_nguon	0
OMIM:136570	CNV	mondo_partial_del_dup	1
OMIM:136580	CHUA_RO	khong_du_nguon	0
OMIM:136600	CHUA_RO	khong_du_nguon	0
OMIM:136630	DON_GEN	gene_germline	0
OMIM:136680	DON_GEN	gene_germline	0
OMIM:136760	DON_GEN	gene_germline	0
OMIM:136800	DON_GEN	gene_germline	0
OMIM:136880	DON_GEN	gene_germline	0
OMIM:136900	DON_GEN	gene_germline	0
OMIM:137000	CHUA_RO	khong_du_nguon	0
OMIM:137040	CHUA_RO	khong_du_nguon	0
OMIM:137100	CHUA_RO	khong_du_nguon	0
OMIM:137130	CHUA_RO	khong_du_nguon	0
OMIM:137200	DON_GEN	gene_germline	0
OMIM:137215	DON_GEN	gene_germline	1
OMIM:137245	DON_GEN	gene_germline	1
OMIM:137270	CHUA_RO	khong_du_nguon	0
OMIM:137280	CHUA_RO	khong_du_nguon	0
OMIM:137360	CHUA_RO	khong_du_nguon	0
OMIM:137440	DON_GEN	gene_germline	0
OMIM:137550	DON_GEN	gene_germline	0
OMIM:137575	CHUA_RO	khong_du_nguon	0
OMIM:137580	DON_GEN	gene_germline	0
OMIM:137600	DON_GEN	gene_germline	0
OMIM:137750	DON_GEN	gene_germline	0
OMIM:137760	DON_GEN	gene_germline	0
OMIM:137763	CHUA_RO	khong_du_nguon	0
OMIM:137800	DON_GEN	gene_germline	0
OMIM:137900	CHUA_RO	khong_du_nguon	0
OMIM:137920	DON_GEN	gene_germline	0
OMIM:137940	DON_GEN	gene_germline	0
OMIM:137950	CHUA_RO	khong_du_nguon	0
OMIM:138000	DON_GEN	gene_germline	0
OMIM:138070	CHUA_RO	khong_du_nguon	0
OMIM:138500	DON_GEN	gene_germline	0
OMIM:138800	DON_GEN	gene_germline	0
OMIM:138900	DON_GEN	gene_germline	0
OMIM:138930	CHUA_RO	khong_du_nguon	0
OMIM:139000	CHUA_RO	khong_du_nguon	0
OMIM:139090	DON_GEN	gene_germline	0
OMIM:139210	DON_GEN	gene_germline	0
OMIM:139300	DON_GEN	gene_germline	0
OMIM:139393	DON_GEN	gene_germline	0
OMIM:139450	CHUA_RO	khong_du_nguon	0
OMIM:139500	CHUA_RO	khong_du_nguon	0
OMIM:139600	CHUA_RO	khong_du_nguon	0
OMIM:139630	CHUA_RO	khong_du_nguon	0
OMIM:139650	CHUA_RO	khong_du_nguon	0
OMIM:140000	DON_GEN	gene_germline	0
OMIM:140300	CHUA_RO	khong_du_nguon	0
OMIM:140350	DON_GEN	gene_germline	0
OMIM:140400	CHUA_RO	khong_du_nguon	0
OMIM:140450	CHUA_RO	khong_du_nguon	0
OMIM:140600	CHUA_RO	khong_du_nguon	0
OMIM:140700	DON_GEN	gene_germline	0
OMIM:140850	CHUA_RO	khong_du_nguon	0
OMIM:140900	CHUA_RO	khong_du_nguon	0
OMIM:141000	CHUA_RO	khong_du_nguon	0
OMIM:141200	DON_GEN	gene_germline	0
OMIM:141300	CHUA_RO	khong_du_nguon	0
OMIM:141350	CHUA_RO	khong_du_nguon	0
OMIM:141400	CHUA_RO	khong_du_nguon	0
OMIM:141405	CHUA_RO	khong_du_nguon	0
OMIM:141500	DON_GEN	gene_germline	0
OMIM:141749	DON_GEN	gene_germline	0
OMIM:141750	CNV	mondo_partial_del_dup	0
OMIM:142000	CHUA_RO	khong_du_nguon	0
OMIM:142309	CHUA_RO	khong_du_nguon	0
OMIM:142330	DON_GEN	gene_germline	0
OMIM:142335	CHUA_RO	khong_du_nguon	0
OMIM:142340	CHUA_RO	khong_du_nguon	0
OMIM:142350	CHUA_RO	khong_du_nguon	0
OMIM:142395	CHUA_RO	khong_du_nguon	0
OMIM:142400	CHUA_RO	khong_du_nguon	0
OMIM:142470	CHUA_RO	khong_du_nguon	0
OMIM:142623	CHUA_RO	khong_du_nguon	0
OMIM:142630	CHUA_RO	khong_du_nguon	0
OMIM:142669	DON_GEN	gene_germline	0
OMIM:142680	DON_GEN	gene_germline	0
OMIM:142690	DON_GEN	gene_germline	0
OMIM:142700	CHUA_RO	khong_du_nguon	0
OMIM:142900	DON_GEN	gene_germline	0
OMIM:142945	DON_GEN	gene_germline	0
OMIM:142946	DON_GEN	gene_germline	0
OMIM:143000	CHUA_RO	khong_du_nguon	0
OMIM:143050	CHUA_RO	khong_du_nguon	0
OMIM:143095	DON_GEN	gene_germline	0
OMIM:143100	DON_GEN	gene_germline	0
OMIM:143200	DON_GEN	gene_germline	0
OMIM:143400	DON_GEN	gene_germline	0
OMIM:143465	CHUA_RO	khong_du_nguon	0
OMIM:143470	DON_GEN	gene_germline	0
OMIM:143500	DON_GEN	gene_germline	0
OMIM:143850	CHUA_RO	khong_du_nguon	0
OMIM:143860	DON_GEN	gene_germline	0
OMIM:143870	CHUA_RO	khong_du_nguon	0
OMIM:143880	DON_GEN	gene_germline	0
OMIM:143890	DON_GEN	gene_germline	0
OMIM:144010	DON_GEN	gene_germline	0
OMIM:144020	CHUA_RO	khong_du_nguon	0
OMIM:144050	CHUA_RO	khong_du_nguon	0
OMIM:144100	CHUA_RO	khong_du_nguon	0
OMIM:144110	CHUA_RO	khong_du_nguon	0
OMIM:144150	CHUA_RO	khong_du_nguon	0
OMIM:144200	DON_GEN	gene_germline	0
OMIM:144250	DON_GEN	gene_germline	0
OMIM:144300	CHUA_RO	khong_du_nguon	0
OMIM:144650	DON_GEN	gene_germline	0
OMIM:144700	DON_GEN	gene_germline	1
OMIM:144750	DON_GEN	gene_germline	0
OMIM:144755	DON_GEN	gene_germline	0
OMIM:145000	DON_GEN	gene_germline	0
OMIM:145001	DON_GEN	gene_germline	0
OMIM:145100	CHUA_RO	khong_du_nguon	0
OMIM:145200	CHUA_RO	khong_du_nguon	0
OMIM:145250	DON_GEN	gene_germline	0
OMIM:145260	CHUA_RO	khong_du_nguon	0
OMIM:145300	CHUA_RO	khong_du_nguon	0
OMIM:145350	DON_GEN	gene_germline	0
OMIM:145400	CHUA_RO	khong_du_nguon	0
OMIM:145420	DON_GEN	gene_germline	0
OMIM:145500	DON_GEN	gene_germline	0
OMIM:145590	CHUA_RO	khong_du_nguon	0
OMIM:145600	CHUA_RO	khong_du_nguon	0
OMIM:145650	DON_GEN	gene_germline	0
OMIM:145680	DON_GEN	gene_germline	0
OMIM:145700	CHUA_RO	khong_du_nguon	0
OMIM:145701	CHUA_RO	khong_du_nguon	0
OMIM:145750	CHUA_RO	khong_du_nguon	0
OMIM:145900	DON_GEN	gene_germline	0
OMIM:145980	DON_GEN	gene_germline	0
OMIM:145981	DON_GEN	gene_germline	0
OMIM:146000	DON_GEN	gene_germline	0
OMIM:146110	DON_GEN	gene_germline	0
OMIM:146160	CHUA_RO	khong_du_nguon	0
OMIM:146200	DON_GEN	gene_germline	0
OMIM:146255	CNV	mondo_partial_del_dup	1
OMIM:146300	DON_GEN	gene_germline	0
OMIM:146350	CHUA_RO	khong_du_nguon	0
OMIM:146390	CNV	mondo_partial_del_dup	0
OMIM:146450	CHUA_RO	khong_du_nguon	0
OMIM:146500	CHUA_RO	khong_du_nguon	0
OMIM:146510	DON_GEN	gene_germline	0
OMIM:146520	DON_GEN	gene_germline	0
OMIM:146550	DON_GEN	gene_germline	0
OMIM:146590	DON_GEN	gene_germline	0
OMIM:146600	DON_GEN	gene_germline	0
OMIM:146700	DON_GEN	gene_germline	0
OMIM:146720	CHUA_RO	khong_du_nguon	0
OMIM:146750	DON_GEN	gene_germline	0
OMIM:146800	DON_GEN	gene_germline	0
OMIM:146830	CHUA_RO	khong_du_nguon	0
OMIM:146850	CHUA_RO	khong_du_nguon	0
OMIM:147050	CHUA_RO	khong_du_nguon	0
OMIM:147060	DON_GEN	gene_germline	0
OMIM:147250	DON_GEN	gene_germline	0
OMIM:147251	CHUA_RO	khong_du_nguon	0
OMIM:147300	CHUA_RO	khong_du_nguon	0
OMIM:147350	CHUA_RO	khong_du_nguon	0
OMIM:147400	CHUA_RO	khong_du_nguon	0
OMIM:147421	CHUA_RO	khong_du_nguon	0
OMIM:147430	DON_GEN	gene_germline	0
OMIM:147480	DON_GEN	gene_germline	0
OMIM:147630	DON_GEN	gene_germline	0
OMIM:147710	CHUA_RO	khong_du_nguon	0
OMIM:147750	DON_GEN	gene_germline	0
OMIM:147791	CNV	mondo_partial_del_dup	0
OMIM:147800	CHUA_RO	khong_du_nguon	0
OMIM:147820	CHUA_RO	khong_du_nguon	0
OMIM:147891	DON_GEN	gene_germline	0
OMIM:147920	DON_GEN	gene_germline	0
OMIM:147950	DON_GEN	gene_germline	0
OMIM:148000	CHUA_RO	khong_du_nguon	0
OMIM:148050	DON_GEN	gene_germline	0
OMIM:148100	CHUA_RO	khong_du_nguon	0
OMIM:148190	DON_GEN	gene_germline	0
OMIM:148200	DON_GEN	gene_germline	0
OMIM:148210	DON_GEN	gene_germline	0
OMIM:148300	DON_GEN	gene_germline	0
OMIM:148350	DON_GEN	gene_germline	0
OMIM:148370	DON_GEN	gene_germline	0
OMIM:148500	DON_GEN	gene_germline	1
OMIM:148520	CHUA_RO	khong_du_nguon	0
OMIM:148600	DON_GEN	gene_germline	0
OMIM:148700	DON_GEN	gene_germline	0
OMIM:148730	CHUA_RO	khong_du_nguon	0
OMIM:148800	CHUA_RO	khong_du_nguon	0
OMIM:148820	DON_GEN	gene_germline	0
OMIM:148840	CHUA_RO	khong_du_nguon	0
OMIM:149000	CHUA_RO	khong_du_nguon	0
OMIM:149100	CHUA_RO	khong_du_nguon	0
OMIM:149200	DON_GEN	gene_germline	0
OMIM:149300	CHUA_RO	khong_du_nguon	0
OMIM:149400	DON_GEN	gene_germline	0
OMIM:149500	CHUA_RO	khong_du_nguon	0
OMIM:149600	CHUA_RO	khong_du_nguon	0
OMIM:149700	DON_GEN	gene_germline	0
OMIM:149730	DON_GEN	gene_germline	0
OMIM:150170	CHUA_RO	khong_du_nguon	0
OMIM:150230	CNV	mondo_partial_del_dup	0
OMIM:150250	DON_GEN	gene_germline	0
OMIM:150260	CHUA_RO	khong_du_nguon	0
OMIM:150270	CHUA_RO	khong_du_nguon	0
OMIM:150280	CHUA_RO	khong_du_nguon	0
OMIM:150300	CHUA_RO	khong_du_nguon	0
OMIM:150400	DON_GEN	gene_germline	0
OMIM:150550	DON_GEN	gene_germline	0
OMIM:150600	DON_GEN	gene_germline	0
OMIM:150699	CHUA_RO	khong_du_nguon	0
OMIM:150700	CNV	mondo_partial_del_dup	0
OMIM:150800	DON_GEN	gene_germline	1
OMIM:150900	CHUA_RO	khong_du_nguon	0
OMIM:151000	CHUA_RO	khong_du_nguon	0
OMIM:151001	CHUA_RO	khong_du_nguon	0
OMIM:151050	DON_GEN	gene_germline	0
OMIM:151100	DON_GEN	gene_germline	0
OMIM:151200	CNV	ten_benh	0
OMIM:151210	DON_GEN	gene_germline	0
OMIM:151380	CHUA_RO	khong_du_nguon	0
OMIM:151400	CHUA_RO	khong_du_nguon	0
OMIM:151500	CHUA_RO	khong_du_nguon	0
OMIM:151600	DON_GEN	gene_germline	0
OMIM:151610	CHUA_RO	khong_du_nguon	0
OMIM:151620	CHUA_RO	khong_du_nguon	0
OMIM:151623	DON_GEN	gene_germline	0
OMIM:151630	CHUA_RO	khong_du_nguon	0
OMIM:151640	CHUA_RO	khong_du_nguon	0
OMIM:151660	DON_GEN	gene_germline	0
OMIM:151700	CHUA_RO	khong_du_nguon	0
OMIM:151800	DON_GEN	gene_germline	0
OMIM:151900	CHUA_RO	khong_du_nguon	0
OMIM:152420	CHUA_RO	khong_du_nguon	0
OMIM:152550	CHUA_RO	khong_du_nguon	0
OMIM:152600	CHUA_RO	khong_du_nguon	0
OMIM:152700	CHUA_RO	khong_du_nguon	0
OMIM:152800	CHUA_RO	khong_du_nguon	0
OMIM:152900	CHUA_RO	khong_du_nguon	0
OMIM:152950	DON_GEN	gene_germline	0
OMIM:153100	DON_GEN	gene_germline	0
OMIM:153200	CHUA_RO	khong_du_nguon	0
OMIM:153300	DON_GEN	gene_germline	0
OMIM:153400	DON_GEN	gene_germline	0
OMIM:153470	CHUA_RO	khong_du_nguon	0
OMIM:153550	CNV	mondo_partial_del_dup	1
OMIM:153600	DON_GEN	gene_germline	0
OMIM:153670	DON_GEN	gene_germline	0
OMIM:153700	DON_GEN	gene_germline	0
OMIM:153800	CHUA_RO	khong_du_nguon	0
OMIM:153840	CHUA_RO	khong_du_nguon	0
OMIM:153870	DON_GEN	gene_germline	0
OMIM:153880	CHUA_RO	khong_du_nguon	0
OMIM:153890	CHUA_RO	khong_du_nguon	0
OMIM:154020	DON_GEN	gene_germline	0
OMIM:154230	CHUA_RO	khong_du_nguon	0
OMIM:154275	CHUA_RO	khong_du_nguon	0
OMIM:154276	CHUA_RO	khong_du_nguon	0
OMIM:154300	CHUA_RO	khong_du_nguon	0
OMIM:154400	DON_GEN	gene_germline	0
OMIM:154500	DON_GEN	gene_germline	0
OMIM:154570	CHUA_RO	khong_du_nguon	0
OMIM:154600	CHUA_RO	khong_du_nguon	0
OMIM:154700	DON_GEN	gene_germline	0
OMIM:154780	DON_GEN	gene_germline	0
OMIM:154800	DON_GEN	gene_germline	0
OMIM:155000	CHUA_RO	khong_du_nguon	0
OMIM:155050	CHUA_RO	khong_du_nguon	0
OMIM:155100	DON_GEN	gene_germline	0
OMIM:155140	CHUA_RO	khong_du_nguon	0
OMIM:155145	CHUA_RO	khong_du_nguon	0
OMIM:155200	CHUA_RO	khong_du_nguon	0
OMIM:155240	DON_GEN	gene_germline	1
OMIM:155255	DON_GEN	gene_germline	0
OMIM:155310	DON_GEN	gene_germline	0
OMIM:155350	CHUA_RO	khong_du_nguon	0
OMIM:155500	DON_GEN	gene_germline	0
OMIM:155600	DON_GEN	gene_germline	0
OMIM:155601	CHUA_RO	khong_du_nguon	0
OMIM:155700	CHUA_RO	khong_du_nguon	0
OMIM:155720	DON_GEN	gene_germline	0
OMIM:155755	CHUA_RO	khong_du_nguon	0
OMIM:155900	CHUA_RO	khong_du_nguon	0
OMIM:155950	DON_GEN	gene_germline	0
OMIM:155980	CHUA_RO	khong_du_nguon	0
OMIM:156000	CHUA_RO	khong_du_nguon	0
OMIM:156190	CHUA_RO	khong_du_nguon	0
OMIM:156200	DON_GEN	gene_germline	0
OMIM:156220	CHUA_RO	khong_du_nguon	0
OMIM:156232	CHUA_RO	khong_du_nguon	0
OMIM:156240	DON_GEN	gene_germline	0
OMIM:156250	DON_GEN	gene_germline	0
OMIM:156400	DON_GEN	gene_germline	0
OMIM:156500	DON_GEN	gene_germline	0
OMIM:156510	DON_GEN	gene_germline	0
OMIM:156520	CHUA_RO	khong_du_nguon	0
OMIM:156530	DON_GEN	gene_germline	0
OMIM:156550	DON_GEN	gene_germline	0
OMIM:156600	CHUA_RO	khong_du_nguon	0
OMIM:156610	DON_GEN	gene_germline	0
OMIM:156700	CHUA_RO	khong_du_nguon	0
OMIM:156830	CHUA_RO	khong_du_nguon	0
OMIM:156850	CHUA_RO	khong_du_nguon	0
OMIM:156900	CHUA_RO	khong_du_nguon	0
OMIM:157170	DON_GEN	gene_germline	0
OMIM:157300	CHUA_RO	khong_du_nguon	0
OMIM:157400	CHUA_RO	khong_du_nguon	0
OMIM:157600	DON_GEN	gene_germline	0
OMIM:157640	DON_GEN	gene_germline	0
OMIM:157700	CHUA_RO	khong_du_nguon	0
OMIM:157800	DON_GEN	gene_germline	0
OMIM:157900	DON_GEN	gene_germline	0
OMIM:157950	CHUA_RO	khong_du_nguon	0
OMIM:157980	CHUA_RO	khong_du_nguon	0
OMIM:158000	DON_GEN	gene_germline	0
OMIM:158100	CHUA_RO	khong_du_nguon	0
OMIM:158170	CNV	mondo_partial_del_dup	0
OMIM:158250	CHUA_RO	khong_du_nguon	0
OMIM:158280	CHUA_RO	khong_du_nguon	0
OMIM:158300	DON_GEN	gene_germline	0
OMIM:158310	DON_GEN	gene_germline	0
OMIM:158320	DON_GEN	gene_germline	0
OMIM:158330	DON_GEN	gene_germline	0
OMIM:158345	CHUA_RO	khong_du_nguon	0
OMIM:158350	DON_GEN	gene_germline	0
OMIM:158580	DON_GEN	gene_germline	0
OMIM:158590	DON_GEN	gene_germline	0
OMIM:158600	DON_GEN	gene_germline	0
OMIM:158650	CHUA_RO	khong_du_nguon	0
OMIM:158800	CHUA_RO	khong_du_nguon	0
OMIM:158810	DON_GEN	gene_germline	0
OMIM:158900	DON_GEN	gene_germline	0
OMIM:158901	DON_GEN	gene_germline	0
OMIM:159050	CHUA_RO	khong_du_nguon	0
OMIM:159400	CHUA_RO	khong_du_nguon	0
OMIM:159410	CHUA_RO	khong_du_nguon	0
OMIM:159500	CHUA_RO	khong_du_nguon	0
OMIM:159550	DON_GEN	gene_germline	0
OMIM:159580	CHUA_RO	khong_du_nguon	0
OMIM:159595	DON_GEN	gene_germline	0
OMIM:159600	CHUA_RO	khong_du_nguon	0
OMIM:159800	CHUA_RO	khong_du_nguon	0
OMIM:159900	DON_GEN	gene_germline	0
OMIM:159950	DON_GEN	gene_germline	0
OMIM:160010	CHUA_RO	khong_du_nguon	0
OMIM:160120	DON_GEN	gene_germline	0
OMIM:160150	DON_GEN	gene_germline	0
OMIM:160500	DON_GEN	gene_germline	0
OMIM:160565	DON_GEN	gene_germline	0
OMIM:160700	CHUA_RO	khong_du_nguon	0
OMIM:160750	CHUA_RO	khong_du_nguon	0
OMIM:160800	DON_GEN	gene_germline	0
OMIM:160900	DON_GEN	gene_germline	0
OMIM:160980	DON_GEN	gene_germline	0
OMIM:161000	DON_GEN	gene_germline	0
OMIM:161050	DON_GEN	gene_germline	0
OMIM:161070	CHUA_RO	khong_du_nguon	0
OMIM:161080	CHUA_RO	khong_du_nguon	0
OMIM:161100	CHUA_RO	khong_du_nguon	0
OMIM:161200	DON_GEN	gene_germline	0
OMIM:161400	DON_GEN	gene_germline	0
OMIM:161470	CHUA_RO	khong_du_nguon	0
OMIM:161480	CHUA_RO	khong_du_nguon	0
OMIM:161500	CHUA_RO	khong_du_nguon	0
OMIM:161530	CHUA_RO	khong_du_nguon	0
OMIM:161550	CHUA_RO	khong_du_nguon	0
OMIM:161600	CHUA_RO	khong_du_nguon	0
OMIM:161700	CHUA_RO	khong_du_nguon	0
OMIM:161800	DON_GEN	gene_germline	0
OMIM:161900	CHUA_RO	khong_du_nguon	0
OMIM:161950	CHUA_RO	khong_du_nguon	0
OMIM:162000	DON_GEN	gene_germline	0
OMIM:162091	CHUA_RO	khong_du_nguon	0
OMIM:162100	DON_GEN	gene_germline	0
OMIM:162200	DON_GEN	gene_germline	0
OMIM:162210	DON_GEN	gene_germline	0
OMIM:162260	CHUA_RO	khong_du_nguon	0
OMIM:162300	DON_GEN	gene_germline	0
OMIM:162350	DON_GEN	gene_germline	0
OMIM:162370	CHUA_RO	khong_du_nguon	0
OMIM:162400	DON_GEN	gene_germline	0
OMIM:162500	CNV	mondo_partial_del_dup	1
OMIM:162700	CHUA_RO	khong_du_nguon	0
OMIM:162800	DON_GEN	gene_germline	0
OMIM:162830	DON_GEN	gene_germline	0
OMIM:162900	DON_GEN	gene_germline	0
OMIM:163000	DON_GEN	gene_germline	0
OMIM:163100	CHUA_RO	khong_du_nguon	0
OMIM:163200	DON_GEN	gene_germline	0
OMIM:163400	CHUA_RO	khong_du_nguon	0
OMIM:163500	DON_GEN	gene_germline	0
OMIM:163600	CHUA_RO	khong_du_nguon	0
OMIM:163700	CHUA_RO	khong_du_nguon	0
OMIM:163800	DON_GEN	gene_germline	0
OMIM:163850	CHUA_RO	khong_du_nguon	0
OMIM:163950	DON_GEN	gene_germline	0
OMIM:164100	CHUA_RO	khong_du_nguon	0
OMIM:164170	CHUA_RO	khong_du_nguon	0
OMIM:164180	CHUA_RO	khong_du_nguon	0
OMIM:164185	CHUA_RO	khong_du_nguon	0
OMIM:164190	CHUA_RO	khong_du_nguon	0
OMIM:164200	DON_GEN	gene_germline	0
OMIM:164210	DON_GEN	gene_germline	0
OMIM:164220	CHUA_RO	khong_du_nguon	0
OMIM:164230	CHUA_RO	khong_du_nguon	0
OMIM:164280	DON_GEN	gene_germline	0
OMIM:164300	DON_GEN	gene_germline	0
OMIM:164310	DON_GEN	gene_germline	0
OMIM:164400	DON_GEN	gene_germline	0
OMIM:164500	DON_GEN	gene_germline	0
OMIM:164745	DON_GEN	gene_germline	0
OMIM:164750	CHUA_RO	khong_du_nguon	0
OMIM:164800	CHUA_RO	khong_du_nguon	0
OMIM:164900	CHUA_RO	khong_du_nguon	0
OMIM:165000	CHUA_RO	khong_du_nguon	0
OMIM:165098	CHUA_RO	khong_du_nguon	0
OMIM:165150	CHUA_RO	khong_du_nguon	0
OMIM:165199	CHUA_RO	khong_du_nguon	0
OMIM:165300	DON_GEN	gene_germline	0
OMIM:165500	DON_GEN	gene_germline	0
OMIM:165510	DON_GEN	gene_germline	0
OMIM:165550	DON_GEN	gene_germline	0
OMIM:165600	CHUA_RO	khong_du_nguon	0
OMIM:165660	CHUA_RO	khong_du_nguon	0
OMIM:165670	CHUA_RO	khong_du_nguon	0
OMIM:165680	CHUA_RO	khong_du_nguon	0
OMIM:165700	CHUA_RO	khong_du_nguon	0
OMIM:165720	CHUA_RO	khong_du_nguon	0
OMIM:165800	DON_GEN	gene_germline	0
OMIM:166000	DON_GEN	gene_germline	0
OMIM:166200	DON_GEN	gene_germline	0
OMIM:166210	DON_GEN	gene_germline	0
OMIM:166220	DON_GEN	gene_germline	0
OMIM:166250	DON_GEN	gene_germline	0
OMIM:166260	DON_GEN	gene_germline	0
OMIM:166300	DON_GEN	gene_germline	0
OMIM:166350	DON_GEN	gene_germline	0
OMIM:166400	CHUA_RO	khong_du_nguon	0
OMIM:166450	CHUA_RO	khong_du_nguon	0
OMIM:166600	DON_GEN	gene_germline	0
OMIM:166700	DON_GEN	gene_germline	0
OMIM:166705	CHUA_RO	khong_du_nguon	0
OMIM:166710	CHUA_RO	khong_du_nguon	0
OMIM:166740	CHUA_RO	khong_du_nguon	0
OMIM:166750	CNV	mondo_partial_del_dup	0
OMIM:166760	CHUA_RO	khong_du_nguon	0
OMIM:166780	DON_GEN	gene_germline	0
OMIM:166800	CHUA_RO	khong_du_nguon	0
OMIM:166900	DON_GEN	gene_germline	0
OMIM:166910	CHUA_RO	khong_du_nguon	0
OMIM:166950	CHUA_RO	khong_du_nguon	0
OMIM:166970	CHUA_RO	khong_du_nguon	0
OMIM:166990	CHUA_RO	khong_du_nguon	0
OMIM:167000	DON_GEN	gene_germline	1
OMIM:167030	DON_GEN	gene_germline	0
OMIM:167100	DON_GEN	gene_germline	0
OMIM:167200	DON_GEN	gene_germline	0
OMIM:167210	DON_GEN	gene_germline	0
OMIM:167220	CHUA_RO	khong_du_nguon	0
OMIM:167250	DON_GEN	gene_germline	0
OMIM:167300	CHUA_RO	khong_du_nguon	0
OMIM:167320	DON_GEN	gene_germline	0
OMIM:167400	DON_GEN	gene_germline	0
OMIM:167500	CHUA_RO	khong_du_nguon	0
OMIM:167600	CHUA_RO	khong_du_nguon	0
OMIM:167730	CHUA_RO	khong_du_nguon	0
OMIM:167750	CHUA_RO	khong_du_nguon	0
OMIM:167800	DON_GEN	gene_germline	0
OMIM:167870	CHUA_RO	khong_du_nguon	0
OMIM:167900	CHUA_RO	khong_du_nguon	0
OMIM:167950	CHUA_RO	khong_du_nguon	0
OMIM:168000	DON_GEN	gene_germline	0
OMIM:168200	CHUA_RO	khong_du_nguon	0
OMIM:168300	DON_GEN	gene_germline	0
OMIM:168400	DON_GEN	gene_germline	0
OMIM:168500	DON_GEN	gene_germline	0
OMIM:168550	DON_GEN	gene_germline	0
OMIM:168600	DON_GEN	gene_germline	0
OMIM:168601	DON_GEN	gene_germline	0
OMIM:168605	DON_GEN	gene_germline	0
OMIM:168800	CHUA_RO	khong_du_nguon	0
OMIM:168820	CHUA_RO	khong_du_nguon	0
OMIM:168860	CHUA_RO	khong_du_nguon	0
OMIM:168900	CHUA_RO	khong_du_nguon	0
OMIM:169100	DON_GEN	gene_germline	0
OMIM:169150	DON_GEN	gene_germline	0
OMIM:169200	CHUA_RO	khong_du_nguon	0
OMIM:169400	DON_GEN	gene_germline	0
OMIM:169500	CNV	mondo_partial_del_dup	1
OMIM:169545	CHUA_RO	khong_du_nguon	0
OMIM:169550	CHUA_RO	khong_du_nguon	0
OMIM:169600	DON_GEN	gene_germline	0
OMIM:169610	CHUA_RO	khong_du_nguon	0
OMIM:170100	DON_GEN	gene_germline	0
OMIM:170390	DON_GEN	gene_germline	0
OMIM:170400	DON_GEN	gene_germline	0
OMIM:170500	DON_GEN	gene_germline	0
OMIM:170650	DON_GEN	gene_germline	0
OMIM:170700	CHUA_RO	khong_du_nguon	0
OMIM:170900	CHUA_RO	khong_du_nguon	0
OMIM:170980	CHUA_RO	khong_du_nguon	0
OMIM:171000	CHUA_RO	khong_du_nguon	0
OMIM:171200	DON_GEN	gene_germline	0
OMIM:171300	DON_GEN	gene_germline	0
OMIM:171400	DON_GEN	gene_germline	0
OMIM:171420	CHUA_RO	khong_du_nguon	0
OMIM:171450	CHUA_RO	khong_du_nguon	0
OMIM:172150	CHUA_RO	khong_du_nguon	0
OMIM:172700	DON_GEN	gene_germline	0
OMIM:172800	DON_GEN	gene_germline	0
OMIM:172850	CHUA_RO	khong_du_nguon	0
OMIM:172870	DON_GEN	gene_germline	0
OMIM:172880	CHUA_RO	khong_du_nguon	0
OMIM:173000	CHUA_RO	khong_du_nguon	0
OMIM:173100	DON_GEN	gene_germline	0
OMIM:173200	DON_GEN	gene_germline	0
OMIM:173420	CHUA_RO	khong_du_nguon	0
OMIM:173590	CHUA_RO	khong_du_nguon	0
OMIM:173600	DON_GEN	gene_germline	0
OMIM:173650	DON_GEN	gene_germline	0
OMIM:173800	CHUA_RO	khong_du_nguon	0
OMIM:173900	DON_GEN	gene_germline	0
OMIM:174000	DON_GEN	gene_germline	0
OMIM:174050	DON_GEN	gene_germline	0
OMIM:174200	DON_GEN	gene_germline	0
OMIM:174300	DON_GEN	gene_germline	0
OMIM:174310	CHUA_RO	khong_du_nguon	0
OMIM:174400	DON_GEN	gene_germline	0
OMIM:174500	CHUA_RO	khong_du_nguon	0
OMIM:174600	CHUA_RO	khong_du_nguon	0
OMIM:174700	DON_GEN	gene_germline	0
OMIM:174770	CHUA_RO	khong_du_nguon	0
OMIM:174800	DON_GEN	gene_germline	0
OMIM:174810	DON_GEN	gene_germline	0
OMIM:174900	DON_GEN	gene_germline	0
OMIM:175050	DON_GEN	gene_germline	0
OMIM:175100	DON_GEN	gene_germline	0
OMIM:175200	DON_GEN	gene_germline	0
OMIM:175400	CHUA_RO	khong_du_nguon	0
OMIM:175450	CHUA_RO	khong_du_nguon	0
OMIM:175500	CHUA_RO	khong_du_nguon	0
OMIM:175510	DON_GEN	gene_germline	1
OMIM:175700	DON_GEN	gene_germline	0
OMIM:175750	CHUA_RO	khong_du_nguon	0
OMIM:175780	DON_GEN	gene_germline	0
OMIM:175800	DON_GEN	gene_germline	0
OMIM:175850	CHUA_RO	khong_du_nguon	0
OMIM:175860	CHUA_RO	khong_du_nguon	0
OMIM:175900	DON_GEN	gene_germline	0
OMIM:176000	DON_GEN	gene_germline	0
OMIM:176090	CHUA_RO	khong_du_nguon	0
OMIM:176100	DON_GEN	gene_germline	0
OMIM:176200	DON_GEN	gene_germline	0
OMIM:176240	CHUA_RO	khong_du_nguon	0
OMIM:176250	CHUA_RO	khong_du_nguon	0
OMIM:176270	CNV	mondo_chromosomal_khac	1
OMIM:176305	DON_GEN	gene_germline	0
OMIM:176400	DON_GEN	gene_germline	0
OMIM:176410	DON_GEN	gene_germline	0
OMIM:176430	DON_GEN	gene_germline	0
OMIM:176450	DON_GEN	gene_germline	0
OMIM:176500	DON_GEN	gene_germline	0
OMIM:176600	CHUA_RO	khong_du_nguon	0
OMIM:176630	CHUA_RO	khong_du_nguon	0
OMIM:176670	DON_GEN	gene_germline	0
OMIM:176690	CHUA_RO	khong_du_nguon	0
OMIM:176700	CHUA_RO	khong_du_nguon	0
OMIM:176780	CHUA_RO	khong_du_nguon	0
OMIM:176807	DON_GEN	gene_germline	1
OMIM:176860	DON_GEN	gene_germline	0
OMIM:176920	DON_GEN	gene_germline	0
OMIM:177000	DON_GEN	gene_germline	0
OMIM:177050	CHUA_RO	khong_du_nguon	0
OMIM:177100	CHUA_RO	khong_du_nguon	0
OMIM:177170	DON_GEN	gene_germline	0
OMIM:177200	DON_GEN	gene_germline	0
OMIM:177350	CHUA_RO	khong_du_nguon	0
OMIM:177650	CHUA_RO	khong_du_nguon	0
OMIM:177700	CHUA_RO	khong_du_nguon	0
OMIM:177735	DON_GEN	gene_germline	0
OMIM:177820	DON_GEN	gene_germline	0
OMIM:177850	DON_GEN	gene_germline	0
OMIM:177900	CHUA_RO	khong_du_nguon	0
OMIM:177980	CHUA_RO	khong_du_nguon	0
OMIM:177990	CHUA_RO	khong_du_nguon	0
OMIM:178000	CHUA_RO	khong_du_nguon	0
OMIM:178110	DON_GEN	gene_germline	0
OMIM:178200	CHUA_RO	khong_du_nguon	0
OMIM:178300	CHUA_RO	khong_du_nguon	0
OMIM:178330	CHUA_RO	khong_du_nguon	0
OMIM:178350	CHUA_RO	khong_du_nguon	0
OMIM:178370	CHUA_RO	khong_du_nguon	0
OMIM:178400	CHUA_RO	khong_du_nguon	0
OMIM:178500	DON_GEN	gene_germline	0
OMIM:178550	CHUA_RO	khong_du_nguon	0
OMIM:178600	DON_GEN	gene_germline	0
OMIM:178650	CHUA_RO	khong_du_nguon	0
OMIM:178651	CHUA_RO	khong_du_nguon	0
OMIM:178900	CHUA_RO	khong_du_nguon	0
OMIM:178995	CHUA_RO	khong_du_nguon	0
OMIM:179010	CHUA_RO	khong_du_nguon	0
OMIM:179200	CHUA_RO	khong_du_nguon	0
OMIM:179250	CHUA_RO	khong_du_nguon	0
OMIM:179270	CHUA_RO	khong_du_nguon	0
OMIM:179280	CHUA_RO	khong_du_nguon	0
OMIM:179300	CHUA_RO	khong_du_nguon	0
OMIM:179400	CHUA_RO	khong_du_nguon	0
OMIM:179500	CHUA_RO	khong_du_nguon	0
OMIM:179600	CHUA_RO	khong_du_nguon	0
OMIM:179613	CNV	mondo_chromosomal_khac	0
OMIM:179700	CHUA_RO	khong_du_nguon	0
OMIM:179800	DON_GEN	gene_germline	0
OMIM:179830	CHUA_RO	khong_du_nguon	0
OMIM:179850	DON_GEN	gene_germline	0
OMIM:180000	DON_GEN	gene_germline	0
OMIM:180020	CHUA_RO	khong_du_nguon	0
OMIM:180100	DON_GEN	gene_germline	0
OMIM:180104	DON_GEN	gene_germline	0
OMIM:180105	DON_GEN	gene_germline	0
OMIM:180200	DON_GEN	gene_germline	0
OMIM:180210	CHUA_RO	khong_du_nguon	0
OMIM:180295	DON_GEN	gene_germline	0
OMIM:180300	CHUA_RO	khong_du_nguon	0
OMIM:180360	CHUA_RO	khong_du_nguon	0
OMIM:180500	DON_GEN	gene_germline	0
OMIM:180550	DON_GEN	gene_germline	0
OMIM:180600	CHUA_RO	khong_du_nguon	0
OMIM:180700	DON_GEN	gene_germline	0
OMIM:180730	CHUA_RO	khong_du_nguon	0
OMIM:180750	DON_GEN	gene_germline	0
OMIM:180800	DON_GEN	gene_germline	0
OMIM:180849	DON_GEN	gene_germline	0
OMIM:180860	DON_GEN	mondo_chromosomal_mot_gene	1
OMIM:180870	CHUA_RO	khong_du_nguon	0
OMIM:180900	CHUA_RO	khong_du_nguon	0
OMIM:180920	DON_GEN	gene_germline	0
OMIM:181000	CHUA_RO	khong_du_nguon	0
OMIM:181030	DON_GEN	gene_germline	0
OMIM:181180	CHUA_RO	khong_du_nguon	0
OMIM:181250	CHUA_RO	khong_du_nguon	0
OMIM:181270	DON_GEN	gene_germline	0
OMIM:181300	CHUA_RO	khong_du_nguon	0
OMIM:181350	DON_GEN	gene_germline	0
OMIM:181400	DON_GEN	gene_germline	0
OMIM:181405	DON_GEN	gene_germline	0
OMIM:181440	CHUA_RO	khong_du_nguon	0
OMIM:181450	DON_GEN	gene_germline	0
OMIM:181460	CHUA_RO	khong_du_nguon	0
OMIM:181500	DON_GEN	gene_germline	0
OMIM:181510	CHUA_RO	khong_du_nguon	0
OMIM:181600	DON_GEN	gene_germline	0
OMIM:181750	CHUA_RO	khong_du_nguon	0
OMIM:181800	CHUA_RO	khong_du_nguon	0
OMIM:182000	DON_GEN	gene_germline	0
OMIM:182150	CHUA_RO	khong_du_nguon	0
OMIM:182170	DON_GEN	gene_germline	0
OMIM:182190	CHUA_RO	khong_du_nguon	0
OMIM:182200	CHUA_RO	khong_du_nguon	0
OMIM:182210	CHUA_RO	khong_du_nguon	0
OMIM:182212	DON_GEN	gene_germline	0
OMIM:182230	DON_GEN	gene_germline	0
OMIM:182250	DON_GEN	gene_germline	0
OMIM:182255	CHUA_RO	khong_du_nguon	0
OMIM:182260	CHUA_RO	khong_du_nguon	0
OMIM:182280	DON_GEN	gene_germline	1
OMIM:182290	CNV	mondo_partial_del_dup	1
OMIM:182410	DON_GEN	gene_germline	0
OMIM:182600	DON_GEN	gene_germline	0
OMIM:182601	DON_GEN	gene_germline	0
OMIM:182800	CHUA_RO	khong_du_nguon	0
OMIM:182815	CHUA_RO	khong_du_nguon	0
OMIM:182830	CHUA_RO	khong_du_nguon	0
OMIM:182875	CHUA_RO	khong_du_nguon	0
OMIM:182900	DON_GEN	gene_germline	0
OMIM:182940	DON_GEN	gene_germline	0
OMIM:182950	CHUA_RO	khong_du_nguon	0
OMIM:182960	CHUA_RO	khong_du_nguon	0
OMIM:182970	CHUA_RO	khong_du_nguon	0
OMIM:182980	DON_GEN	gene_germline	0
OMIM:183020	CHUA_RO	khong_du_nguon	0
OMIM:183050	CHUA_RO	khong_du_nguon	0
OMIM:183086	DON_GEN	gene_germline	0
OMIM:183090	DON_GEN	gene_germline	0
OMIM:183100	CHUA_RO	khong_du_nguon	0
OMIM:183300	CHUA_RO	khong_du_nguon	0
OMIM:183400	CHUA_RO	khong_du_nguon	0
OMIM:183500	CHUA_RO	khong_du_nguon	0
OMIM:183600	DON_GEN	gene_germline	0
OMIM:183700	CHUA_RO	khong_du_nguon	0
OMIM:183800	CHUA_RO	khong_du_nguon	0
OMIM:183840	CHUA_RO	khong_du_nguon	0
OMIM:183900	DON_GEN	gene_germline	0
OMIM:184095	DON_GEN	gene_germline	0
OMIM:184100	CHUA_RO	khong_du_nguon	0
OMIM:184200	CHUA_RO	khong_du_nguon	0
OMIM:184250	DON_GEN	gene_germline	0
OMIM:184252	DON_GEN	gene_germline	0
OMIM:184253	DON_GEN	gene_germline	0
OMIM:184255	DON_GEN	gene_germline	0
OMIM:184260	DON_GEN	gene_germline	0
OMIM:184300	CHUA_RO	khong_du_nguon	0
OMIM:184400	CHUA_RO	khong_du_nguon	0
OMIM:184450	DON_GEN	gene_germline	0
OMIM:184460	DON_GEN	gene_germline	0
OMIM:184500	DON_GEN	gene_germline	0
OMIM:184510	CHUA_RO	khong_du_nguon	0
OMIM:184700	CHUA_RO	khong_du_nguon	0
OMIM:184705	CHUA_RO	khong_du_nguon	0
OMIM:184840	DON_GEN	gene_germline	0
OMIM:184850	CHUA_RO	khong_du_nguon	0
OMIM:184900	DON_GEN	gene_germline	0
OMIM:185000	DON_GEN	gene_germline	0
OMIM:185020	DON_GEN	gene_germline	0
OMIM:185050	CHUA_RO	khong_du_nguon	0
OMIM:185070	DON_GEN	gene_germline	0
OMIM:185100	CHUA_RO	khong_du_nguon	0
OMIM:185200	CHUA_RO	khong_du_nguon	0
OMIM:185300	DON_GEN	gene_germline	0
OMIM:185460	CHUA_RO	khong_du_nguon	0
OMIM:185480	CHUA_RO	khong_du_nguon	0
OMIM:185500	DON_GEN	gene_germline	0
OMIM:185650	CHUA_RO	khong_du_nguon	0
OMIM:185700	CHUA_RO	khong_du_nguon	0
OMIM:185800	DON_GEN	gene_germline	0
OMIM:185900	CNV	mondo_partial_del_dup	0
OMIM:186000	DON_GEN	gene_germline	0
OMIM:186100	DON_GEN	gene_germline	0
OMIM:186200	DON_GEN	gene_germline	0
OMIM:186300	DON_GEN	gene_germline	0
OMIM:186350	CHUA_RO	khong_du_nguon	0
OMIM:186400	CHUA_RO	khong_du_nguon	0
OMIM:186500	DON_GEN	gene_germline	0
OMIM:186550	DON_GEN	gene_germline	0
OMIM:186570	DON_GEN	gene_germline	0
OMIM:186575	CHUA_RO	khong_du_nguon	0
OMIM:186580	DON_GEN	gene_germline	0
OMIM:186600	CHUA_RO	khong_du_nguon	0
OMIM:186700	CHUA_RO	khong_du_nguon	0
OMIM:186750	CHUA_RO	khong_du_nguon	0
OMIM:187000	DON_GEN	gene_germline	0
OMIM:187050	CHUA_RO	khong_du_nguon	0
OMIM:187260	CHUA_RO	khong_du_nguon	0
OMIM:187300	DON_GEN	gene_germline	0
OMIM:187360	CHUA_RO	khong_du_nguon	0
OMIM:187370	CHUA_RO	khong_du_nguon	0
OMIM:187390	CHUA_RO	khong_du_nguon	0
OMIM:187500	DON_GEN	gene_germline	0
OMIM:187501	CHUA_RO	khong_du_nguon	0
OMIM:187510	CHUA_RO	khong_du_nguon	0
OMIM:187550	CHUA_RO	khong_du_nguon	0
OMIM:187600	DON_GEN	gene_germline	0
OMIM:187601	DON_GEN	gene_germline	0
OMIM:187650	CHUA_RO	khong_du_nguon	0
OMIM:187760	CHUA_RO	khong_du_nguon	0
OMIM:187800	DON_GEN	gene_germline	0
OMIM:187900	DON_GEN	gene_germline	0
OMIM:187950	DON_GEN	gene_germline	0
OMIM:188000	DON_GEN	gene_germline	0
OMIM:188025	CNV	mondo_partial_del_dup	0
OMIM:188030	CHUA_RO	khong_du_nguon	0
OMIM:188050	DON_GEN	gene_germline	0
OMIM:188055	DON_GEN	gene_germline	0
OMIM:188100	CHUA_RO	khong_du_nguon	0
OMIM:188150	CHUA_RO	khong_du_nguon	0
OMIM:188201	CHUA_RO	khong_du_nguon	0
OMIM:188400	CNV	mondo_partial_del_dup	1
OMIM:188470	DON_GEN	gene_germline	1
OMIM:188550	CHUA_RO	khong_du_nguon	0
OMIM:188560	CHUA_RO	khong_du_nguon	0
OMIM:188570	DON_GEN	gene_germline	0
OMIM:188580	CHUA_RO	khong_du_nguon	0
OMIM:188700	CHUA_RO	khong_du_nguon	0
OMIM:188740	CHUA_RO	khong_du_nguon	0
OMIM:188800	CHUA_RO	khong_du_nguon	0
OMIM:189000	CHUA_RO	khong_du_nguon	0
OMIM:189100	CHUA_RO	khong_du_nguon	0
OMIM:189150	CHUA_RO	khong_du_nguon	0
OMIM:189200	CHUA_RO	khong_du_nguon	0
OMIM:189230	CHUA_RO	khong_du_nguon	0
OMIM:189300	CHUA_RO	khong_du_nguon	0
OMIM:189490	CHUA_RO	khong_du_nguon	0
OMIM:189500	DON_GEN	gene_germline	0
OMIM:189600	CHUA_RO	khong_du_nguon	0
OMIM:189800	CHUA_RO	khong_du_nguon	0
OMIM:189960	CHUA_RO	khong_du_nguon	0
OMIM:190100	CHUA_RO	khong_du_nguon	0
OMIM:190200	CHUA_RO	khong_du_nguon	0
OMIM:190300	CHUA_RO	khong_du_nguon	0
OMIM:190310	CHUA_RO	khong_du_nguon	0
OMIM:190320	DON_GEN	gene_germline	0
OMIM:190330	DON_GEN	gene_germline	0
OMIM:190340	CHUA_RO	khong_du_nguon	0
OMIM:190350	DON_GEN	gene_germline	0
OMIM:190351	DON_GEN	gene_germline	0
OMIM:190400	CHUA_RO	khong_du_nguon	0
OMIM:190410	CHUA_RO	khong_du_nguon	0
OMIM:190420	CHUA_RO	khong_du_nguon	0
OMIM:190430	CHUA_RO	khong_du_nguon	0
OMIM:190440	DON_GEN	gene_germline	0
OMIM:190500	CHUA_RO	khong_du_nguon	0
OMIM:190600	CHUA_RO	khong_du_nguon	0
OMIM:190605	DON_GEN	gene_germline	0
OMIM:190650	CHUA_RO	khong_du_nguon	0
OMIM:190680	CHUA_RO	khong_du_nguon	0
OMIM:190685	NST	mondo_aneuploidy	0
OMIM:190800	CHUA_RO	khong_du_nguon	0
OMIM:190900	DON_GEN	gene_germline	0
OMIM:191000	CHUA_RO	khong_du_nguon	0
OMIM:191100	DON_GEN	gene_germline	0
OMIM:191150	CHUA_RO	khong_du_nguon	0
OMIM:191200	CHUA_RO	khong_du_nguon	0
OMIM:191250	CHUA_RO	khong_du_nguon	0
OMIM:191390	CHUA_RO	khong_du_nguon	0
OMIM:191420	CHUA_RO	khong_du_nguon	0
OMIM:191440	CHUA_RO	khong_du_nguon	0
OMIM:191480	DON_GEN	gene_germline	0
OMIM:191500	CHUA_RO	khong_du_nguon	0
OMIM:191520	CHUA_RO	khong_du_nguon	0
OMIM:191530	CHUA_RO	khong_du_nguon	0
OMIM:191550	CHUA_RO	khong_du_nguon	0
OMIM:191650	CHUA_RO	khong_du_nguon	0
OMIM:191800	DON_GEN	gene_germline	0
OMIM:191830	DON_GEN	gene_germline	0
OMIM:191850	CHUA_RO	khong_du_nguon	0
OMIM:191900	DON_GEN	gene_germline	0
OMIM:191950	CHUA_RO	khong_du_nguon	0
OMIM:192000	CHUA_RO	khong_du_nguon	0
OMIM:192100	CHUA_RO	khong_du_nguon	0
OMIM:192200	CHUA_RO	khong_du_nguon	0
OMIM:192310	CHUA_RO	khong_du_nguon	0
OMIM:192315	DON_GEN	gene_germline	0
OMIM:192350	CHUA_RO	khong_du_nguon	0
OMIM:192430	CNV	mondo_partial_del_dup	1
OMIM:192445	CHUA_RO	khong_du_nguon	0
OMIM:192500	DON_GEN	gene_germline	0
OMIM:192600	DON_GEN	gene_germline	0
OMIM:192605	DON_GEN	gene_germline	0
OMIM:192700	CHUA_RO	khong_du_nguon	0
OMIM:192800	CHUA_RO	khong_du_nguon	0
OMIM:192900	CHUA_RO	khong_du_nguon	0
OMIM:192950	DON_GEN	gene_germline	0
OMIM:193000	CHUA_RO	khong_du_nguon	0
OMIM:193003	DON_GEN	gene_germline	0
OMIM:193005	CHUA_RO	khong_du_nguon	0
OMIM:193007	CHUA_RO	khong_du_nguon	0
OMIM:193090	CHUA_RO	khong_du_nguon	0
OMIM:193100	DON_GEN	gene_germline	0
OMIM:193200	CHUA_RO	khong_du_nguon	0
OMIM:193220	DON_GEN	gene_germline	0
OMIM:193230	DON_GEN	gene_germline	0
OMIM:193235	DON_GEN	gene_germline	0
OMIM:193240	CHUA_RO	khong_du_nguon	0
OMIM:193250	CHUA_RO	khong_du_nguon	0
OMIM:193300	DON_GEN	gene_germline	0
OMIM:193400	DON_GEN	gene_germline	0
OMIM:193500	DON_GEN	gene_germline	0
OMIM:193510	DON_GEN	gene_germline	0
OMIM:193520	DON_GEN	gene_germline	0
OMIM:193530	DON_GEN	gene_germline	0
OMIM:193670	DON_GEN	gene_germline	0
OMIM:193700	DON_GEN	gene_germline	0
OMIM:193900	DON_GEN	gene_germline	0
OMIM:194050	CNV	mondo_partial_del_dup	1
OMIM:194070	DON_GEN	gene_germline	1
OMIM:194071	CHUA_RO	khong_du_nguon	0
OMIM:194072	DON_GEN	gene_germline	1
OMIM:194080	DON_GEN	gene_germline	0
OMIM:194090	CHUA_RO	khong_du_nguon	0
OMIM:194190	CNV	mondo_partial_del_dup	1
OMIM:194200	DON_GEN	gene_germline	0
OMIM:194300	DON_GEN	gene_germline	0
OMIM:194380	DON_GEN	gene_germline	0
OMIM:194470	CHUA_RO	khong_du_nguon	0
OMIM:200100	DON_GEN	gene_germline	0
OMIM:200110	DON_GEN	gene_germline	0
OMIM:200150	DON_GEN	gene_germline	0
OMIM:200300	CHUA_RO	khong_du_nguon	0
OMIM:200400	CHUA_RO	khong_du_nguon	0
OMIM:200450	CHUA_RO	khong_du_nguon	0
OMIM:200500	DON_GEN	gene_germline	0
OMIM:200600	DON_GEN	gene_germline	0
OMIM:200610	DON_GEN	gene_germline	0
OMIM:200700	DON_GEN	gene_germline	0
OMIM:200900	CHUA_RO	khong_du_nguon	0
OMIM:200970	CHUA_RO	khong_du_nguon	0
OMIM:200980	CHUA_RO	khong_du_nguon	0
OMIM:200990	DON_GEN	gene_germline	0
OMIM:200995	CHUA_RO	khong_du_nguon	0
OMIM:201000	DON_GEN	gene_germline	0
OMIM:201100	DON_GEN	gene_germline	0
OMIM:201170	DON_GEN	gene_germline	0
OMIM:201180	CHUA_RO	khong_du_nguon	0
OMIM:201250	DON_GEN	gene_germline	0
OMIM:201300	DON_GEN	gene_germline	0
OMIM:201400	DON_GEN	gene_germline	0
OMIM:201450	DON_GEN	gene_germline	0
OMIM:201470	DON_GEN	gene_germline	0
OMIM:201475	DON_GEN	gene_germline	0
OMIM:201550	CHUA_RO	khong_du_nguon	0
OMIM:201710	DON_GEN	gene_germline	0
OMIM:201750	DON_GEN	gene_germline	0
OMIM:201810	DON_GEN	gene_germline	0
OMIM:201910	DON_GEN	gene_germline	0
OMIM:202010	DON_GEN	gene_germline	0
OMIM:202110	DON_GEN	gene_germline	0
OMIM:202150	CHUA_RO	khong_du_nguon	0
OMIM:202200	DON_GEN	gene_germline	0
OMIM:202300	CHUA_RO	khong_du_nguon	0
OMIM:202355	CHUA_RO	khong_du_nguon	0
OMIM:202370	DON_GEN	gene_germline	0
OMIM:202400	DON_GEN	gene_germline	0
OMIM:202550	CHUA_RO	khong_du_nguon	0
OMIM:202600	CHUA_RO	khong_du_nguon	0
OMIM:202650	DON_GEN	gene_germline	0
OMIM:202700	DON_GEN	gene_germline	0
OMIM:203000	CHUA_RO	khong_du_nguon	0
OMIM:203100	DON_GEN	gene_germline	0
OMIM:203200	DON_GEN	gene_germline	0
OMIM:203290	DON_GEN	gene_germline	0
OMIM:203300	DON_GEN	gene_germline	0
OMIM:203330	CHUA_RO	khong_du_nguon	0
OMIM:203340	CHUA_RO	khong_du_nguon	0
OMIM:203400	DON_GEN	gene_germline	0
OMIM:203450	DON_GEN	gene_germline	0
OMIM:203500	DON_GEN	gene_germline	0
OMIM:203650	DON_GEN	gene_germline	0
OMIM:203655	DON_GEN	gene_germline	0
OMIM:203700	DON_GEN	gene_germline	0
OMIM:203740	DON_GEN	gene_germline	0
OMIM:203750	DON_GEN	gene_germline	0
OMIM:203760	CHUA_RO	khong_du_nguon	0
OMIM:203780	DON_GEN	gene_germline	0
OMIM:203800	DON_GEN	gene_germline	0
OMIM:204000	DON_GEN	gene_germline	0
OMIM:204100	DON_GEN	gene_germline	0
OMIM:204200	DON_GEN	gene_germline	0
OMIM:204300	DON_GEN	gene_germline	0
OMIM:204500	DON_GEN	gene_germline	0
OMIM:204650	DON_GEN	gene_germline	0
OMIM:204690	DON_GEN	gene_germline	0
OMIM:204700	DON_GEN	gene_germline	0
OMIM:204730	CHUA_RO	khong_du_nguon	0
OMIM:204750	DON_GEN	gene_germline	0
OMIM:204800	CHUA_RO	khong_du_nguon	0
OMIM:204870	DON_GEN	gene_germline	0
OMIM:204900	CHUA_RO	khong_du_nguon	0
OMIM:205000	CHUA_RO	khong_du_nguon	0
OMIM:205100	DON_GEN	gene_germline	0
OMIM:205200	CHUA_RO	khong_du_nguon	0
OMIM:205400	DON_GEN	gene_germline	0
OMIM:205950	DON_GEN	gene_germline	0
OMIM:206100	DON_GEN	gene_germline	0
OMIM:206200	DON_GEN	gene_germline	0
OMIM:206300	CHUA_RO	khong_du_nguon	0
OMIM:206400	CHUA_RO	khong_du_nguon	0
OMIM:206500	DON_GEN	gene_germline	0
OMIM:206550	CHUA_RO	khong_du_nguon	0
OMIM:206570	CHUA_RO	khong_du_nguon	0
OMIM:206700	DON_GEN	gene_germline	0
OMIM:206750	CHUA_RO	khong_du_nguon	0
OMIM:206780	CHUA_RO	khong_du_nguon	0
OMIM:206800	DON_GEN	gene_germline	0
OMIM:206900	DON_GEN	gene_germline	0
OMIM:206920	DON_GEN	gene_germline	0
OMIM:207000	CHUA_RO	khong_du_nguon	0
OMIM:207300	CHUA_RO	khong_du_nguon	0
OMIM:207410	DON_GEN	gene_germline	0
OMIM:207600	CHUA_RO	khong_du_nguon	0
OMIM:207740	CHUA_RO	khong_du_nguon	0
OMIM:207750	DON_GEN	gene_germline	0
OMIM:207770	CHUA_RO	khong_du_nguon	0
OMIM:207780	CHUA_RO	khong_du_nguon	0
OMIM:207800	DON_GEN	gene_germline	0
OMIM:207900	DON_GEN	gene_germline	0
OMIM:207950	CHUA_RO	khong_du_nguon	0
OMIM:208000	DON_GEN	gene_germline	0
OMIM:208050	DON_GEN	gene_germline	0
OMIM:208085	DON_GEN	gene_germline	0
OMIM:208100	DON_GEN	gene_germline	0
OMIM:208150	DON_GEN	gene_germline	0
OMIM:208155	CHUA_RO	khong_du_nguon	0
OMIM:208158	CHUA_RO	khong_du_nguon	0
OMIM:208230	DON_GEN	gene_germline	0
OMIM:208250	DON_GEN	gene_germline	0
OMIM:208300	CHUA_RO	khong_du_nguon	0
OMIM:208400	DON_GEN	gene_germline	0
OMIM:208500	CHUA_RO	khong_du_nguon	0
OMIM:208530	DON_GEN	gene_germline	0
OMIM:208540	DON_GEN	gene_germline	0
OMIM:208550	DON_GEN	gene_germline	0
OMIM:208600	CHUA_RO	khong_du_nguon	0
OMIM:208700	CHUA_RO	khong_du_nguon	0
OMIM:208750	CHUA_RO	khong_du_nguon	0
OMIM:208850	CHUA_RO	khong_du_nguon	0
OMIM:208900	DON_GEN	gene_germline	0
OMIM:208920	DON_GEN	gene_germline	0
OMIM:209010	CHUA_RO	khong_du_nguon	0
OMIM:209050	CHUA_RO	khong_du_nguon	0
OMIM:209100	CHUA_RO	khong_du_nguon	0
OMIM:209300	DON_GEN	gene_germline	0
OMIM:209500	DON_GEN	gene_germline	0
OMIM:209600	CHUA_RO	khong_du_nguon	0
OMIM:209700	DON_GEN	gene_germline	0
OMIM:209850	DON_GEN	gene_germline	0
OMIM:209880	DON_GEN	gene_germline	0
OMIM:209885	DON_GEN	gene_germline	0
OMIM:209900	DON_GEN	gene_germline	0
OMIM:209920	DON_GEN	gene_germline	0
OMIM:209950	DON_GEN	gene_germline	0
OMIM:209970	CHUA_RO	khong_du_nguon	0
OMIM:210000	DON_GEN	gene_germline	0
OMIM:210050	CHUA_RO	khong_du_nguon	0
OMIM:210100	DON_GEN	gene_germline	0
OMIM:210200	DON_GEN	gene_germline	0
OMIM:210210	DON_GEN	gene_germline	0
OMIM:210250	DON_GEN	gene_germline	0
OMIM:210350	CHUA_RO	khong_du_nguon	0
OMIM:210370	DON_GEN	gene_germline	0
OMIM:210500	CHUA_RO	khong_du_nguon	0
OMIM:210600	DON_GEN	gene_germline	0
OMIM:210700	CHUA_RO	khong_du_nguon	0
OMIM:210710	DON_GEN	gene_germline	0
OMIM:210720	DON_GEN	gene_germline	0
OMIM:210740	CHUA_RO	khong_du_nguon	0
OMIM:210745	CHUA_RO	khong_du_nguon	0
OMIM:210750	DON_GEN	gene_germline	0
OMIM:210900	DON_GEN	gene_germline	0
OMIM:211000	CHUA_RO	khong_du_nguon	0
OMIM:211180	DON_GEN	gene_germline	0
OMIM:211350	DON_GEN	gene_germline	0
OMIM:211369	CHUA_RO	khong_du_nguon	0
OMIM:211380	DON_GEN	gene_germline	0
OMIM:211390	CHUA_RO	khong_du_nguon	0
OMIM:211400	DON_GEN	gene_germline	0
OMIM:211480	CHUA_RO	khong_du_nguon	0
OMIM:211500	DON_GEN	gene_germline	0
OMIM:211530	DON_GEN	gene_germline	0
OMIM:211600	DON_GEN	gene_germline	0
OMIM:211750	DON_GEN	gene_germline	0
OMIM:211770	CHUA_RO	khong_du_nguon	0
OMIM:211800	DON_GEN	gene_germline	0
OMIM:211890	CHUA_RO	khong_du_nguon	0
OMIM:211900	DON_GEN	gene_germline	1
OMIM:211960	CHUA_RO	khong_du_nguon	0
OMIM:211980	DON_GEN	gene_germline	1
OMIM:211990	CHUA_RO	khong_du_nguon	0
OMIM:212050	DON_GEN	gene_germline	0
OMIM:212060	CHUA_RO	khong_du_nguon	0
OMIM:212065	DON_GEN	gene_germline	0
OMIM:212066	DON_GEN	gene_germline	0
OMIM:212067	CHUA_RO	khong_du_nguon	0
OMIM:212070	DON_GEN	gene_germline	0
OMIM:212080	CHUA_RO	khong_du_nguon	0
OMIM:212090	CHUA_RO	khong_du_nguon	0
OMIM:212093	DON_GEN	gene_germline	0
OMIM:212100	CHUA_RO	khong_du_nguon	0
OMIM:212112	DON_GEN	gene_germline	0
OMIM:212130	CHUA_RO	khong_du_nguon	0
OMIM:212138	DON_GEN	gene_germline	0
OMIM:212140	DON_GEN	gene_germline	0
OMIM:212160	CHUA_RO	khong_du_nguon	0
OMIM:212200	CHUA_RO	khong_du_nguon	0
OMIM:212350	DON_GEN	gene_germline	0
OMIM:212360	CHUA_RO	khong_du_nguon	0
OMIM:212400	CHUA_RO	khong_du_nguon	0
OMIM:212500	DON_GEN	gene_germline	0
OMIM:212550	DON_GEN	gene_germline	0
OMIM:212720	DON_GEN	gene_germline	0
OMIM:212750	CHUA_RO	khong_du_nguon	0
OMIM:212780	DON_GEN	gene_germline	0
OMIM:212790	CHUA_RO	khong_du_nguon	0
OMIM:212800	CHUA_RO	khong_du_nguon	0
OMIM:212840	DON_GEN	gene_germline	0
OMIM:212850	CHUA_RO	khong_du_nguon	0
OMIM:212890	CHUA_RO	khong_du_nguon	0
OMIM:213000	DON_GEN	gene_germline	0
OMIM:213010	CHUA_RO	khong_du_nguon	0
OMIM:213200	DON_GEN	gene_germline	0
OMIM:213300	DON_GEN	gene_germline	0
OMIM:213400	CHUA_RO	khong_du_nguon	0
OMIM:213500	CHUA_RO	khong_du_nguon	0
OMIM:213600	DON_GEN	gene_germline	0
OMIM:213700	DON_GEN	gene_germline	0
OMIM:213900	CHUA_RO	khong_du_nguon	0
OMIM:213980	DON_GEN	gene_germline	0
OMIM:214100	DON_GEN	gene_germline	0
OMIM:214110	DON_GEN	gene_germline	0
OMIM:214150	DON_GEN	gene_germline	0
OMIM:214300	DON_GEN	gene_germline	0
OMIM:214350	DON_GEN	gene_germline	0
OMIM:214400	DON_GEN	gene_germline	0
OMIM:214450	DON_GEN	gene_germline	0
OMIM:214500	DON_GEN	gene_germline	0
OMIM:214700	DON_GEN	gene_germline	0
OMIM:214800	DON_GEN	gene_germline	0
OMIM:214900	CHUA_RO	khong_du_nguon	0
OMIM:214950	DON_GEN	gene_germline	0
OMIM:215045	DON_GEN	gene_germline	0
OMIM:215050	CHUA_RO	khong_du_nguon	0
OMIM:215100	DON_GEN	gene_germline	0
OMIM:215140	DON_GEN	gene_germline	0
OMIM:215150	DON_GEN	gene_germline	0
OMIM:215250	CHUA_RO	khong_du_nguon	0
OMIM:215300	DON_GEN	gene_germline	0
OMIM:215400	CHUA_RO	khong_du_nguon	0
OMIM:215450	CHUA_RO	khong_du_nguon	0
OMIM:215470	DON_GEN	gene_germline	0
OMIM:215500	DON_GEN	gene_germline	0
OMIM:215518	CHUA_RO	khong_du_nguon	0
OMIM:215520	CHUA_RO	khong_du_nguon	0
OMIM:215550	CHUA_RO	khong_du_nguon	0
OMIM:215600	DON_GEN	gene_germline	0
OMIM:215700	DON_GEN	gene_germline	0
OMIM:215720	CHUA_RO	khong_du_nguon	0
OMIM:215800	CHUA_RO	khong_du_nguon	0
OMIM:215850	CHUA_RO	khong_du_nguon	0
OMIM:216100	DON_GEN	gene_germline	0
OMIM:216300	CHUA_RO	khong_du_nguon	0
OMIM:216330	CHUA_RO	khong_du_nguon	0
OMIM:216340	DON_GEN	gene_germline	0
OMIM:216360	DON_GEN	gene_germline	0
OMIM:216400	DON_GEN	gene_germline	0
OMIM:216550	DON_GEN	gene_germline	0
OMIM:216700	CHUA_RO	khong_du_nguon	0
OMIM:216800	CHUA_RO	khong_du_nguon	0
OMIM:216820	DON_GEN	gene_germline	0
OMIM:216900	DON_GEN	gene_germline	0
OMIM:216950	CHUA_RO	khong_du_nguon	0
OMIM:217000	DON_GEN	gene_germline	0
OMIM:217080	DON_GEN	gene_germline	0
OMIM:217085	DON_GEN	gene_germline	0
OMIM:217090	DON_GEN	gene_germline	0
OMIM:217095	DON_GEN	gene_germline	0
OMIM:217100	CHUA_RO	khong_du_nguon	0
OMIM:217150	CHUA_RO	khong_du_nguon	0
OMIM:217200	CHUA_RO	khong_du_nguon	0
OMIM:217300	DON_GEN	gene_germline	0
OMIM:217400	DON_GEN	gene_germline	0
OMIM:217500	CHUA_RO	khong_du_nguon	0
OMIM:217600	CHUA_RO	khong_du_nguon	0
OMIM:217700	DON_GEN	gene_germline	0
OMIM:217800	DON_GEN	gene_germline	0
OMIM:217980	DON_GEN	gene_germline	0
OMIM:217990	CHUA_RO	khong_du_nguon	0
OMIM:218000	DON_GEN	gene_germline	0
OMIM:218030	DON_GEN	gene_germline	0
OMIM:218040	DON_GEN	gene_germline	0
OMIM:218100	CHUA_RO	khong_du_nguon	0
OMIM:218200	CHUA_RO	khong_du_nguon	0
OMIM:218330	DON_GEN	gene_germline	0
OMIM:218340	DON_GEN	gene_germline	0
OMIM:218350	CHUA_RO	khong_du_nguon	0
OMIM:218400	DON_GEN	gene_germline	0
OMIM:218550	CHUA_RO	khong_du_nguon	0
OMIM:218600	DON_GEN	gene_germline	0
OMIM:218700	DON_GEN	gene_germline	0
OMIM:218800	DON_GEN	gene_germline	0
OMIM:218900	CHUA_RO	khong_du_nguon	0
OMIM:219000	DON_GEN	gene_germline	0
OMIM:219050	DON_GEN	gene_germline	0
OMIM:219070	CHUA_RO	khong_du_nguon	0
OMIM:219080	DON_GEN	gene_germline	0
OMIM:219090	DON_GEN	gene_germline	0
OMIM:219095	CHUA_RO	khong_du_nguon	0
OMIM:219100	DON_GEN	gene_germline	0
OMIM:219150	DON_GEN	gene_germline	0
OMIM:219200	DON_GEN	gene_germline	0
OMIM:219250	CHUA_RO	khong_du_nguon	0
OMIM:219300	CHUA_RO	khong_du_nguon	0
OMIM:219500	DON_GEN	gene_germline	0
OMIM:219550	CHUA_RO	khong_du_nguon	0
OMIM:219600	DON_GEN	gene_germline	0
OMIM:219700	DON_GEN	gene_germline	0
OMIM:219730	DON_GEN	gene_germline	0
OMIM:219750	DON_GEN	gene_germline	0
OMIM:219800	DON_GEN	gene_germline	0
OMIM:219900	DON_GEN	gene_germline	0
OMIM:220100	DON_GEN	gene_germline	0
OMIM:220110	DON_GEN	gene_germline	0
OMIM:220111	DON_GEN	gene_germline	0
OMIM:220120	DON_GEN	gene_germline	0
OMIM:220150	DON_GEN	gene_germline	0
OMIM:220200	CHUA_RO	khong_du_nguon	0
OMIM:220210	DON_GEN	gene_germline	0
OMIM:220220	CHUA_RO	khong_du_nguon	0
OMIM:220290	DON_GEN	gene_germline	0
OMIM:220400	DON_GEN	gene_germline	0
OMIM:220500	DON_GEN	gene_germline	0
OMIM:220600	DON_GEN	gene_germline	0
OMIM:220900	CHUA_RO	khong_du_nguon	0
OMIM:221200	DON_GEN	gene_germline	0
OMIM:221300	CHUA_RO	khong_du_nguon	0
OMIM:221320	CHUA_RO	khong_du_nguon	0
OMIM:221350	CHUA_RO	khong_du_nguon	0
OMIM:221400	CHUA_RO	khong_du_nguon	0
OMIM:221500	CHUA_RO	khong_du_nguon	0
OMIM:221700	CHUA_RO	khong_du_nguon	0
OMIM:221740	CHUA_RO	khong_du_nguon	0
OMIM:221745	CHUA_RO	khong_du_nguon	0
OMIM:221750	DON_GEN	gene_germline	0
OMIM:221760	CHUA_RO	khong_du_nguon	0
OMIM:221770	DON_GEN	gene_germline	0
OMIM:221780	CHUA_RO	khong_du_nguon	0
OMIM:221790	CHUA_RO	khong_du_nguon	0
OMIM:221800	CHUA_RO	khong_du_nguon	0
OMIM:221820	DON_GEN	gene_germline	0
OMIM:221900	DON_GEN	gene_germline	0
OMIM:221995	CHUA_RO	khong_du_nguon	0
OMIM:222100	CHUA_RO	khong_du_nguon	0
OMIM:222300	DON_GEN	gene_germline	0
OMIM:222350	CHUA_RO	khong_du_nguon	0
OMIM:222400	CHUA_RO	khong_du_nguon	0
OMIM:222448	DON_GEN	gene_germline	0
OMIM:222470	DON_GEN	gene_germline	0
OMIM:222500	CHUA_RO	khong_du_nguon	0
OMIM:222600	DON_GEN	gene_germline	0
OMIM:222690	CHUA_RO	khong_du_nguon	0
OMIM:222700	DON_GEN	gene_germline	0
OMIM:222730	DON_GEN	gene_germline	0
OMIM:222748	DON_GEN	gene_germline	0
OMIM:222765	DON_GEN	gene_germline	0
OMIM:222800	DON_GEN	gene_germline	0
OMIM:222900	DON_GEN	gene_germline	0
OMIM:223000	DON_GEN	gene_germline	0
OMIM:223100	DON_GEN	gene_germline	0
OMIM:223200	CHUA_RO	khong_du_nguon	0
OMIM:223340	CHUA_RO	khong_du_nguon	0
OMIM:223350	CHUA_RO	khong_du_nguon	0
OMIM:223360	DON_GEN	gene_germline	0
OMIM:223370	DON_GEN	gene_germline	0
OMIM:223380	CHUA_RO	khong_du_nguon	0
OMIM:223500	CHUA_RO	khong_du_nguon	0
OMIM:223550	CHUA_RO	khong_du_nguon	0
OMIM:223800	DON_GEN	gene_germline	0
OMIM:223900	DON_GEN	gene_germline	0
OMIM:224000	CHUA_RO	khong_du_nguon	0
OMIM:224050	DON_GEN	gene_germline	0
OMIM:224100	DON_GEN	gene_germline	0
OMIM:224120	DON_GEN	gene_germline	0
OMIM:224230	DON_GEN	gene_germline	0
OMIM:224300	DON_GEN	gene_germline	0
OMIM:224400	CHUA_RO	khong_du_nguon	0
OMIM:224410	DON_GEN	gene_germline	0
OMIM:224500	DON_GEN	gene_germline	0
OMIM:224690	DON_GEN	gene_germline	0
OMIM:224700	DON_GEN	gene_germline	0
OMIM:224750	DON_GEN	gene_germline	0
OMIM:224800	CHUA_RO	khong_du_nguon	0
OMIM:224900	DON_GEN	gene_germline	0
OMIM:225060	DON_GEN	gene_germline	0
OMIM:225100	DON_GEN	gene_germline	0
OMIM:225200	DON_GEN	gene_germline	0
OMIM:225250	DON_GEN	gene_germline	0
OMIM:225280	DON_GEN	gene_germline	0
OMIM:225290	CHUA_RO	khong_du_nguon	0
OMIM:225300	DON_GEN	gene_germline	0
OMIM:225310	CHUA_RO	khong_du_nguon	0
OMIM:225320	DON_GEN	gene_germline	0
OMIM:225400	DON_GEN	gene_germline	0
OMIM:225410	DON_GEN	gene_germline	0
OMIM:225500	DON_GEN	gene_germline	0
OMIM:225700	CHUA_RO	khong_du_nguon	0
OMIM:225750	DON_GEN	gene_germline	0
OMIM:225753	DON_GEN	gene_germline	0
OMIM:225790	DON_GEN	gene_germline	0
OMIM:226100	CHUA_RO	khong_du_nguon	0
OMIM:226200	DON_GEN	gene_germline	0
OMIM:226300	DON_GEN	gene_germline	0
OMIM:226350	CHUA_RO	khong_du_nguon	0
OMIM:226400	DON_GEN	gene_germline	0
OMIM:226500	CHUA_RO	khong_du_nguon	0
OMIM:226600	DON_GEN	gene_germline	0
OMIM:226650	DON_GEN	gene_germline	0
OMIM:226670	DON_GEN	gene_germline	0
OMIM:226700	DON_GEN	gene_germline	0
OMIM:226730	DON_GEN	gene_germline	0
OMIM:226735	CHUA_RO	khong_du_nguon	0
OMIM:226750	DON_GEN	gene_germline	0
OMIM:226810	CHUA_RO	khong_du_nguon	0
OMIM:226850	CHUA_RO	khong_du_nguon	0
OMIM:226900	DON_GEN	gene_germline	0
OMIM:226950	CHUA_RO	khong_du_nguon	0
OMIM:226960	DON_GEN	gene_germline	0
OMIM:226980	DON_GEN	gene_germline	0
OMIM:226990	DON_GEN	gene_germline	0
OMIM:227000	CHUA_RO	khong_du_nguon	0
OMIM:227010	CHUA_RO	khong_du_nguon	0
OMIM:227050	CHUA_RO	khong_du_nguon	0
OMIM:227150	CHUA_RO	khong_du_nguon	0
OMIM:227240	DON_GEN	gene_germline	0
OMIM:227260	DON_GEN	gene_germline	0
OMIM:227270	CHUA_RO	khong_du_nguon	0
OMIM:227300	DON_GEN	gene_germline	0
OMIM:227310	CHUA_RO	khong_du_nguon	0
OMIM:227330	CHUA_RO	khong_du_nguon	0
OMIM:227400	DON_GEN	gene_germline	0
OMIM:227500	DON_GEN	gene_germline	0
OMIM:227600	DON_GEN	gene_germline	0
OMIM:227645	DON_GEN	gene_germline	0
OMIM:227646	DON_GEN	gene_germline	0
OMIM:227650	DON_GEN	gene_germline	0
OMIM:227810	DON_GEN	gene_germline	0
OMIM:227850	CHUA_RO	khong_du_nguon	0
OMIM:228000	DON_GEN	gene_germline	0
OMIM:228020	CHUA_RO	khong_du_nguon	0
OMIM:228250	CHUA_RO	khong_du_nguon	0
OMIM:228300	DON_GEN	gene_germline	0
OMIM:228355	CHUA_RO	khong_du_nguon	0
OMIM:228520	DON_GEN	gene_germline	0
OMIM:228550	DON_GEN	gene_germline	0
OMIM:228600	DON_GEN	gene_germline	0
OMIM:228900	DON_GEN	gene_germline	0
OMIM:228930	DON_GEN	gene_germline	0
OMIM:228960	DON_GEN	gene_germline	0
OMIM:228980	DON_GEN	gene_germline	0
OMIM:229050	DON_GEN	gene_germline	0
OMIM:229070	DON_GEN	gene_germline	0
OMIM:229100	DON_GEN	gene_germline	0
OMIM:229120	CHUA_RO	khong_du_nguon	0
OMIM:229200	DON_GEN	gene_germline	0
OMIM:229230	CHUA_RO	khong_du_nguon	0
OMIM:229300	DON_GEN	gene_germline	0
OMIM:229400	CHUA_RO	khong_du_nguon	0
OMIM:229500	CHUA_RO	khong_du_nguon	0
OMIM:229600	DON_GEN	gene_germline	0
OMIM:229650	CHUA_RO	khong_du_nguon	0
OMIM:229700	DON_GEN	gene_germline	0
OMIM:229800	DON_GEN	gene_germline	0
OMIM:229850	DON_GEN	gene_germline	0
OMIM:230000	DON_GEN	gene_germline	0
OMIM:230200	DON_GEN	gene_germline	0
OMIM:230350	DON_GEN	gene_germline	0
OMIM:230400	DON_GEN	gene_germline	0
OMIM:230450	DON_GEN	gene_germline	0
OMIM:230500	DON_GEN	gene_germline	0
OMIM:230600	DON_GEN	gene_germline	0
OMIM:230650	DON_GEN	gene_germline	0
OMIM:230740	DON_GEN	gene_germline	0
OMIM:230800	DON_GEN	gene_germline	0
OMIM:230900	DON_GEN	gene_germline	0
OMIM:231000	DON_GEN	gene_germline	0
OMIM:231005	DON_GEN	gene_germline	0
OMIM:231050	DON_GEN	gene_germline	0
OMIM:231060	CHUA_RO	khong_du_nguon	0
OMIM:231070	DON_GEN	gene_germline	0
OMIM:231090	DON_GEN	gene_germline	0
OMIM:231095	DON_GEN	gene_germline	0
OMIM:231100	CHUA_RO	khong_du_nguon	0
OMIM:231200	DON_GEN	gene_germline	0
OMIM:231300	DON_GEN	gene_germline	0
OMIM:231530	DON_GEN	gene_germline	0
OMIM:231550	DON_GEN	gene_germline	0
OMIM:231630	CHUA_RO	khong_du_nguon	0
OMIM:231670	DON_GEN	gene_germline	0
OMIM:231680	DON_GEN	gene_germline	0
OMIM:231690	DON_GEN	gene_germline	0
OMIM:231900	DON_GEN	gene_germline	0
OMIM:231950	DON_GEN	gene_germline	0
OMIM:232200	DON_GEN	gene_germline	0
OMIM:232220	DON_GEN	gene_germline	0
OMIM:232240	DON_GEN	gene_germline	0
OMIM:232300	DON_GEN	gene_germline	0
OMIM:232400	DON_GEN	gene_germline	0
OMIM:232500	DON_GEN	gene_germline	0
OMIM:232600	DON_GEN	gene_germline	0
OMIM:232700	DON_GEN	gene_germline	0
OMIM:232800	DON_GEN	gene_germline	0
OMIM:232900	CHUA_RO	khong_du_nguon	0
OMIM:233100	DON_GEN	gene_germline	0
OMIM:233270	CHUA_RO	khong_du_nguon	0
OMIM:233300	DON_GEN	gene_germline	0
OMIM:233400	DON_GEN	gene_germline	0
OMIM:233420	DON_GEN	gene_germline	0
OMIM:233450	CHUA_RO	khong_du_nguon	0
OMIM:233600	DON_GEN	gene_germline	0
OMIM:233650	DON_GEN	gene_germline	0
OMIM:233690	DON_GEN	gene_germline	0
OMIM:233700	DON_GEN	gene_germline	0
OMIM:233710	DON_GEN	gene_germline	0
OMIM:233800	CHUA_RO	khong_du_nguon	0
OMIM:233910	DON_GEN	gene_germline	0
OMIM:234000	DON_GEN	gene_germline	0
OMIM:234050	DON_GEN	gene_germline	0
OMIM:234100	CHUA_RO	khong_du_nguon	0
OMIM:234200	DON_GEN	gene_germline	0
OMIM:234280	CHUA_RO	khong_du_nguon	0
OMIM:234500	DON_GEN	gene_germline	0
OMIM:234580	DON_GEN	gene_germline	0
OMIM:234700	CHUA_RO	khong_du_nguon	0
OMIM:234810	DON_GEN	gene_germline	0
OMIM:234820	CHUA_RO	khong_du_nguon	0
OMIM:235000	DON_GEN	gene_germline	0
OMIM:235200	DON_GEN	gene_germline	0
OMIM:235255	CHUA_RO	khong_du_nguon	0
OMIM:235400	CHUA_RO	khong_du_nguon	0
OMIM:235500	CHUA_RO	khong_du_nguon	0
OMIM:235510	DON_GEN	gene_germline	0
OMIM:235550	DON_GEN	gene_germline	0
OMIM:235555	DON_GEN	gene_germline	0
OMIM:235700	DON_GEN	gene_germline	0
OMIM:235730	DON_GEN	gene_germline	0
OMIM:235750	CHUA_RO	khong_du_nguon	0
OMIM:235760	CHUA_RO	khong_du_nguon	0
OMIM:235800	DON_GEN	gene_germline	0
OMIM:235830	CHUA_RO	khong_du_nguon	0
OMIM:236000	CHUA_RO	khong_du_nguon	0
OMIM:236100	CHUA_RO	khong_du_nguon	0
OMIM:236110	CHUA_RO	khong_du_nguon	0
OMIM:236130	CHUA_RO	khong_du_nguon	0
OMIM:236200	DON_GEN	gene_germline	0
OMIM:236250	DON_GEN	gene_germline	0
OMIM:236270	DON_GEN	gene_germline	0
OMIM:236300	CHUA_RO	khong_du_nguon	0
OMIM:236400	CHUA_RO	khong_du_nguon	0
OMIM:236450	CHUA_RO	khong_du_nguon	0
OMIM:236500	DON_GEN	gene_germline	0
OMIM:236600	DON_GEN	gene_germline	0
OMIM:236660	CHUA_RO	khong_du_nguon	0
OMIM:236670	DON_GEN	gene_germline	0
OMIM:236680	DON_GEN	gene_germline	0
OMIM:236690	DON_GEN	gene_germline	0
OMIM:236700	DON_GEN	gene_germline	0
OMIM:236730	DON_GEN	gene_germline	0
OMIM:236750	CHUA_RO	khong_du_nguon	0
OMIM:236792	DON_GEN	gene_germline	0
OMIM:236795	CHUA_RO	khong_du_nguon	0
OMIM:236800	DON_GEN	gene_germline	0
OMIM:236900	CHUA_RO	khong_du_nguon	0
OMIM:237000	CHUA_RO	khong_du_nguon	0
OMIM:237300	DON_GEN	gene_germline	0
OMIM:237310	DON_GEN	gene_germline	0
OMIM:237450	DON_GEN	gene_germline	0
OMIM:237500	DON_GEN	gene_germline	0
OMIM:237550	CHUA_RO	khong_du_nguon	0
OMIM:237800	CHUA_RO	khong_du_nguon	0
OMIM:237900	DON_GEN	gene_germline	0
OMIM:238320	DON_GEN	gene_germline	0
OMIM:238340	CHUA_RO	khong_du_nguon	0
OMIM:238350	CHUA_RO	khong_du_nguon	0
OMIM:238600	DON_GEN	gene_germline	0
OMIM:238700	DON_GEN	gene_germline	0
OMIM:238710	CHUA_RO	khong_du_nguon	0
OMIM:238750	CHUA_RO	khong_du_nguon	0
OMIM:238950	CHUA_RO	khong_du_nguon	0
OMIM:238970	DON_GEN	gene_germline	0
OMIM:239000	DON_GEN	gene_germline	0
OMIM:239100	DON_GEN	gene_germline	0
OMIM:239199	CHUA_RO	khong_du_nguon	0
OMIM:239200	DON_GEN	gene_germline	0
OMIM:239300	DON_GEN	gene_germline	0
OMIM:239500	DON_GEN	gene_germline	0
OMIM:239510	DON_GEN	gene_germline	0
OMIM:239710	CHUA_RO	khong_du_nguon	0
OMIM:239800	CHUA_RO	khong_du_nguon	0
OMIM:239840	CHUA_RO	khong_du_nguon	0
OMIM:239850	DON_GEN	gene_germline	0
OMIM:239900	CHUA_RO	khong_du_nguon	0
OMIM:240000	CHUA_RO	khong_du_nguon	0
OMIM:240200	CHUA_RO	khong_du_nguon	0
OMIM:240300	DON_GEN	gene_germline	0
OMIM:240500	DON_GEN	gene_germline	0
OMIM:240600	DON_GEN	gene_germline	0
OMIM:240800	DON_GEN	gene_germline	0
OMIM:240900	DON_GEN	gene_germline	0
OMIM:240950	CHUA_RO	khong_du_nguon	0
OMIM:241000	CHUA_RO	khong_du_nguon	0
OMIM:241080	DON_GEN	gene_germline	0
OMIM:241090	CHUA_RO	khong_du_nguon	0
OMIM:241100	CHUA_RO	khong_du_nguon	0
OMIM:241120	CHUA_RO	khong_du_nguon	0
OMIM:241150	CHUA_RO	khong_du_nguon	0
OMIM:241200	DON_GEN	gene_germline	0
OMIM:241310	CHUA_RO	khong_du_nguon	0
OMIM:241410	DON_GEN	gene_germline	0
OMIM:241500	DON_GEN	gene_germline	0
OMIM:241510	DON_GEN	gene_germline	0
OMIM:241520	DON_GEN	gene_germline	0
OMIM:241530	DON_GEN	gene_germline	0
OMIM:241550	CHUA_RO	khong_du_nguon	0
OMIM:241600	DON_GEN	gene_germline	0
OMIM:241800	DON_GEN	gene_germline	0
OMIM:241850	DON_GEN	gene_germline	0
OMIM:242050	CHUA_RO	khong_du_nguon	0
OMIM:242100	DON_GEN	gene_germline	0
OMIM:242150	DON_GEN	gene_germline	0
OMIM:242300	DON_GEN	gene_germline	0
OMIM:242500	DON_GEN	gene_germline	0
OMIM:242520	CHUA_RO	khong_du_nguon	0
OMIM:242600	DON_GEN	gene_germline	0
OMIM:242670	CHUA_RO	khong_du_nguon	0
OMIM:242700	DON_GEN	gene_germline	0
OMIM:242840	DON_GEN	gene_germline	0
OMIM:242860	DON_GEN	gene_germline	0
OMIM:242880	CHUA_RO	khong_du_nguon	0
OMIM:242890	CHUA_RO	khong_du_nguon	0
OMIM:242900	DON_GEN	gene_germline	0
OMIM:243000	DON_GEN	gene_germline	0
OMIM:243060	DON_GEN	gene_germline	0
OMIM:243080	CHUA_RO	khong_du_nguon	0
OMIM:243110	CHUA_RO	khong_du_nguon	0
OMIM:243150	DON_GEN	gene_germline	0
OMIM:243180	DON_GEN	gene_germline	0
OMIM:243185	CHUA_RO	khong_du_nguon	0
OMIM:243200	CHUA_RO	khong_du_nguon	0
OMIM:243300	DON_GEN	gene_germline	0
OMIM:243310	DON_GEN	gene_germline	0
OMIM:243320	CHUA_RO	khong_du_nguon	0
OMIM:243400	DON_GEN	gene_germline	0
OMIM:243440	CHUA_RO	khong_du_nguon	0
OMIM:243450	CHUA_RO	khong_du_nguon	0
OMIM:243500	DON_GEN	gene_germline	0
OMIM:243600	CHUA_RO	khong_du_nguon	0
OMIM:243605	DON_GEN	gene_germline	0
OMIM:243700	DON_GEN	gene_germline	0
OMIM:243800	DON_GEN	gene_germline	0
OMIM:243910	DON_GEN	gene_germline	0
OMIM:244100	CHUA_RO	khong_du_nguon	0
OMIM:244200	DON_GEN	gene_germline	0
OMIM:244300	CHUA_RO	khong_du_nguon	0
OMIM:244400	DON_GEN	gene_germline	0
OMIM:244450	DON_GEN	gene_germline	0
OMIM:244460	DON_GEN	gene_germline	0
OMIM:244600	CHUA_RO	khong_du_nguon	0
OMIM:245000	DON_GEN	gene_germline	0
OMIM:245010	DON_GEN	gene_germline	0
OMIM:245050	DON_GEN	gene_germline	0
OMIM:245150	DON_GEN	gene_germline	0
OMIM:245180	CHUA_RO	khong_du_nguon	0
OMIM:245200	DON_GEN	gene_germline	0
OMIM:245300	CHUA_RO	khong_du_nguon	0
OMIM:245340	DON_GEN	gene_germline	0
OMIM:245348	DON_GEN	gene_germline	0
OMIM:245349	DON_GEN	gene_germline	0
OMIM:245400	DON_GEN	gene_germline	0
OMIM:245450	DON_GEN	gene_germline	0
OMIM:245480	DON_GEN	gene_germline	0
OMIM:245550	CHUA_RO	khong_du_nguon	0
OMIM:245552	CHUA_RO	khong_du_nguon	0
OMIM:245570	DON_GEN	gene_germline	0
OMIM:245590	DON_GEN	gene_germline	0
OMIM:245600	DON_GEN	gene_germline	0
OMIM:245650	CHUA_RO	khong_du_nguon	0
OMIM:245660	DON_GEN	gene_germline	0
OMIM:245800	DON_GEN	gene_germline	0
OMIM:245900	DON_GEN	gene_germline	0
OMIM:246000	CHUA_RO	khong_du_nguon	0
OMIM:246200	DON_GEN	gene_germline	0
OMIM:246300	CHUA_RO	khong_du_nguon	0
OMIM:246400	CHUA_RO	khong_du_nguon	0
OMIM:246450	DON_GEN	gene_germline	0
OMIM:246470	CHUA_RO	khong_du_nguon	0
OMIM:246560	CNV	mondo_partial_del_dup	0
OMIM:246570	CHUA_RO	khong_du_nguon	0
OMIM:246650	DON_GEN	gene_germline	0
OMIM:246700	DON_GEN	gene_germline	0
OMIM:246900	DON_GEN	gene_germline	0
OMIM:247100	DON_GEN	gene_germline	0
OMIM:247200	CNV	mondo_partial_del_dup	0
OMIM:247410	CHUA_RO	khong_du_nguon	0
OMIM:247420	DON_GEN	gene_germline	0
OMIM:247430	CHUA_RO	khong_du_nguon	0
OMIM:247450	CHUA_RO	khong_du_nguon	0
OMIM:247610	CHUA_RO	khong_du_nguon	0
OMIM:247640	CHUA_RO	khong_du_nguon	0
OMIM:247650	CHUA_RO	khong_du_nguon	0
OMIM:247800	CHUA_RO	khong_du_nguon	0
OMIM:247950	CHUA_RO	khong_du_nguon	0
OMIM:247990	CHUA_RO	khong_du_nguon	0
OMIM:248000	DON_GEN	gene_germline	0
OMIM:248190	DON_GEN	gene_germline	0
OMIM:248200	DON_GEN	gene_germline	0
OMIM:248250	DON_GEN	gene_germline	0
OMIM:248260	CHUA_RO	khong_du_nguon	0
OMIM:248300	DON_GEN	gene_germline	0
OMIM:248310	CHUA_RO	khong_du_nguon	0
OMIM:248340	DON_GEN	gene_germline	0
OMIM:248360	DON_GEN	gene_germline	0
OMIM:248370	DON_GEN	gene_germline	0
OMIM:248390	DON_GEN	gene_germline	0
OMIM:248450	DON_GEN	gene_germline	0
OMIM:248500	DON_GEN	gene_germline	0
OMIM:248510	DON_GEN	gene_germline	0
OMIM:248600	DON_GEN	gene_germline	0
OMIM:248700	DON_GEN	gene_germline	0
OMIM:248800	DON_GEN	gene_germline	0
OMIM:248900	DON_GEN	gene_germline	0
OMIM:248910	CHUA_RO	khong_du_nguon	0
OMIM:249000	DON_GEN	gene_germline	0
OMIM:249100	DON_GEN	gene_germline	0
OMIM:249210	DON_GEN	gene_germline	0
OMIM:249230	CHUA_RO	khong_du_nguon	0
OMIM:249240	CHUA_RO	khong_du_nguon	0
OMIM:249270	DON_GEN	gene_germline	0
OMIM:249310	CHUA_RO	khong_du_nguon	0
OMIM:249400	DON_GEN	gene_germline	0
OMIM:249420	DON_GEN	gene_germline	0
OMIM:249500	DON_GEN	gene_germline	0
OMIM:249600	CHUA_RO	khong_du_nguon	0
OMIM:249620	DON_GEN	gene_germline	0
OMIM:249650	CHUA_RO	khong_du_nguon	0
OMIM:249670	CHUA_RO	khong_du_nguon	0
OMIM:249700	DON_GEN	gene_germline	0
OMIM:249710	CHUA_RO	khong_du_nguon	0
OMIM:249900	DON_GEN	gene_germline	0
OMIM:250100	DON_GEN	gene_germline	0
OMIM:250220	DON_GEN	gene_germline	0
OMIM:250250	DON_GEN	gene_germline	0
OMIM:250300	CHUA_RO	khong_du_nguon	0
OMIM:250400	DON_GEN	gene_germline	0
OMIM:250410	DON_GEN	gene_germline	0
OMIM:250460	DON_GEN	gene_germline	0
OMIM:250500	CHUA_RO	khong_du_nguon	0
OMIM:250620	DON_GEN	gene_germline	0
OMIM:250790	DON_GEN	gene_germline	0
OMIM:250800	DON_GEN	gene_germline	0
OMIM:250850	DON_GEN	gene_germline	0
OMIM:250900	CHUA_RO	khong_du_nguon	0
OMIM:250940	DON_GEN	gene_germline	0
OMIM:250950	DON_GEN	gene_germline	0
OMIM:250951	CHUA_RO	khong_du_nguon	0
OMIM:251000	DON_GEN	gene_germline	0
OMIM:251100	DON_GEN	gene_germline	0
OMIM:251110	DON_GEN	gene_germline	0
OMIM:251120	DON_GEN	gene_germline	0
OMIM:251200	DON_GEN	gene_germline	0
OMIM:251220	CHUA_RO	khong_du_nguon	0
OMIM:251230	DON_GEN	gene_germline	0
OMIM:251240	CHUA_RO	khong_du_nguon	0
OMIM:251250	CHUA_RO	khong_du_nguon	0
OMIM:251255	DON_GEN	gene_germline	0
OMIM:251260	DON_GEN	gene_germline	0
OMIM:251270	DON_GEN	gene_germline	0
OMIM:251280	DON_GEN	gene_germline	0
OMIM:251290	DON_GEN	gene_germline	0
OMIM:251300	DON_GEN	gene_germline	0
OMIM:251450	DON_GEN	gene_germline	0
OMIM:251505	CHUA_RO	khong_du_nguon	0
OMIM:251600	CHUA_RO	khong_du_nguon	0
OMIM:251700	CHUA_RO	khong_du_nguon	0
OMIM:251750	DON_GEN	gene_germline	0
OMIM:251800	CHUA_RO	khong_du_nguon	0
OMIM:251850	DON_GEN	gene_germline	0
OMIM:251880	DON_GEN	gene_germline	0
OMIM:251900	DON_GEN	gene_germline	0
OMIM:251945	CHUA_RO	khong_du_nguon	0
OMIM:251950	DON_GEN	gene_germline	0
OMIM:252010	DON_GEN	gene_germline	0
OMIM:252011	DON_GEN	gene_germline	0
OMIM:252100	DON_GEN	gene_germline	0
OMIM:252150	DON_GEN	gene_germline	0
OMIM:252160	DON_GEN	gene_germline	0
OMIM:252250	CHUA_RO	khong_du_nguon	0
OMIM:252270	DON_GEN	gene_germline	1
OMIM:252350	CHUA_RO	khong_du_nguon	0
OMIM:252500	DON_GEN	gene_germline	0
OMIM:252600	DON_GEN	gene_germline	0
OMIM:252605	DON_GEN	gene_germline	0
OMIM:252650	DON_GEN	gene_germline	0
OMIM:252900	DON_GEN	gene_germline	0
OMIM:252920	DON_GEN	gene_germline	0
OMIM:252930	DON_GEN	gene_germline	0
OMIM:252940	DON_GEN	gene_germline	0
OMIM:253000	DON_GEN	gene_germline	0
OMIM:253010	DON_GEN	gene_germline	0
OMIM:253200	DON_GEN	gene_germline	0
OMIM:253220	DON_GEN	gene_germline	0
OMIM:253250	DON_GEN	gene_germline	0
OMIM:253260	DON_GEN	gene_germline	0
OMIM:253270	DON_GEN	gene_germline	0
OMIM:253280	DON_GEN	gene_germline	0
OMIM:253290	DON_GEN	gene_germline	0
OMIM:253300	DON_GEN	gene_germline	0
OMIM:253310	DON_GEN	gene_germline	0
OMIM:253400	DON_GEN	gene_germline	0
OMIM:253550	DON_GEN	gene_germline	0
OMIM:253590	CHUA_RO	khong_du_nguon	0
OMIM:253600	DON_GEN	gene_germline	0
OMIM:253601	DON_GEN	gene_germline	0
OMIM:253700	DON_GEN	gene_germline	0
OMIM:253800	DON_GEN	gene_germline	0
OMIM:254000	CHUA_RO	khong_du_nguon	0
OMIM:254090	DON_GEN	gene_germline	0
OMIM:254100	DON_GEN	gene_germline	0
OMIM:254110	DON_GEN	gene_germline	0
OMIM:254120	CHUA_RO	khong_du_nguon	0
OMIM:254130	DON_GEN	gene_germline	0
OMIM:254150	CHUA_RO	khong_du_nguon	0
OMIM:254190	CHUA_RO	khong_du_nguon	0
OMIM:254200	CHUA_RO	khong_du_nguon	0
OMIM:254210	DON_GEN	gene_germline	0
OMIM:254300	DON_GEN	gene_germline	0
OMIM:254400	CHUA_RO	khong_du_nguon	0
OMIM:254450	DON_GEN	gene_germline	0
OMIM:254500	CHUA_RO	khong_du_nguon	0
OMIM:254600	DON_GEN	gene_germline	0
OMIM:254700	CHUA_RO	khong_du_nguon	0
OMIM:254770	CHUA_RO	khong_du_nguon	0
OMIM:254780	DON_GEN	gene_germline	0
OMIM:254800	DON_GEN	gene_germline	0
OMIM:254900	DON_GEN	gene_germline	0
OMIM:254940	DON_GEN	gene_germline	0
OMIM:254950	CHUA_RO	khong_du_nguon	0
OMIM:255100	DON_GEN	gene_germline	0
OMIM:255110	DON_GEN	gene_germline	0
OMIM:255120	DON_GEN	gene_germline	0
OMIM:255125	DON_GEN	gene_germline	0
OMIM:255160	DON_GEN	gene_germline	0
OMIM:255200	DON_GEN	gene_germline	0
OMIM:255300	DON_GEN	gene_germline	0
OMIM:255310	DON_GEN	gene_germline	0
OMIM:255320	DON_GEN	gene_germline	0
OMIM:255500	CHUA_RO	khong_du_nguon	0
OMIM:255600	DON_GEN	gene_germline	0
OMIM:255700	DON_GEN	gene_germline	0
OMIM:255800	DON_GEN	gene_germline	0
OMIM:255960	DON_GEN	gene_germline	0
OMIM:255990	CHUA_RO	khong_du_nguon	0
OMIM:255995	DON_GEN	gene_germline	0
OMIM:256000	CHUA_RO	khong_du_nguon	0
OMIM:256020	DON_GEN	gene_germline	0
OMIM:256030	DON_GEN	gene_germline	0
OMIM:256040	DON_GEN	gene_germline	0
OMIM:256050	DON_GEN	gene_germline	0
OMIM:256100	DON_GEN	gene_germline	0
OMIM:256200	CHUA_RO	khong_du_nguon	0
OMIM:256300	DON_GEN	gene_germline	0
OMIM:256370	DON_GEN	gene_germline	0
OMIM:256450	DON_GEN	gene_germline	0
OMIM:256500	DON_GEN	gene_germline	0
OMIM:256520	DON_GEN	gene_germline	0
OMIM:256540	DON_GEN	gene_germline	0
OMIM:256550	DON_GEN	gene_germline	0
OMIM:256600	DON_GEN	gene_germline	0
OMIM:256700	CHUA_RO	khong_du_nguon	0
OMIM:256710	DON_GEN	gene_germline	0
OMIM:256730	DON_GEN	gene_germline	0
OMIM:256731	DON_GEN	gene_germline	0
OMIM:256800	DON_GEN	gene_germline	0
OMIM:256810	DON_GEN	gene_germline	0
OMIM:256840	DON_GEN	gene_germline	0
OMIM:256850	DON_GEN	gene_germline	0
OMIM:257000	CHUA_RO	khong_du_nguon	0
OMIM:257100	CHUA_RO	khong_du_nguon	0
OMIM:257150	CHUA_RO	khong_du_nguon	0
OMIM:257200	DON_GEN	gene_germline	0
OMIM:257220	DON_GEN	gene_germline	0
OMIM:257270	DON_GEN	gene_germline	0
OMIM:257300	DON_GEN	gene_germline	1
OMIM:257320	DON_GEN	gene_germline	0
OMIM:257350	CHUA_RO	khong_du_nguon	0
OMIM:257400	DON_GEN	gene_germline	0
OMIM:257550	CHUA_RO	khong_du_nguon	0
OMIM:257800	CHUA_RO	khong_du_nguon	0
OMIM:257850	DON_GEN	gene_germline	0
OMIM:257910	CHUA_RO	khong_du_nguon	0
OMIM:257920	DON_GEN	gene_germline	0
OMIM:257970	CHUA_RO	khong_du_nguon	0
OMIM:257980	DON_GEN	gene_germline	0
OMIM:258040	CHUA_RO	khong_du_nguon	0
OMIM:258100	DON_GEN	gene_germline	0
OMIM:258150	DON_GEN	gene_germline	0
OMIM:258200	CHUA_RO	khong_du_nguon	0
OMIM:258315	DON_GEN	gene_germline	0
OMIM:258320	CHUA_RO	khong_du_nguon	0
OMIM:258360	CHUA_RO	khong_du_nguon	0
OMIM:258400	CHUA_RO	khong_du_nguon	0
OMIM:258450	DON_GEN	gene_germline	0
OMIM:258470	CHUA_RO	khong_du_nguon	0
OMIM:258480	DON_GEN	gene_germline	0
OMIM:258500	CHUA_RO	khong_du_nguon	0
OMIM:258501	DON_GEN	gene_germline	0
OMIM:258660	CHUA_RO	khong_du_nguon	0
OMIM:258700	CHUA_RO	khong_du_nguon	0
OMIM:258800	CHUA_RO	khong_du_nguon	0
OMIM:258850	CHUA_RO	khong_du_nguon	0
OMIM:258860	DON_GEN	gene_germline	0
OMIM:258865	DON_GEN	gene_germline	0
OMIM:258870	DON_GEN	gene_germline	0
OMIM:258900	DON_GEN	gene_germline	0
OMIM:259050	DON_GEN	gene_germline	0
OMIM:259100	DON_GEN	gene_germline	0
OMIM:259200	CHUA_RO	khong_du_nguon	0
OMIM:259270	CHUA_RO	khong_du_nguon	0
OMIM:259410	CHUA_RO	khong_du_nguon	0
OMIM:259420	DON_GEN	gene_germline	0
OMIM:259440	DON_GEN	gene_germline	0
OMIM:259450	DON_GEN	gene_germline	0
OMIM:259500	DON_GEN	gene_germline	0
OMIM:259600	DON_GEN	gene_germline	0
OMIM:259650	CHUA_RO	khong_du_nguon	0
OMIM:259680	DON_GEN	gene_germline	0
OMIM:259690	CHUA_RO	khong_du_nguon	0
OMIM:259700	DON_GEN	gene_germline	0
OMIM:259710	DON_GEN	gene_germline	0
OMIM:259720	DON_GEN	gene_germline	0
OMIM:259730	DON_GEN	gene_germline	0
OMIM:259770	DON_GEN	gene_germline	0
OMIM:259775	DON_GEN	gene_germline	0
OMIM:259780	CHUA_RO	khong_du_nguon	0
OMIM:259900	DON_GEN	gene_germline	0
OMIM:260000	DON_GEN	gene_germline	0
OMIM:260005	DON_GEN	gene_germline	0
OMIM:260100	CHUA_RO	khong_du_nguon	0
OMIM:260200	CHUA_RO	khong_du_nguon	0
OMIM:260300	DON_GEN	gene_germline	0
OMIM:260350	DON_GEN	gene_germline	1
OMIM:260370	DON_GEN	gene_germline	0
OMIM:260400	DON_GEN	gene_germline	0
OMIM:260470	CHUA_RO	khong_du_nguon	0
OMIM:260500	DON_GEN	gene_germline	0
OMIM:260530	CHUA_RO	khong_du_nguon	0
OMIM:260540	DON_GEN	gene_germline	0
OMIM:260565	DON_GEN	gene_germline	0
OMIM:260570	DON_GEN	gene_germline	0
OMIM:260600	DON_GEN	gene_germline	0
OMIM:260660	DON_GEN	gene_germline	0
OMIM:260800	DON_GEN	gene_germline	0
OMIM:260910	CHUA_RO	khong_du_nguon	0
OMIM:260920	DON_GEN	gene_germline	0
OMIM:260970	CHUA_RO	khong_du_nguon	0
OMIM:261000	DON_GEN	gene_germline	0
OMIM:261100	DON_GEN	gene_germline	0
OMIM:261400	CHUA_RO	khong_du_nguon	0
OMIM:261500	DON_GEN	gene_germline	0
OMIM:261515	DON_GEN	gene_germline	0
OMIM:261540	DON_GEN	gene_germline	0
OMIM:261550	DON_GEN	gene_germline	0
OMIM:261590	CHUA_RO	khong_du_nguon	0
OMIM:261600	DON_GEN	gene_germline	0
OMIM:261630	DON_GEN	gene_germline	0
OMIM:261640	DON_GEN	gene_germline	0
OMIM:261650	DON_GEN	gene_germline	0
OMIM:261670	DON_GEN	gene_germline	0
OMIM:261680	DON_GEN	gene_germline	0
OMIM:261740	DON_GEN	gene_germline	0
OMIM:261750	DON_GEN	gene_germline	0
OMIM:261800	DON_GEN	gene_germline	0
OMIM:261900	CHUA_RO	khong_du_nguon	0
OMIM:261990	DON_GEN	gene_germline	0
OMIM:262000	DON_GEN	gene_germline	0
OMIM:262190	DON_GEN	gene_germline	0
OMIM:262300	DON_GEN	gene_germline	0
OMIM:262400	DON_GEN	gene_germline	0
OMIM:262500	DON_GEN	gene_germline	0
OMIM:262600	DON_GEN	gene_germline	0
OMIM:262650	DON_GEN	gene_germline	0
OMIM:262700	DON_GEN	gene_germline	0
OMIM:262710	CHUA_RO	khong_du_nguon	0
OMIM:262850	DON_GEN	gene_germline	0
OMIM:262875	CHUA_RO	khong_du_nguon	0
OMIM:262890	DON_GEN	gene_germline	0
OMIM:263000	CHUA_RO	khong_du_nguon	0
OMIM:263200	DON_GEN	gene_germline	0
OMIM:263210	DON_GEN	gene_germline	0
OMIM:263300	DON_GEN	gene_germline	0
OMIM:263400	DON_GEN	gene_germline	0
OMIM:263450	CHUA_RO	khong_du_nguon	0
OMIM:263520	DON_GEN	gene_germline	0
OMIM:263550	CHUA_RO	khong_du_nguon	0
OMIM:263570	DON_GEN	gene_germline	0
OMIM:263600	CHUA_RO	khong_du_nguon	0
OMIM:263610	CHUA_RO	khong_du_nguon	0
OMIM:263630	CHUA_RO	khong_du_nguon	0
OMIM:263650	DON_GEN	gene_germline	0
OMIM:263700	DON_GEN	gene_germline	0
OMIM:263750	DON_GEN	gene_germline	0
OMIM:263800	DON_GEN	gene_germline	0
OMIM:264050	CHUA_RO	khong_du_nguon	0
OMIM:264060	CHUA_RO	khong_du_nguon	0
OMIM:264070	DON_GEN	gene_germline	0
OMIM:264080	DON_GEN	gene_germline	0
OMIM:264090	DON_GEN	gene_germline	0
OMIM:264110	CHUA_RO	khong_du_nguon	0
OMIM:264120	CHUA_RO	khong_du_nguon	0
OMIM:264180	CHUA_RO	khong_du_nguon	0
OMIM:264270	CHUA_RO	khong_du_nguon	0
OMIM:264300	DON_GEN	gene_germline	0
OMIM:264350	DON_GEN	gene_germline	0
OMIM:264420	CHUA_RO	khong_du_nguon	0
OMIM:264470	DON_GEN	gene_germline	0
OMIM:264480	CHUA_RO	khong_du_nguon	0
OMIM:264500	CHUA_RO	khong_du_nguon	0
OMIM:264600	DON_GEN	gene_germline	0
OMIM:264700	DON_GEN	gene_germline	0
OMIM:264800	DON_GEN	gene_germline	0
OMIM:265000	DON_GEN	gene_germline	0
OMIM:265050	DON_GEN	gene_germline	0
OMIM:265100	DON_GEN	gene_germline	0
OMIM:265120	DON_GEN	gene_germline	0
OMIM:265140	CHUA_RO	khong_du_nguon	0
OMIM:265150	CHUA_RO	khong_du_nguon	0
OMIM:265200	CHUA_RO	khong_du_nguon	0
OMIM:265300	CHUA_RO	khong_du_nguon	0
OMIM:265380	DON_GEN	gene_germline	0
OMIM:265400	CHUA_RO	khong_du_nguon	0
OMIM:265430	CHUA_RO	khong_du_nguon	0
OMIM:265450	DON_GEN	gene_germline	0
OMIM:265500	CHUA_RO	khong_du_nguon	0
OMIM:265800	DON_GEN	gene_germline	0
OMIM:265850	CHUA_RO	khong_du_nguon	0
OMIM:265880	CHUA_RO	khong_du_nguon	0
OMIM:265900	DON_GEN	gene_germline	0
OMIM:265950	CHUA_RO	khong_du_nguon	0
OMIM:266100	DON_GEN	gene_germline	0
OMIM:266120	DON_GEN	gene_germline	0
OMIM:266130	DON_GEN	gene_germline	0
OMIM:266140	DON_GEN	gene_germline	0
OMIM:266150	DON_GEN	gene_germline	0
OMIM:266200	DON_GEN	gene_germline	0
OMIM:266265	DON_GEN	gene_germline	0
OMIM:266280	DON_GEN	gene_germline	0
OMIM:266300	CHUA_RO	khong_du_nguon	0
OMIM:266350	CHUA_RO	khong_du_nguon	0
OMIM:266400	CHUA_RO	khong_du_nguon	0
OMIM:266500	DON_GEN	gene_germline	0
OMIM:266510	DON_GEN	gene_germline	0
OMIM:266600	CHUA_RO	khong_du_nguon	0
OMIM:266900	DON_GEN	gene_germline	0
OMIM:266920	DON_GEN	gene_germline	0
OMIM:267000	DON_GEN	gene_germline	0
OMIM:267010	DON_GEN	gene_germline	0
OMIM:267200	CHUA_RO	khong_du_nguon	0
OMIM:267300	DON_GEN	gene_germline	0
OMIM:267400	CHUA_RO	khong_du_nguon	0
OMIM:267430	DON_GEN	gene_germline	0
OMIM:267450	CHUA_RO	khong_du_nguon	0
OMIM:267500	DON_GEN	gene_germline	0
OMIM:267700	CHUA_RO	khong_du_nguon	0
OMIM:267730	CHUA_RO	khong_du_nguon	0
OMIM:267740	CHUA_RO	khong_du_nguon	0
OMIM:267750	DON_GEN	gene_germline	0
OMIM:267760	CHUA_RO	khong_du_nguon	0
OMIM:267800	CHUA_RO	khong_du_nguon	0
OMIM:267900	CHUA_RO	khong_du_nguon	0
OMIM:268000	DON_GEN	gene_germline	0
OMIM:268060	CHUA_RO	khong_du_nguon	0
OMIM:268100	DON_GEN	gene_germline	0
OMIM:268130	DON_GEN	gene_germline	0
OMIM:268150	DON_GEN	gene_germline	0
OMIM:268200	DON_GEN	gene_germline	0
OMIM:268210	DON_GEN	gene_germline	0
OMIM:268220	DON_GEN	gene_germline	0
OMIM:268240	CHUA_RO	khong_du_nguon	0
OMIM:268250	CHUA_RO	khong_du_nguon	0
OMIM:268300	DON_GEN	gene_germline	0
OMIM:268305	DON_GEN	gene_germline	0
OMIM:268310	DON_GEN	gene_germline	0
OMIM:268315	DON_GEN	gene_germline	0
OMIM:268320	CHUA_RO	khong_du_nguon	0
OMIM:268400	DON_GEN	gene_germline	0
OMIM:268650	DON_GEN	gene_germline	0
OMIM:268700	DON_GEN	gene_germline	0
OMIM:268800	DON_GEN	gene_germline	0
OMIM:268850	CHUA_RO	khong_du_nguon	0
OMIM:268900	DON_GEN	gene_germline	0
OMIM:269150	DON_GEN	gene_germline	0
OMIM:269160	DON_GEN	gene_germline	0
OMIM:269200	CHUA_RO	khong_du_nguon	0
OMIM:269250	DON_GEN	gene_germline	0
OMIM:269300	CHUA_RO	khong_du_nguon	0
OMIM:269400	DON_GEN	gene_germline	0
OMIM:269500	DON_GEN	gene_germline	0
OMIM:269600	DON_GEN	gene_germline	0
OMIM:269630	CHUA_RO	khong_du_nguon	0
OMIM:269650	CHUA_RO	khong_du_nguon	0
OMIM:269700	DON_GEN	gene_germline	0
OMIM:269840	DON_GEN	gene_germline	0
OMIM:269860	CHUA_RO	khong_du_nguon	0
OMIM:269880	DON_GEN	gene_germline	0
OMIM:269920	DON_GEN	gene_germline	0
OMIM:269921	DON_GEN	gene_germline	0
OMIM:270100	DON_GEN	gene_germline	0
OMIM:270150	CHUA_RO	khong_du_nguon	0
OMIM:270200	DON_GEN	gene_germline	0
OMIM:270300	DON_GEN	gene_germline	0
OMIM:270350	CHUA_RO	khong_du_nguon	0
OMIM:270400	DON_GEN	gene_germline	0
OMIM:270420	DON_GEN	gene_germline	0
OMIM:270425	CHUA_RO	khong_du_nguon	0
OMIM:270450	DON_GEN	gene_germline	0
OMIM:270460	CHUA_RO	khong_du_nguon	0
OMIM:270550	DON_GEN	gene_germline	0
OMIM:270600	CHUA_RO	khong_du_nguon	0
OMIM:270685	DON_GEN	gene_germline	0
OMIM:270700	DON_GEN	gene_germline	0
OMIM:270750	DON_GEN	gene_germline	0
OMIM:270800	DON_GEN	gene_germline	0
OMIM:270960	DON_GEN	gene_germline	0
OMIM:270970	DON_GEN	gene_germline	0
OMIM:271110	CHUA_RO	khong_du_nguon	0
OMIM:271150	DON_GEN	gene_germline	0
OMIM:271200	CHUA_RO	khong_du_nguon	0
OMIM:271220	CHUA_RO	khong_du_nguon	0
OMIM:271245	DON_GEN	gene_germline	0
OMIM:271310	CHUA_RO	khong_du_nguon	0
OMIM:271320	CHUA_RO	khong_du_nguon	0
OMIM:271400	DON_GEN	gene_germline	0
OMIM:271500	CHUA_RO	khong_du_nguon	0
OMIM:271510	DON_GEN	gene_germline	0
OMIM:271520	CHUA_RO	khong_du_nguon	0
OMIM:271530	CHUA_RO	khong_du_nguon	0
OMIM:271600	CHUA_RO	khong_du_nguon	0
OMIM:271630	CHUA_RO	khong_du_nguon	0
OMIM:271640	DON_GEN	gene_germline	0
OMIM:271665	DON_GEN	gene_germline	0
OMIM:271700	DON_GEN	gene_germline	0
OMIM:271900	DON_GEN	gene_germline	0
OMIM:271930	DON_GEN	gene_germline	0
OMIM:271980	DON_GEN	gene_germline	0
OMIM:272100	CHUA_RO	khong_du_nguon	0
OMIM:272120	CHUA_RO	khong_du_nguon	0
OMIM:272150	CHUA_RO	khong_du_nguon	0
OMIM:272200	DON_GEN	gene_germline	0
OMIM:272300	DON_GEN	gene_germline	0
OMIM:272370	CHUA_RO	khong_du_nguon	0
OMIM:272430	DON_GEN	gene_germline	0
OMIM:272440	DON_GEN	gene_germline	0
OMIM:272460	DON_GEN	gene_germline	0
OMIM:272620	CHUA_RO	khong_du_nguon	0
OMIM:272650	CHUA_RO	khong_du_nguon	0
OMIM:272700	CHUA_RO	khong_du_nguon	0
OMIM:272750	DON_GEN	gene_germline	0
OMIM:272800	DON_GEN	gene_germline	0
OMIM:272950	CHUA_RO	khong_du_nguon	0
OMIM:273120	CHUA_RO	khong_du_nguon	0
OMIM:273150	CHUA_RO	khong_du_nguon	0
OMIM:273250	DON_GEN	gene_germline	0
OMIM:273300	DON_GEN	gene_germline	1
OMIM:273390	CHUA_RO	khong_du_nguon	0
OMIM:273395	DON_GEN	gene_germline	0
OMIM:273400	CHUA_RO	khong_du_nguon	0
OMIM:273600	CHUA_RO	khong_du_nguon	0
OMIM:273680	CHUA_RO	khong_du_nguon	0
OMIM:273740	CHUA_RO	khong_du_nguon	0
OMIM:273750	DON_GEN	gene_germline	0
OMIM:273770	CHUA_RO	khong_du_nguon	0
OMIM:273800	DON_GEN	gene_germline	0
OMIM:273900	DON_GEN	gene_germline	0
OMIM:274000	CNV	mondo_partial_del_dup	1
OMIM:274150	DON_GEN	gene_germline	0
OMIM:274190	CHUA_RO	khong_du_nguon	0
OMIM:274200	CHUA_RO	khong_du_nguon	0
OMIM:274205	CHUA_RO	khong_du_nguon	0
OMIM:274230	CHUA_RO	khong_du_nguon	0
OMIM:274240	CHUA_RO	khong_du_nguon	0
OMIM:274265	CHUA_RO	khong_du_nguon	0
OMIM:274270	DON_GEN	gene_germline	0
OMIM:274300	DON_GEN	gene_germline	0
OMIM:274400	DON_GEN	gene_germline	0
OMIM:274500	DON_GEN	gene_germline	0
OMIM:274600	DON_GEN	gene_germline	0
OMIM:274700	DON_GEN	gene_germline	0
OMIM:274800	DON_GEN	gene_germline	0
OMIM:274900	DON_GEN	gene_germline	0
OMIM:275000	CHUA_RO	khong_du_nguon	0
OMIM:275100	DON_GEN	gene_germline	0
OMIM:275200	DON_GEN	gene_germline	0
OMIM:275210	DON_GEN	gene_germline	0
OMIM:275220	DON_GEN	gene_germline	0
OMIM:275240	CHUA_RO	khong_du_nguon	0
OMIM:275250	CHUA_RO	khong_du_nguon	0
OMIM:275300	CHUA_RO	khong_du_nguon	0
OMIM:275350	DON_GEN	gene_germline	0
OMIM:275355	DON_GEN	gene_germline	1
OMIM:275400	DON_GEN	gene_germline	0
OMIM:275630	DON_GEN	gene_germline	0
OMIM:275900	DON_GEN	gene_germline	0
OMIM:276100	CHUA_RO	khong_du_nguon	0
OMIM:276200	CHUA_RO	khong_du_nguon	0
OMIM:276300	DON_GEN	gene_germline	1
OMIM:276600	DON_GEN	gene_germline	0
OMIM:276700	DON_GEN	gene_germline	0
OMIM:276710	DON_GEN	gene_germline	0
OMIM:276800	CHUA_RO	khong_du_nguon	0
OMIM:276820	DON_GEN	gene_germline	0
OMIM:276822	CHUA_RO	khong_du_nguon	0
OMIM:276880	DON_GEN	gene_germline	0
OMIM:276900	DON_GEN	gene_germline	0
OMIM:276901	DON_GEN	gene_germline	0
OMIM:276902	DON_GEN	gene_germline	0
OMIM:276904	DON_GEN	gene_germline	0
OMIM:276950	DON_GEN	gene_germline	0
OMIM:277000	CHUA_RO	khong_du_nguon	0
OMIM:277100	CHUA_RO	khong_du_nguon	0
OMIM:277150	CHUA_RO	khong_du_nguon	0
OMIM:277170	DON_GEN	gene_germline	0
OMIM:277180	DON_GEN	gene_germline	0
OMIM:277200	CHUA_RO	khong_du_nguon	0
OMIM:277300	DON_GEN	gene_germline	0
OMIM:277320	CHUA_RO	khong_du_nguon	0
OMIM:277350	CHUA_RO	khong_du_nguon	0
OMIM:277380	DON_GEN	gene_germline	0
OMIM:277400	DON_GEN	gene_germline	0
OMIM:277410	DON_GEN	gene_germline	0
OMIM:277440	DON_GEN	gene_germline	0
OMIM:277450	DON_GEN	gene_germline	0
OMIM:277460	DON_GEN	gene_germline	0
OMIM:277470	DON_GEN	gene_germline	0
OMIM:277480	DON_GEN	gene_germline	0
OMIM:277580	DON_GEN	gene_germline	0
OMIM:277590	DON_GEN	gene_germline	0
OMIM:277600	DON_GEN	gene_germline	0
OMIM:277700	DON_GEN	gene_germline	0
OMIM:277720	CHUA_RO	khong_du_nguon	0
OMIM:277730	CHUA_RO	khong_du_nguon	0
OMIM:277740	CHUA_RO	khong_du_nguon	0
OMIM:277900	DON_GEN	gene_germline	0
OMIM:277950	DON_GEN	gene_germline	0
OMIM:277990	CHUA_RO	khong_du_nguon	0
OMIM:278000	DON_GEN	gene_germline	0
OMIM:278150	DON_GEN	gene_germline	0
OMIM:278200	CHUA_RO	khong_du_nguon	0
OMIM:278250	DON_GEN	gene_germline	0
OMIM:278300	DON_GEN	gene_germline	0
OMIM:278700	DON_GEN	gene_germline	0
OMIM:278720	DON_GEN	gene_germline	0
OMIM:278730	DON_GEN	gene_germline	0
OMIM:278740	DON_GEN	gene_germline	0
OMIM:278750	DON_GEN	gene_germline	0
OMIM:278760	DON_GEN	gene_germline	0
OMIM:278780	DON_GEN	gene_germline	0
OMIM:278800	DON_GEN	gene_germline	0
OMIM:278850	DON_GEN	gene_germline	0
OMIM:279000	DON_GEN	gene_germline	0
OMIM:280000	DON_GEN	gene_germline	0
OMIM:300000	DON_GEN	gene_germline	0
OMIM:300004	DON_GEN	gene_germline	0
OMIM:300009	DON_GEN	gene_germline	0
OMIM:300018	DON_GEN	gene_germline	0
OMIM:300029	DON_GEN	gene_germline	0
OMIM:300030	CHUA_RO	khong_du_nguon	0
OMIM:300046	CHUA_RO	khong_du_nguon	0
OMIM:300047	CHUA_RO	khong_du_nguon	0
OMIM:300048	DON_GEN	gene_germline	0
OMIM:300049	DON_GEN	gene_germline	0
OMIM:300055	DON_GEN	gene_germline	0
OMIM:300062	CHUA_RO	khong_du_nguon	0
OMIM:300066	DON_GEN	gene_germline	0
OMIM:300067	DON_GEN	gene_germline	0
OMIM:300068	DON_GEN	gene_germline	0
OMIM:300071	DON_GEN	gene_germline	0
OMIM:300073	CHUA_RO	khong_du_nguon	0
OMIM:300076	CHUA_RO	khong_du_nguon	0
OMIM:300082	CHUA_RO	khong_du_nguon	0
OMIM:300085	CHUA_RO	khong_du_nguon	0
OMIM:300087	DON_GEN	gene_germline	0
OMIM:300088	DON_GEN	gene_germline	0
OMIM:300100	DON_GEN	gene_germline	0
OMIM:300106	DON_GEN	gene_germline	0
OMIM:300114	DON_GEN	gene_germline	0
OMIM:300115	DON_GEN	gene_germline	0
OMIM:300123	DON_GEN	gene_germline	0
OMIM:300125	CHUA_RO	khong_du_nguon	0
OMIM:300143	DON_GEN	gene_germline	0
OMIM:300147	CHUA_RO	khong_du_nguon	0
OMIM:300148	DON_GEN	gene_germline	0
OMIM:300155	CHUA_RO	khong_du_nguon	0
OMIM:300158	CHUA_RO	khong_du_nguon	0
OMIM:300166	DON_GEN	gene_germline	0
OMIM:300194	CNV	mondo_partial_del_dup	1
OMIM:300200	DON_GEN	gene_germline	0
OMIM:300209	DON_GEN	gene_germline	0
OMIM:300210	DON_GEN	gene_germline	0
OMIM:300211	CHUA_RO	khong_du_nguon	0
OMIM:300215	DON_GEN	gene_germline	0
OMIM:300216	CHUA_RO	khong_du_nguon	0
OMIM:300218	CHUA_RO	khong_du_nguon	0
OMIM:300219	CNV	mondo_partial_del_dup	0
OMIM:300228	CHUA_RO	khong_du_nguon	0
OMIM:300232	DON_GEN	gene_germline	0
OMIM:300238	DON_GEN	gene_germline	0
OMIM:300243	DON_GEN	gene_germline	0
OMIM:300244	DON_GEN	gene_germline	0
OMIM:300245	CHUA_RO	khong_du_nguon	0
OMIM:300257	DON_GEN	gene_germline	0
OMIM:300260	CNV	mondo_partial_del_dup	1
OMIM:300261	DON_GEN	gene_germline	0
OMIM:300262	CHUA_RO	khong_du_nguon	0
OMIM:300263	DON_GEN	gene_germline	0
OMIM:300266	DON_GEN	gene_germline	0
OMIM:300271	DON_GEN	gene_germline	0
OMIM:300273	CHUA_RO	khong_du_nguon	0
OMIM:300280	DON_GEN	gene_germline	0
OMIM:300291	DON_GEN	gene_germline	0
OMIM:300299	DON_GEN	gene_germline	0
OMIM:300310	DON_GEN	gene_germline	0
OMIM:300321	DON_GEN	gene_germline	0
OMIM:300322	DON_GEN	gene_germline	0
OMIM:300323	DON_GEN	gene_germline	0
OMIM:300324	CHUA_RO	khong_du_nguon	0
OMIM:300337	CHUA_RO	khong_du_nguon	0
OMIM:300352	DON_GEN	gene_germline	0
OMIM:300354	DON_GEN	gene_germline	0
OMIM:300355	CHUA_RO	khong_du_nguon	0
OMIM:300367	DON_GEN	gene_germline	0
OMIM:300373	DON_GEN	gene_germline	0
OMIM:300376	DON_GEN	gene_germline	0
OMIM:300387	DON_GEN	gene_germline	0
OMIM:300388	CHUA_RO	khong_du_nguon	0
OMIM:300400	DON_GEN	gene_germline	0
OMIM:300406	CHUA_RO	khong_du_nguon	0
OMIM:300419	DON_GEN	gene_germline	0
OMIM:300422	DON_GEN	gene_germline	0
OMIM:300423	DON_GEN	gene_germline	0
OMIM:300424	DON_GEN	gene_germline	0
OMIM:300425	CHUA_RO	khong_du_nguon	0
OMIM:300428	CHUA_RO	khong_du_nguon	0
OMIM:300433	CHUA_RO	khong_du_nguon	0
OMIM:300434	DON_GEN	gene_germline	0
OMIM:300436	CHUA_RO	khong_du_nguon	0
OMIM:300438	DON_GEN	gene_germline	0
OMIM:300448	DON_GEN	gene_germline	1
OMIM:300454	CHUA_RO	khong_du_nguon	0
OMIM:300455	DON_GEN	gene_germline	0
OMIM:300471	CHUA_RO	khong_du_nguon	0
OMIM:300472	DON_GEN	gene_germline	0
OMIM:300475	CNV	mondo_partial_del_dup	1
OMIM:300476	DON_GEN	gene_germline	0
OMIM:300484	CHUA_RO	khong_du_nguon	0
OMIM:300486	DON_GEN	gene_germline	0
OMIM:300488	CHUA_RO	khong_du_nguon	0
OMIM:300489	DON_GEN	gene_germline	0
OMIM:300491	DON_GEN	gene_germline	0
OMIM:300495	CHUA_RO	khong_du_nguon	0
OMIM:300496	CHUA_RO	khong_du_nguon	0
OMIM:300498	CHUA_RO	khong_du_nguon	0
OMIM:300500	DON_GEN	gene_germline	0
OMIM:300505	CHUA_RO	khong_du_nguon	0
OMIM:300510	DON_GEN	gene_germline	0
OMIM:300511	DON_GEN	gene_germline	0
OMIM:300514	DON_GEN	gene_germline	0
OMIM:300518	CHUA_RO	khong_du_nguon	0
OMIM:300519	CHUA_RO	khong_du_nguon	0
OMIM:300523	DON_GEN	gene_germline	0
OMIM:300534	DON_GEN	gene_germline	0
OMIM:300539	DON_GEN	gene_germline	0
OMIM:300554	DON_GEN	gene_germline	0
OMIM:300555	DON_GEN	gene_germline	0
OMIM:300558	DON_GEN	gene_germline	0
OMIM:300559	DON_GEN	gene_germline	0
OMIM:300577	CHUA_RO	khong_du_nguon	0
OMIM:300578	CNV	mondo_partial_del_dup	0
OMIM:300580	CHUA_RO	khong_du_nguon	0
OMIM:300581	CHUA_RO	khong_du_nguon	0
OMIM:300582	DON_GEN	gene_germline	0
OMIM:300589	CHUA_RO	khong_du_nguon	0
OMIM:300590	DON_GEN	gene_germline	0
OMIM:300600	DON_GEN	gene_germline	0
OMIM:300604	DON_GEN	gene_germline	0
OMIM:300607	DON_GEN	gene_germline	0
OMIM:300614	DON_GEN	gene_germline	0
OMIM:300615	DON_GEN	gene_germline	0
OMIM:300619	CHUA_RO	khong_du_nguon	0
OMIM:300622	DON_GEN	gene_germline	0
OMIM:300623	DON_GEN	gene_germline	0
OMIM:300624	DON_GEN	gene_germline	0
OMIM:300633	DON_GEN	gene_germline	0
OMIM:300635	DON_GEN	gene_germline	0
OMIM:300636	DON_GEN	gene_germline	0
OMIM:300643	DON_GEN	gene_germline	0
OMIM:300645	DON_GEN	gene_germline	0
OMIM:300652	CHUA_RO	khong_du_nguon	0
OMIM:300653	DON_GEN	gene_germline	0
OMIM:300659	DON_GEN	gene_germline	0
OMIM:300661	DON_GEN	gene_germline	0
OMIM:300672	DON_GEN	gene_germline	0
OMIM:300673	DON_GEN	gene_germline	0
OMIM:300676	DON_GEN	gene_germline	0
OMIM:300695	DON_GEN	gene_germline	0
OMIM:300696	DON_GEN	gene_germline	0
OMIM:300699	DON_GEN	gene_germline	0
OMIM:300700	CHUA_RO	khong_du_nguon	0
OMIM:300703	DON_GEN	gene_germline	0
OMIM:300705	CNV	ten_benh	0
OMIM:300707	DON_GEN	gene_germline	0
OMIM:300709	CHUA_RO	khong_du_nguon	0
OMIM:300712	CHUA_RO	khong_du_nguon	0
OMIM:300716	CHUA_RO	khong_du_nguon	0
OMIM:300717	DON_GEN	gene_germline	0
OMIM:300718	DON_GEN	gene_germline	0
OMIM:300719	CHUA_RO	khong_du_nguon	0
OMIM:300749	DON_GEN	gene_germline	0
OMIM:300750	DON_GEN	gene_germline	0
OMIM:300751	DON_GEN	gene_germline	0
OMIM:300752	DON_GEN	gene_germline	0
OMIM:300755	DON_GEN	gene_germline	0
OMIM:300758	DON_GEN	gene_germline	0
OMIM:300770	DON_GEN	gene_germline	0
OMIM:300779	CHUA_RO	khong_du_nguon	0
OMIM:300799	DON_GEN	gene_germline	0
OMIM:300801	CNV	mondo_partial_del_dup	0
OMIM:300802	DON_GEN	gene_germline	0
OMIM:300803	DON_GEN	gene_germline	0
OMIM:300804	DON_GEN	gene_germline	0
OMIM:300807	DON_GEN	gene_germline	0
OMIM:300813	DON_GEN	gene_germline	0
OMIM:300814	DON_GEN	gene_germline	0
OMIM:300816	DON_GEN	gene_germline	0
OMIM:300818	DON_GEN	gene_germline	0
OMIM:300830	CHUA_RO	khong_du_nguon	0
OMIM:300831	DON_GEN	gene_germline	0
OMIM:300833	CHUA_RO	khong_du_nguon	0
OMIM:300834	DON_GEN	gene_germline	0
OMIM:300835	DON_GEN	gene_germline	0
OMIM:300842	DON_GEN	gene_germline	0
OMIM:300843	CHUA_RO	khong_du_nguon	0
OMIM:300844	DON_GEN	gene_germline	0
OMIM:300845	CHUA_RO	khong_du_nguon	0
OMIM:300848	CHUA_RO	khong_du_nguon	0
OMIM:300849	DON_GEN	gene_germline	0
OMIM:300850	DON_GEN	gene_germline	0
OMIM:300851	CHUA_RO	khong_du_nguon	0
OMIM:300852	CHUA_RO	khong_du_nguon	0
OMIM:300853	DON_GEN	gene_germline	0
OMIM:300854	DON_GEN	gene_germline	1
OMIM:300855	DON_GEN	gene_germline	0
OMIM:300857	DON_GEN	gene_germline	0
OMIM:300858	CHUA_RO	khong_du_nguon	0
OMIM:300860	DON_GEN	gene_germline	0
OMIM:300861	CHUA_RO	khong_du_nguon	0
OMIM:300863	DON_GEN	gene_germline	0
OMIM:300867	DON_GEN	gene_germline	0
OMIM:300868	DON_GEN	gene_germline	0
OMIM:300869	CNV	mondo_partial_del_dup	0
OMIM:300872	CHUA_RO	khong_du_nguon	0
OMIM:300882	DON_GEN	gene_germline	0
OMIM:300884	DON_GEN	gene_germline	0
OMIM:300886	DON_GEN	gene_germline	0
OMIM:300887	DON_GEN	gene_germline	0
OMIM:300888	DON_GEN	gene_germline	0
OMIM:300894	DON_GEN	gene_germline	0
OMIM:300895	DON_GEN	gene_germline	0
OMIM:300896	DON_GEN	gene_germline	0
OMIM:300905	DON_GEN	gene_germline	0
OMIM:300908	DON_GEN	gene_germline	0
OMIM:300909	CHUA_RO	khong_du_nguon	0
OMIM:300911	DON_GEN	gene_germline	0
OMIM:300912	DON_GEN	gene_germline	0
OMIM:300914	DON_GEN	gene_germline	0
OMIM:300915	DON_GEN	gene_germline	0
OMIM:300918	DON_GEN	gene_germline	0
OMIM:300919	DON_GEN	gene_germline	0
OMIM:300923	DON_GEN	gene_germline	0
OMIM:300928	DON_GEN	gene_germline	0
OMIM:300934	DON_GEN	gene_germline	0
OMIM:300942	CNV	mondo_partial_del_dup	1
OMIM:300943	DON_GEN	gene_germline	0
OMIM:300946	DON_GEN	gene_germline	0
OMIM:300952	DON_GEN	gene_germline	0
OMIM:300953	DON_GEN	gene_germline	0
OMIM:300957	DON_GEN	gene_germline	0
OMIM:300958	DON_GEN	gene_germline	0
OMIM:300960	DON_GEN	gene_germline	0
OMIM:300963	DON_GEN	gene_germline	0
OMIM:300966	DON_GEN	gene_germline	0
OMIM:300967	DON_GEN	gene_germline	0
OMIM:300968	DON_GEN	gene_germline	0
OMIM:300971	DON_GEN	gene_germline	0
OMIM:300972	DON_GEN	gene_germline	0
OMIM:300977	CHUA_RO	khong_du_nguon	0
OMIM:300978	DON_GEN	gene_germline	0
OMIM:300979	CNV	mondo_partial_del_dup	0
OMIM:300982	DON_GEN	gene_germline	0
OMIM:300983	DON_GEN	gene_germline	0
OMIM:300984	DON_GEN	gene_germline	0
OMIM:300985	DON_GEN	gene_germline	0
OMIM:300986	DON_GEN	gene_germline	0
OMIM:300988	DON_GEN	gene_germline	0
OMIM:300989	DON_GEN	gene_germline	0
OMIM:300990	CNV	mondo_partial_del_dup	1
OMIM:300991	DON_GEN	gene_germline	0
OMIM:300997	DON_GEN	gene_germline	0
OMIM:300998	DON_GEN	gene_germline	0
OMIM:301000	DON_GEN	gene_germline	0
OMIM:301006	DON_GEN	gene_germline	0
OMIM:301008	DON_GEN	gene_germline	0
OMIM:301010	DON_GEN	gene_germline	0
OMIM:301013	DON_GEN	gene_germline	0
OMIM:301014	DON_GEN	gene_germline	0
OMIM:301015	DON_GEN	gene_germline	0
OMIM:301018	DON_GEN	gene_germline	0
OMIM:301020	DON_GEN	gene_germline	0
OMIM:301021	DON_GEN	gene_germline	0
OMIM:301022	DON_GEN	gene_germline	0
OMIM:301024	DON_GEN	gene_germline	0
OMIM:301025	DON_GEN	gene_germline	0
OMIM:301026	DON_GEN	gene_germline	0
OMIM:301028	DON_GEN	gene_germline	0
OMIM:301029	DON_GEN	gene_germline	0
OMIM:301030	DON_GEN	gene_germline	0
OMIM:301031	DON_GEN	gene_germline	0
OMIM:301032	DON_GEN	gene_germline	0
OMIM:301033	DON_GEN	gene_germline	0
OMIM:301035	DON_GEN	gene_germline	0
OMIM:301039	DON_GEN	gene_germline	0
OMIM:301040	DON_GEN	gene_germline	0
OMIM:301041	DON_GEN	gene_germline	0
OMIM:301043	DON_GEN	gene_germline	0
OMIM:301044	DON_GEN	gene_germline	0
OMIM:301045	DON_GEN	gene_germline	0
OMIM:301050	DON_GEN	gene_germline	0
OMIM:301051	DON_GEN	gene_germline	0
OMIM:301054	DON_GEN	gene_germline	0
OMIM:301056	DON_GEN	gene_germline	0
OMIM:301058	DON_GEN	gene_germline	0
OMIM:301059	DON_GEN	gene_germline	0
OMIM:301060	DON_GEN	gene_germline	0
OMIM:301066	DON_GEN	gene_germline	0
OMIM:301068	DON_GEN	gene_germline	0
OMIM:301069	CNV	ten_benh	0
OMIM:301071	DON_GEN	gene_germline	0
OMIM:301072	DON_GEN	gene_germline	0
OMIM:301074	DON_GEN	gene_germline	0
OMIM:301075	DON_GEN	gene_germline	0
OMIM:301076	DON_GEN	gene_germline	0
OMIM:301077	DON_GEN	gene_germline	0
OMIM:301078	DON_GEN	gene_germline	0
OMIM:301080	DON_GEN	gene_germline	0
OMIM:301081	DON_GEN	gene_germline	0
OMIM:301082	DON_GEN	gene_germline	0
OMIM:301083	DON_GEN	gene_germline	0
OMIM:301091	DON_GEN	gene_germline	0
OMIM:301094	DON_GEN	gene_germline	0
OMIM:301095	DON_GEN	gene_germline	0
OMIM:301099	DON_GEN	gene_germline	0
OMIM:301101	DON_GEN	gene_germline	0
OMIM:301106	DON_GEN	gene_germline	0
OMIM:301107	DON_GEN	gene_germline	0
OMIM:301108	DON_GEN	gene_germline	0
OMIM:301109	DON_GEN	gene_germline	0
OMIM:301110	DON_GEN	gene_germline	0
OMIM:301111	DON_GEN	gene_germline	0
OMIM:301114	DON_GEN	gene_germline	0
OMIM:301115	DON_GEN	gene_germline	0
OMIM:301116	DON_GEN	gene_germline	0
OMIM:301118	DON_GEN	gene_germline	0
OMIM:301119	CHUA_RO	khong_du_nguon	0
OMIM:301120	CHUA_RO	khong_du_nguon	0
OMIM:301127	DON_GEN	gene_germline	0
OMIM:301132	DON_GEN	gene_germline	0
OMIM:301133	DON_GEN	gene_germline	0
OMIM:301134	DON_GEN	gene_germline	0
OMIM:301137	DON_GEN	gene_germline	0
OMIM:301142	DON_GEN	gene_germline	0
OMIM:301148	DON_GEN	gene_germline	0
OMIM:301163	DON_GEN	gene_germline	0
OMIM:301200	DON_GEN	gene_germline	0
OMIM:301201	CHUA_RO	khong_du_nguon	0
OMIM:301220	DON_GEN	gene_germline	0
OMIM:301310	DON_GEN	gene_germline	0
OMIM:301500	DON_GEN	gene_germline	0
OMIM:301700	CHUA_RO	khong_du_nguon	0
OMIM:301830	DON_GEN	gene_germline	0
OMIM:301835	DON_GEN	gene_germline	0
OMIM:301845	CHUA_RO	khong_du_nguon	0
OMIM:301900	DON_GEN	gene_germline	0
OMIM:301950	CHUA_RO	khong_du_nguon	0
OMIM:302000	CHUA_RO	khong_du_nguon	0
OMIM:302030	CHUA_RO	khong_du_nguon	0
OMIM:302045	DON_GEN	gene_germline	0
OMIM:302060	DON_GEN	gene_germline	0
OMIM:302200	DON_GEN	gene_germline	0
OMIM:302350	DON_GEN	gene_germline	0
OMIM:302400	CHUA_RO	khong_du_nguon	0
OMIM:302500	DON_GEN	gene_germline	0
OMIM:302600	CHUA_RO	khong_du_nguon	0
OMIM:302700	CHUA_RO	khong_du_nguon	0
OMIM:302800	DON_GEN	gene_germline	0
OMIM:302801	CHUA_RO	khong_du_nguon	0
OMIM:302802	CHUA_RO	khong_du_nguon	0
OMIM:302803	CHUA_RO	khong_du_nguon	0
OMIM:302905	DON_GEN	gene_germline	0
OMIM:302950	DON_GEN	gene_germline	0
OMIM:302960	DON_GEN	gene_germline	0
OMIM:303100	DON_GEN	gene_germline	0
OMIM:303110	CNV	ten_benh	1
OMIM:303350	DON_GEN	gene_germline	0
OMIM:303400	DON_GEN	gene_germline	0
OMIM:303600	DON_GEN	gene_germline	0
OMIM:303700	DON_GEN	gene_germline	0
OMIM:303800	DON_GEN	gene_germline	0
OMIM:303900	DON_GEN	gene_germline	0
OMIM:304020	DON_GEN	gene_germline	0
OMIM:304050	CHUA_RO	khong_du_nguon	0
OMIM:304100	DON_GEN	gene_germline	0
OMIM:304110	DON_GEN	gene_germline	0
OMIM:304120	DON_GEN	gene_germline	0
OMIM:304150	DON_GEN	gene_germline	0
OMIM:304300	CHUA_RO	khong_du_nguon	0
OMIM:304340	DON_GEN	gene_germline	0
OMIM:304400	DON_GEN	gene_germline	0
OMIM:304500	DON_GEN	gene_germline	0
OMIM:304700	DON_GEN	gene_germline	0
OMIM:304730	CHUA_RO	khong_du_nguon	0
OMIM:304790	DON_GEN	gene_germline	0
OMIM:304800	DON_GEN	gene_germline	0
OMIM:305000	DON_GEN	gene_germline	0
OMIM:305100	DON_GEN	gene_germline	0
OMIM:305390	DON_GEN	gene_germline	0
OMIM:305400	DON_GEN	gene_germline	0
OMIM:305435	CHUA_RO	khong_du_nguon	0
OMIM:305450	DON_GEN	gene_germline	0
OMIM:305550	CHUA_RO	khong_du_nguon	0
OMIM:305600	DON_GEN	gene_germline	0
OMIM:305620	DON_GEN	gene_germline	0
OMIM:305690	CHUA_RO	khong_du_nguon	0
OMIM:305700	CHUA_RO	khong_du_nguon	0
OMIM:306000	DON_GEN	gene_germline	0
OMIM:306300	CHUA_RO	khong_du_nguon	0
OMIM:306400	DON_GEN	gene_germline	0
OMIM:306700	DON_GEN	gene_germline	0
OMIM:306900	DON_GEN	gene_germline	0
OMIM:306930	CHUA_RO	khong_du_nguon	0
OMIM:306950	DON_GEN	gene_germline	0
OMIM:306955	DON_GEN	gene_germline	0
OMIM:306960	CHUA_RO	khong_du_nguon	0
OMIM:306980	CHUA_RO	khong_du_nguon	0
OMIM:306990	DON_GEN	gene_germline	0
OMIM:307000	DON_GEN	gene_germline	0
OMIM:307030	DON_GEN	gene_germline	0
OMIM:307150	CHUA_RO	khong_du_nguon	0
OMIM:307200	DON_GEN	gene_germline	0
OMIM:307700	DON_GEN	gene_germline	0
OMIM:307800	DON_GEN	gene_germline	0
OMIM:307830	CHUA_RO	khong_du_nguon	0
OMIM:308050	DON_GEN	gene_germline	0
OMIM:308100	DON_GEN	gene_germline	0
OMIM:308205	DON_GEN	gene_germline	0
OMIM:308220	CHUA_RO	khong_du_nguon	0
OMIM:308230	DON_GEN	gene_germline	0
OMIM:308240	DON_GEN	gene_germline	0
OMIM:308280	CHUA_RO	khong_du_nguon	0
OMIM:308300	DON_GEN	gene_germline	0
OMIM:308350	DON_GEN	gene_germline	0
OMIM:308600	CHUA_RO	khong_du_nguon	0
OMIM:308700	DON_GEN	gene_germline	0
OMIM:308750	CHUA_RO	khong_du_nguon	0
OMIM:308800	DON_GEN	gene_germline	0
OMIM:308830	CHUA_RO	khong_du_nguon	0
OMIM:308905	CHUA_RO	khong_du_nguon	0
OMIM:308940	CNV	mondo_partial_del_dup	0
OMIM:308950	CHUA_RO	khong_du_nguon	0
OMIM:308960	CHUA_RO	khong_du_nguon	0
OMIM:308990	DON_GEN	gene_germline	0
OMIM:309000	DON_GEN	gene_germline	0
OMIM:309050	CHUA_RO	khong_du_nguon	0
OMIM:309100	CHUA_RO	khong_du_nguon	0
OMIM:309120	DON_GEN	gene_germline	0
OMIM:309200	CHUA_RO	khong_du_nguon	0
OMIM:309300	DON_GEN	gene_germline	0
OMIM:309350	DON_GEN	gene_germline	0
OMIM:309400	DON_GEN	gene_germline	0
OMIM:309500	DON_GEN	gene_germline	0
OMIM:309510	DON_GEN	gene_germline	0
OMIM:309520	DON_GEN	gene_germline	0
OMIM:309530	DON_GEN	gene_germline	0
OMIM:309541	DON_GEN	gene_germline	0
OMIM:309545	CHUA_RO	khong_du_nguon	0
OMIM:309548	DON_GEN	gene_germline	0
OMIM:309549	DON_GEN	gene_germline	0
OMIM:309555	DON_GEN	gene_germline	0
OMIM:309560	CHUA_RO	khong_du_nguon	0
OMIM:309580	DON_GEN	gene_germline	0
OMIM:309583	DON_GEN	gene_germline	0
OMIM:309585	DON_GEN	gene_germline	0
OMIM:309590	DON_GEN	gene_germline	0
OMIM:309610	DON_GEN	gene_germline	0
OMIM:309620	CHUA_RO	khong_du_nguon	0
OMIM:309630	DON_GEN	gene_germline	0
OMIM:309800	DON_GEN	gene_germline	0
OMIM:309801	DON_GEN	gene_germline	0
OMIM:309840	CHUA_RO	khong_du_nguon	0
OMIM:309900	DON_GEN	gene_germline	0
OMIM:309930	CHUA_RO	khong_du_nguon	0
OMIM:309950	CHUA_RO	khong_du_nguon	0
OMIM:310200	DON_GEN	gene_germline	0
OMIM:310300	DON_GEN	gene_germline	0
OMIM:310350	CHUA_RO	khong_du_nguon	0
OMIM:310400	DON_GEN	gene_germline	0
OMIM:310440	DON_GEN	gene_germline	0
OMIM:310460	CHUA_RO	khong_du_nguon	0
OMIM:310465	CHUA_RO	khong_du_nguon	0
OMIM:310468	DON_GEN	gene_germline	0
OMIM:310470	CHUA_RO	khong_du_nguon	0
OMIM:310490	DON_GEN	gene_germline	0
OMIM:310500	DON_GEN	gene_germline	0
OMIM:310600	DON_GEN	gene_germline	0
OMIM:310700	DON_GEN	gene_germline	0
OMIM:310800	CHUA_RO	khong_du_nguon	0
OMIM:310980	CHUA_RO	khong_du_nguon	0
OMIM:311000	CHUA_RO	khong_du_nguon	0
OMIM:311050	DON_GEN	gene_germline	0
OMIM:311070	DON_GEN	gene_germline	0
OMIM:311100	CHUA_RO	khong_du_nguon	0
OMIM:311200	DON_GEN	gene_germline	0
OMIM:311250	DON_GEN	gene_germline	0
OMIM:311300	DON_GEN	gene_germline	0
OMIM:311350	CHUA_RO	khong_du_nguon	0
OMIM:311360	DON_GEN	gene_germline	0
OMIM:311400	CHUA_RO	khong_du_nguon	0
OMIM:311510	DON_GEN	gene_germline	0
OMIM:311895	CHUA_RO	khong_du_nguon	0
OMIM:311900	DON_GEN	gene_germline	0
OMIM:312000	DON_GEN	gene_germline	0
OMIM:312060	DON_GEN	gene_germline	0
OMIM:312080	DON_GEN	gene_germline	0
OMIM:312150	CHUA_RO	khong_du_nguon	0
OMIM:312170	DON_GEN	gene_germline	0
OMIM:312190	CHUA_RO	khong_du_nguon	0
OMIM:312200	CHUA_RO	khong_du_nguon	0
OMIM:312210	CHUA_RO	khong_du_nguon	0
OMIM:312300	DON_GEN	gene_germline	0
OMIM:312500	CHUA_RO	khong_du_nguon	0
OMIM:312550	CHUA_RO	khong_du_nguon	0
OMIM:312600	DON_GEN	gene_germline	0
OMIM:312612	CHUA_RO	khong_du_nguon	0
OMIM:312700	DON_GEN	gene_germline	0
OMIM:312750	DON_GEN	gene_germline	0
OMIM:312830	CHUA_RO	khong_du_nguon	0
OMIM:312863	DON_GEN	gene_germline	0
OMIM:312870	DON_GEN	gene_germline	0
OMIM:312910	CHUA_RO	khong_du_nguon	0
OMIM:312920	DON_GEN	gene_germline	0
OMIM:313000	CHUA_RO	khong_du_nguon	0
OMIM:313200	DON_GEN	gene_germline	0
OMIM:313350	CHUA_RO	khong_du_nguon	0
OMIM:313400	DON_GEN	gene_germline	0
OMIM:313420	CHUA_RO	khong_du_nguon	0
OMIM:313500	DON_GEN	gene_germline	0
OMIM:313850	CHUA_RO	khong_du_nguon	0
OMIM:313900	DON_GEN	gene_germline	0
OMIM:314000	CHUA_RO	khong_du_nguon	0
OMIM:314050	DON_GEN	gene_germline	0
OMIM:314100	CHUA_RO	khong_du_nguon	0
OMIM:314240	CHUA_RO	khong_du_nguon	0
OMIM:314250	DON_GEN	gene_germline	0
OMIM:314300	CHUA_RO	khong_du_nguon	0
OMIM:314320	CHUA_RO	khong_du_nguon	0
OMIM:314380	CHUA_RO	khong_du_nguon	0
OMIM:314390	DON_GEN	gene_germline	0
OMIM:314400	DON_GEN	gene_germline	0
OMIM:314500	CHUA_RO	khong_du_nguon	0
OMIM:314550	CHUA_RO	khong_du_nguon	0
OMIM:314560	CHUA_RO	khong_du_nguon	0
OMIM:314580	DON_GEN	gene_germline	0
OMIM:314600	CHUA_RO	khong_du_nguon	0
OMIM:314900	CHUA_RO	khong_du_nguon	0
OMIM:400004	CHUA_RO	khong_du_nguon	0
OMIM:400042	CNV	mondo_partial_del_dup	0
OMIM:400043	CHUA_RO	khong_du_nguon	0
OMIM:400044	DON_GEN	gene_germline	0
OMIM:400045	DON_GEN	gene_germline	0
OMIM:400047	DON_GEN	gene_germline	0
OMIM:415000	CNV	mondo_partial_del_dup	1
OMIM:424500	CHUA_RO	khong_du_nguon	0
OMIM:425500	CHUA_RO	khong_du_nguon	0
OMIM:475000	CHUA_RO	khong_du_nguon	0
OMIM:500001	CHUA_RO	khong_du_nguon	0
OMIM:500002	DON_GEN	gene_germline	0
OMIM:500003	CHUA_RO	khong_du_nguon	0
OMIM:500007	CHUA_RO	khong_du_nguon	0
OMIM:500009	DON_GEN	gene_germline	0
OMIM:500013	CHUA_RO	khong_du_nguon	0
OMIM:500017	CHUA_RO	khong_du_nguon	0
OMIM:500018	CHUA_RO	khong_du_nguon	0
OMIM:502500	CHUA_RO	khong_du_nguon	0
OMIM:515000	CHUA_RO	khong_du_nguon	0
OMIM:520000	CHUA_RO	khong_du_nguon	0
OMIM:530000	DON_GEN	gene_germline	0
OMIM:535000	DON_GEN	gene_germline	0
OMIM:540000	DON_GEN	gene_germline	0
OMIM:545000	DON_GEN	gene_germline	0
OMIM:550500	CHUA_RO	khong_du_nguon	0
OMIM:551000	DON_GEN	gene_germline	0
OMIM:551500	DON_GEN	gene_germline	0
OMIM:553000	CHUA_RO	khong_du_nguon	0
OMIM:557000	CHUA_RO	khong_du_nguon	0
OMIM:560000	CHUA_RO	khong_du_nguon	0
OMIM:580000	DON_GEN	gene_germline	0
OMIM:598500	CHUA_RO	khong_du_nguon	0
OMIM:600001	DON_GEN	gene_germline	0
OMIM:600002	DON_GEN	gene_germline	0
OMIM:600057	CHUA_RO	khong_du_nguon	0
OMIM:600059	DON_GEN	gene_germline	0
OMIM:600060	DON_GEN	gene_germline	0
OMIM:600072	DON_GEN	gene_germline	0
OMIM:600080	CHUA_RO	khong_du_nguon	0
OMIM:600081	DON_GEN	gene_germline	0
OMIM:600082	CHUA_RO	khong_du_nguon	0
OMIM:600084	CHUA_RO	khong_du_nguon	0
OMIM:600089	CHUA_RO	khong_du_nguon	0
OMIM:600092	DON_GEN	gene_germline	0
OMIM:600093	CHUA_RO	khong_du_nguon	0
OMIM:600101	DON_GEN	gene_germline	0
OMIM:600105	DON_GEN	gene_germline	0
OMIM:600110	DON_GEN	gene_germline	0
OMIM:600116	DON_GEN	gene_germline	0
OMIM:600117	CHUA_RO	khong_du_nguon	0
OMIM:600118	DON_GEN	gene_germline	0
OMIM:600121	DON_GEN	gene_germline	0
OMIM:600131	CHUA_RO	khong_du_nguon	0
OMIM:600132	DON_GEN	gene_germline	0
OMIM:600138	DON_GEN	gene_germline	0
OMIM:600142	DON_GEN	gene_germline	0
OMIM:600143	DON_GEN	gene_germline	0
OMIM:600145	DON_GEN	gene_germline	0
OMIM:600151	DON_GEN	gene_germline	0
OMIM:600155	CHUA_RO	khong_du_nguon	0
OMIM:600156	CHUA_RO	khong_du_nguon	0
OMIM:600165	DON_GEN	gene_germline	0
OMIM:600166	CHUA_RO	khong_du_nguon	0
OMIM:600175	DON_GEN	gene_germline	0
OMIM:600176	CHUA_RO	khong_du_nguon	0
OMIM:600193	CHUA_RO	khong_du_nguon	0
OMIM:600195	DON_GEN	gene_germline	0
OMIM:600202	CHUA_RO	khong_du_nguon	0
OMIM:600204	DON_GEN	gene_germline	0
OMIM:600209	CHUA_RO	khong_du_nguon	0
OMIM:600223	DON_GEN	gene_germline	0
OMIM:600224	DON_GEN	gene_germline	0
OMIM:600231	DON_GEN	gene_germline	0
OMIM:600251	DON_GEN	gene_germline	0
OMIM:600252	CHUA_RO	khong_du_nguon	0
OMIM:600257	CNV	mondo_partial_del_dup	0
OMIM:600263	CHUA_RO	khong_du_nguon	0
OMIM:600268	DON_GEN	gene_germline	0
OMIM:600269	CHUA_RO	khong_du_nguon	0
OMIM:600273	CNV	mondo_partial_del_dup	0
OMIM:600274	DON_GEN	gene_germline	0
OMIM:600316	DON_GEN	gene_germline	0
OMIM:600325	CHUA_RO	khong_du_nguon	0
OMIM:600331	CHUA_RO	khong_du_nguon	0
OMIM:600332	CHUA_RO	khong_du_nguon	0
OMIM:600334	DON_GEN	gene_germline	0
OMIM:600335	CHUA_RO	khong_du_nguon	0
OMIM:600343	CHUA_RO	khong_du_nguon	0
OMIM:600348	DON_GEN	gene_germline	0
OMIM:600356	CHUA_RO	khong_du_nguon	0
OMIM:600360	CHUA_RO	khong_du_nguon	0
OMIM:600361	CHUA_RO	khong_du_nguon	0
OMIM:600363	DON_GEN	gene_germline	0
OMIM:600373	DON_GEN	gene_germline	0
OMIM:600376	DON_GEN	gene_germline	0
OMIM:600383	CNV	mondo_partial_del_dup	0
OMIM:600384	CHUA_RO	khong_du_nguon	0
OMIM:600419	CHUA_RO	khong_du_nguon	0
OMIM:600430	CNV	mondo_partial_del_dup	1
OMIM:600457	CHUA_RO	khong_du_nguon	0
OMIM:600459	CHUA_RO	khong_du_nguon	0
OMIM:600460	CHUA_RO	khong_du_nguon	0
OMIM:600462	DON_GEN	gene_germline	0
OMIM:600467	CHUA_RO	khong_du_nguon	0
OMIM:600496	DON_GEN	gene_germline	0
OMIM:600501	DON_GEN	gene_germline	0
OMIM:600510	CHUA_RO	khong_du_nguon	0
OMIM:600511	CHUA_RO	khong_du_nguon	0
OMIM:600512	DON_GEN	gene_germline	0
OMIM:600513	DON_GEN	gene_germline	0
OMIM:600546	CHUA_RO	khong_du_nguon	0
OMIM:600559	CHUA_RO	khong_du_nguon	0
OMIM:600561	CHUA_RO	khong_du_nguon	0
OMIM:600593	CHUA_RO	khong_du_nguon	0
OMIM:600624	CHUA_RO	khong_du_nguon	0
OMIM:600625	DON_GEN	gene_germline	0
OMIM:600627	DON_GEN	gene_germline	0
OMIM:600628	CHUA_RO	khong_du_nguon	0
OMIM:600630	DON_GEN	gene_germline	0
OMIM:600631	CHUA_RO	khong_du_nguon	0
OMIM:600638	DON_GEN	gene_germline	0
OMIM:600649	DON_GEN	gene_germline	0
OMIM:600652	DON_GEN	gene_germline	0
OMIM:600666	DON_GEN	gene_germline	0
OMIM:600668	CHUA_RO	khong_du_nguon	0
OMIM:600669	CHUA_RO	khong_du_nguon	0
OMIM:600670	CHUA_RO	khong_du_nguon	0
OMIM:600674	DON_GEN	gene_germline	0
OMIM:600705	CHUA_RO	khong_du_nguon	0
OMIM:600706	CHUA_RO	khong_du_nguon	0
OMIM:600721	DON_GEN	gene_germline	0
OMIM:600740	DON_GEN	gene_germline	0
OMIM:600757	CHUA_RO	khong_du_nguon	0
OMIM:600775	DON_GEN	gene_germline	0
OMIM:600776	CHUA_RO	khong_du_nguon	0
OMIM:600785	CHUA_RO	khong_du_nguon	0
OMIM:600790	CHUA_RO	khong_du_nguon	0
OMIM:600791	DON_GEN	gene_germline	0
OMIM:600792	CHUA_RO	khong_du_nguon	0
OMIM:600794	DON_GEN	gene_germline	0
OMIM:600795	DON_GEN	gene_germline	0
OMIM:600802	DON_GEN	gene_germline	0
OMIM:600803	DON_GEN	gene_germline	0
OMIM:600807	CHUA_RO	khong_du_nguon	0
OMIM:600808	CHUA_RO	khong_du_nguon	0
OMIM:600850	CHUA_RO	khong_du_nguon	0
OMIM:600852	CHUA_RO	khong_du_nguon	0
OMIM:600858	DON_GEN	gene_germline	0
OMIM:600880	CHUA_RO	khong_du_nguon	0
OMIM:600881	DON_GEN	gene_germline	0
OMIM:600882	DON_GEN	gene_germline	0
OMIM:600884	CHUA_RO	khong_du_nguon	0
OMIM:600886	DON_GEN	gene_germline	0
OMIM:600901	DON_GEN	gene_germline	0
OMIM:600919	DON_GEN	gene_germline	0
OMIM:600920	DON_GEN	gene_germline	0
OMIM:600952	CHUA_RO	khong_du_nguon	0
OMIM:600955	DON_GEN	gene_germline	0
OMIM:600962	DON_GEN	gene_germline	0
OMIM:600965	DON_GEN	gene_germline	0
OMIM:600969	DON_GEN	gene_germline	0
OMIM:600971	DON_GEN	gene_germline	0
OMIM:600972	DON_GEN	gene_germline	0
OMIM:600974	DON_GEN	gene_germline	0
OMIM:600975	DON_GEN	gene_germline	0
OMIM:600977	DON_GEN	gene_germline	0
OMIM:600987	DON_GEN	gene_germline	0
OMIM:600989	CHUA_RO	khong_du_nguon	0
OMIM:600994	DON_GEN	gene_germline	0
OMIM:600995	DON_GEN	gene_germline	0
OMIM:601001	DON_GEN	gene_germline	0
OMIM:601003	DON_GEN	gene_germline	0
OMIM:601004	CHUA_RO	khong_du_nguon	0
OMIM:601005	DON_GEN	gene_germline	0
OMIM:601042	DON_GEN	gene_germline	0
OMIM:601067	DON_GEN	gene_germline	0
OMIM:601068	DON_GEN	gene_germline	0
OMIM:601071	DON_GEN	gene_germline	0
OMIM:601072	DON_GEN	gene_germline	0
OMIM:601075	CHUA_RO	khong_du_nguon	0
OMIM:601076	CHUA_RO	khong_du_nguon	0
OMIM:601086	CHUA_RO	khong_du_nguon	0
OMIM:601088	DON_GEN	gene_germline	0
OMIM:601096	CHUA_RO	khong_du_nguon	0
OMIM:601098	DON_GEN	gene_germline	0
OMIM:601104	DON_GEN	gene_germline	0
OMIM:601110	DON_GEN	gene_germline	0
OMIM:601127	CHUA_RO	khong_du_nguon	0
OMIM:601144	DON_GEN	gene_germline	0
OMIM:601152	DON_GEN	gene_germline	0
OMIM:601154	DON_GEN	gene_germline	0
OMIM:601162	DON_GEN	gene_germline	0
OMIM:601163	CHUA_RO	khong_du_nguon	0
OMIM:601186	DON_GEN	gene_germline	0
OMIM:601187	CHUA_RO	khong_du_nguon	0
OMIM:601195	CHUA_RO	khong_du_nguon	0
OMIM:601198	DON_GEN	gene_germline	0
OMIM:601200	DON_GEN	gene_germline	0
OMIM:601202	CHUA_RO	khong_du_nguon	0
OMIM:601214	DON_GEN	gene_germline	0
OMIM:601216	DON_GEN	gene_germline	0
OMIM:601223	CHUA_RO	khong_du_nguon	0
OMIM:601224	CNV	mondo_partial_del_dup	0
OMIM:601228	CHUA_RO	khong_du_nguon	0
OMIM:601230	CHUA_RO	khong_du_nguon	0
OMIM:601238	DON_GEN	gene_germline	0
OMIM:601277	DON_GEN	gene_germline	0
OMIM:601287	DON_GEN	gene_germline	0
OMIM:601316	DON_GEN	gene_germline	0
OMIM:601317	DON_GEN	gene_germline	0
OMIM:601319	CHUA_RO	khong_du_nguon	0
OMIM:601321	DON_GEN	gene_germline	0
OMIM:601322	CHUA_RO	khong_du_nguon	0
OMIM:601331	CHUA_RO	khong_du_nguon	0
OMIM:601338	DON_GEN	gene_germline	0
OMIM:601341	CHUA_RO	khong_du_nguon	0
OMIM:601344	CHUA_RO	khong_du_nguon	0
OMIM:601345	CHUA_RO	khong_du_nguon	0
OMIM:601346	CHUA_RO	khong_du_nguon	0
OMIM:601349	CHUA_RO	khong_du_nguon	0
OMIM:601353	DON_GEN	gene_germline	0
OMIM:601355	CHUA_RO	khong_du_nguon	0
OMIM:601356	CHUA_RO	khong_du_nguon	0
OMIM:601357	CHUA_RO	khong_du_nguon	0
OMIM:601358	DON_GEN	gene_germline	0
OMIM:601360	DON_GEN	gene_germline	0
OMIM:601363	CHUA_RO	khong_du_nguon	0
OMIM:601367	CHUA_RO	khong_du_nguon	0
OMIM:601369	DON_GEN	gene_germline	0
OMIM:601370	CHUA_RO	khong_du_nguon	0
OMIM:601371	CHUA_RO	khong_du_nguon	0
OMIM:601374	CHUA_RO	khong_du_nguon	0
OMIM:601379	CHUA_RO	khong_du_nguon	0
OMIM:601382	DON_GEN	gene_germline	0
OMIM:601386	DON_GEN	gene_germline	0
OMIM:601389	CHUA_RO	khong_du_nguon	0
OMIM:601390	DON_GEN	gene_germline	0
OMIM:601399	DON_GEN	gene_germline	0
OMIM:601410	DON_GEN	gene_germline	0
OMIM:601412	DON_GEN	gene_germline	0
OMIM:601414	DON_GEN	gene_germline	0
OMIM:601419	DON_GEN	gene_germline	0
OMIM:601427	CHUA_RO	khong_du_nguon	0
OMIM:601438	CHUA_RO	khong_du_nguon	0
OMIM:601449	CHUA_RO	khong_du_nguon	0
OMIM:601453	CHUA_RO	khong_du_nguon	0
OMIM:601455	DON_GEN	gene_germline	0
OMIM:601457	DON_GEN	gene_germline	0
OMIM:601462	DON_GEN	gene_germline	0
OMIM:601466	CHUA_RO	khong_du_nguon	0
OMIM:601471	CHUA_RO	khong_du_nguon	0
OMIM:601472	DON_GEN	gene_germline	0
OMIM:601477	CHUA_RO	khong_du_nguon	0
OMIM:601492	DON_GEN	gene_germline	0
OMIM:601493	DON_GEN	gene_germline	0
OMIM:601494	DON_GEN	gene_germline	0
OMIM:601495	DON_GEN	gene_germline	0
OMIM:601499	CHUA_RO	khong_du_nguon	0
OMIM:601518	DON_GEN	gene_germline	1
OMIM:601536	DON_GEN	gene_germline	0
OMIM:601539	DON_GEN	gene_germline	0
OMIM:601543	DON_GEN	gene_germline	0
OMIM:601544	DON_GEN	gene_germline	0
OMIM:601547	DON_GEN	gene_germline	0
OMIM:601549	CHUA_RO	khong_du_nguon	0
OMIM:601552	DON_GEN	gene_germline	0
OMIM:601553	DON_GEN	gene_germline	0
OMIM:601559	DON_GEN	gene_germline	0
OMIM:601583	CHUA_RO	khong_du_nguon	0
OMIM:601596	DON_GEN	gene_germline	0
OMIM:601606	DON_GEN	gene_germline	0
OMIM:601608	CHUA_RO	khong_du_nguon	0
OMIM:601612	CHUA_RO	khong_du_nguon	0
OMIM:601616	CHUA_RO	khong_du_nguon	0
OMIM:601626	DON_GEN	gene_germline	1
OMIM:601631	DON_GEN	gene_germline	0
OMIM:601634	CHUA_RO	khong_du_nguon	0
OMIM:601650	DON_GEN	gene_germline	0
OMIM:601665	DON_GEN	gene_germline	0
OMIM:601666	CHUA_RO	khong_du_nguon	0
OMIM:601675	DON_GEN	gene_germline	0
OMIM:601678	DON_GEN	gene_germline	0
OMIM:601680	DON_GEN	gene_germline	0
OMIM:601682	CHUA_RO	khong_du_nguon	0
OMIM:601700	CHUA_RO	khong_du_nguon	0
OMIM:601701	CHUA_RO	khong_du_nguon	0
OMIM:601705	DON_GEN	gene_germline	0
OMIM:601707	DON_GEN	gene_germline	0
OMIM:601708	CHUA_RO	khong_du_nguon	0
OMIM:601709	DON_GEN	gene_germline	0
OMIM:601718	DON_GEN	gene_germline	0
OMIM:601759	CHUA_RO	khong_du_nguon	0
OMIM:601764	CHUA_RO	khong_du_nguon	0
OMIM:601775	DON_GEN	gene_germline	0
OMIM:601776	DON_GEN	gene_germline	0
OMIM:601777	DON_GEN	gene_germline	0
OMIM:601780	DON_GEN	gene_germline	0
OMIM:601794	CHUA_RO	khong_du_nguon	0
OMIM:601800	CHUA_RO	khong_du_nguon	0
OMIM:601803	CNV	mondo_partial_del_dup	0
OMIM:601808	CNV	mondo_partial_del_dup	0
OMIM:601811	CHUA_RO	khong_du_nguon	0
OMIM:601812	DON_GEN	gene_germline	0
OMIM:601813	DON_GEN	gene_germline	0
OMIM:601815	DON_GEN	gene_germline	0
OMIM:601820	DON_GEN	gene_germline	0
OMIM:601846	DON_GEN	gene_germline	0
OMIM:601847	DON_GEN	gene_germline	0
OMIM:601853	CHUA_RO	khong_du_nguon	0
OMIM:601859	DON_GEN	gene_germline	0
OMIM:601868	DON_GEN	gene_germline	0
OMIM:601869	DON_GEN	gene_germline	0
OMIM:601884	DON_GEN	gene_germline	0
OMIM:601885	DON_GEN	gene_germline	0
OMIM:601887	CHUA_RO	khong_du_nguon	0
OMIM:601894	DON_GEN	gene_germline	0
OMIM:601927	CHUA_RO	khong_du_nguon	0
OMIM:601941	CHUA_RO	khong_du_nguon	0
OMIM:601942	CHUA_RO	khong_du_nguon	0
OMIM:601952	DON_GEN	gene_germline	0
OMIM:601954	DON_GEN	gene_germline	0
OMIM:601957	CHUA_RO	khong_du_nguon	0
OMIM:601977	DON_GEN	gene_germline	0
OMIM:601979	DON_GEN	gene_germline	0
OMIM:601992	DON_GEN	gene_germline	0
OMIM:602014	DON_GEN	gene_germline	0
OMIM:602025	CHUA_RO	khong_du_nguon	0
OMIM:602032	DON_GEN	gene_germline	0
OMIM:602066	DON_GEN	gene_germline	0
OMIM:602068	CHUA_RO	khong_du_nguon	0
OMIM:602071	CHUA_RO	khong_du_nguon	0
OMIM:602078	DON_GEN	gene_germline	0
OMIM:602079	DON_GEN	gene_germline	0
OMIM:602080	CHUA_RO	khong_du_nguon	0
OMIM:602081	DON_GEN	gene_germline	0
OMIM:602082	DON_GEN	gene_germline	0
OMIM:602083	DON_GEN	gene_germline	0
OMIM:602085	CHUA_RO	khong_du_nguon	0
OMIM:602086	CHUA_RO	khong_du_nguon	0
OMIM:602087	CHUA_RO	khong_du_nguon	0
OMIM:602088	DON_GEN	gene_germline	0
OMIM:602089	DON_GEN	gene_germline	0
OMIM:602092	DON_GEN	gene_germline	0
OMIM:602093	DON_GEN	gene_germline	0
OMIM:602096	CHUA_RO	khong_du_nguon	0
OMIM:602097	CHUA_RO	khong_du_nguon	0
OMIM:602099	DON_GEN	gene_germline	0
OMIM:602111	DON_GEN	gene_germline	0
OMIM:602114	CHUA_RO	khong_du_nguon	0
OMIM:602124	CHUA_RO	khong_du_nguon	0
OMIM:602134	CHUA_RO	khong_du_nguon	0
OMIM:602152	DON_GEN	gene_germline	0
OMIM:602196	CHUA_RO	khong_du_nguon	0
OMIM:602197	CHUA_RO	khong_du_nguon	0
OMIM:602199	CHUA_RO	khong_du_nguon	0
OMIM:602200	CHUA_RO	khong_du_nguon	0
OMIM:602247	CHUA_RO	khong_du_nguon	0
OMIM:602248	CHUA_RO	khong_du_nguon	0
OMIM:602271	DON_GEN	gene_germline	0
OMIM:602342	DON_GEN	gene_germline	0
OMIM:602347	DON_GEN	gene_germline	0
OMIM:602361	DON_GEN	gene_germline	0
OMIM:602390	DON_GEN	gene_germline	0
OMIM:602398	DON_GEN	gene_germline	0
OMIM:602400	DON_GEN	gene_germline	0
OMIM:602401	CHUA_RO	khong_du_nguon	0
OMIM:602418	CHUA_RO	khong_du_nguon	0
OMIM:602433	DON_GEN	gene_germline	0
OMIM:602440	CHUA_RO	khong_du_nguon	0
OMIM:602450	DON_GEN	gene_germline	0
OMIM:602459	DON_GEN	gene_germline	0
OMIM:602471	DON_GEN	gene_germline	0
OMIM:602473	DON_GEN	gene_germline	0
OMIM:602475	CHUA_RO	khong_du_nguon	0
OMIM:602477	DON_GEN	gene_germline	0
OMIM:602481	DON_GEN	gene_germline	0
OMIM:602482	DON_GEN	gene_germline	0
OMIM:602483	DON_GEN	gene_germline	0
OMIM:602484	CHUA_RO	khong_du_nguon	0
OMIM:602485	DON_GEN	gene_germline	0
OMIM:602499	CHUA_RO	khong_du_nguon	0
OMIM:602501	DON_GEN	gene_germline	0
OMIM:602522	DON_GEN	gene_germline	0
OMIM:602531	DON_GEN	gene_germline	0
OMIM:602535	DON_GEN	gene_germline	0
OMIM:602540	DON_GEN	gene_germline	0
OMIM:602541	DON_GEN	gene_germline	0
OMIM:602554	CHUA_RO	khong_du_nguon	0
OMIM:602557	DON_GEN	gene_germline	0
OMIM:602562	CHUA_RO	khong_du_nguon	0
OMIM:602579	DON_GEN	gene_germline	0
OMIM:602588	DON_GEN	gene_germline	0
OMIM:602629	DON_GEN	gene_germline	0
OMIM:602668	DON_GEN	gene_germline	0
OMIM:602722	DON_GEN	gene_germline	0
OMIM:602723	DON_GEN	gene_germline	0
OMIM:602771	DON_GEN	gene_germline	0
OMIM:602772	DON_GEN	gene_germline	0
OMIM:602782	DON_GEN	gene_germline	0
OMIM:602849	DON_GEN	gene_germline	0
OMIM:602875	DON_GEN	gene_germline	0
OMIM:603010	CHUA_RO	khong_du_nguon	0
OMIM:603034	DON_GEN	gene_germline	0
OMIM:603041	DON_GEN	gene_germline	0
OMIM:603075	CHUA_RO	khong_du_nguon	0
OMIM:603098	CHUA_RO	khong_du_nguon	0
OMIM:603116	DON_GEN	gene_germline	0
OMIM:603147	DON_GEN	gene_germline	0
OMIM:603165	CHUA_RO	khong_du_nguon	0
OMIM:603194	DON_GEN	gene_germline	0
OMIM:603204	CHUA_RO	khong_du_nguon	0
OMIM:603218	DON_GEN	gene_germline	0
OMIM:603221	CHUA_RO	khong_du_nguon	0
OMIM:603233	DON_GEN	gene_germline	0
OMIM:603278	DON_GEN	gene_germline	0
OMIM:603284	DON_GEN	gene_germline	0
OMIM:603285	DON_GEN	gene_germline	0
OMIM:603358	DON_GEN	gene_germline	0
OMIM:603373	DON_GEN	gene_germline	0
OMIM:603383	DON_GEN	gene_germline	0
OMIM:603387	DON_GEN	gene_germline	0
OMIM:603457	DON_GEN	gene_germline	0
OMIM:603467	DON_GEN	gene_germline	0
OMIM:603471	DON_GEN	gene_germline	0
OMIM:603472	DON_GEN	gene_germline	0
OMIM:603511	DON_GEN	gene_germline	0
OMIM:603516	DON_GEN	gene_germline	0
OMIM:603529	CHUA_RO	khong_du_nguon	0
OMIM:603543	DON_GEN	gene_germline	0
OMIM:603546	DON_GEN	gene_germline	0
OMIM:603552	DON_GEN	gene_germline	0
OMIM:603553	DON_GEN	gene_germline	0
OMIM:603554	DON_GEN	gene_germline	0
OMIM:603563	DON_GEN	gene_germline	0
OMIM:603585	DON_GEN	gene_germline	0
OMIM:603592	DON_GEN	gene_germline	0
OMIM:603622	DON_GEN	gene_germline	0
OMIM:603629	DON_GEN	gene_germline	0
OMIM:603649	CHUA_RO	khong_du_nguon	0
OMIM:603671	DON_GEN	gene_germline	0
OMIM:603678	CHUA_RO	khong_du_nguon	0
OMIM:603688	CHUA_RO	khong_du_nguon	0
OMIM:603689	DON_GEN	gene_germline	0
OMIM:603720	DON_GEN	gene_germline	0
OMIM:603736	DON_GEN	gene_germline	0
OMIM:603776	DON_GEN	gene_germline	0
OMIM:603786	DON_GEN	gene_germline	0
OMIM:603813	DON_GEN	gene_germline	0
OMIM:603829	DON_GEN	gene_germline	0
OMIM:603830	DON_GEN	gene_germline	0
OMIM:603855	CHUA_RO	khong_du_nguon	0
OMIM:603896	DON_GEN	gene_germline	0
OMIM:603902	DON_GEN	gene_germline	0
OMIM:603903	DON_GEN	gene_germline	0
OMIM:603909	DON_GEN	gene_germline	0
OMIM:603956	DON_GEN	gene_germline	1
OMIM:603964	CHUA_RO	khong_du_nguon	0
OMIM:603965	DON_GEN	gene_germline	0
OMIM:604004	DON_GEN	gene_germline	0
OMIM:604060	CHUA_RO	khong_du_nguon	0
OMIM:604091	DON_GEN	gene_germline	0
OMIM:604093	DON_GEN	gene_germline	0
OMIM:604116	DON_GEN	gene_germline	0
OMIM:604117	DON_GEN	gene_germline	0
OMIM:604121	DON_GEN	gene_germline	0
OMIM:604129	DON_GEN	gene_germline	0
OMIM:604131	DON_GEN	gene_germline	0
OMIM:604145	DON_GEN	gene_germline	0
OMIM:604168	CNV	mondo_partial_del_dup	1
OMIM:604169	DON_GEN	gene_germline	0
OMIM:604173	DON_GEN	gene_germline	0
OMIM:604185	CHUA_RO	khong_du_nguon	0
OMIM:604187	DON_GEN	gene_germline	0
OMIM:604213	DON_GEN	gene_germline	0
OMIM:604218	DON_GEN	gene_germline	0
OMIM:604219	DON_GEN	gene_germline	0
OMIM:604229	DON_GEN	gene_germline	0
OMIM:604232	DON_GEN	gene_germline	0
OMIM:604233	DON_GEN	gene_germline	0
OMIM:604250	DON_GEN	gene_germline	0
OMIM:604271	DON_GEN	gene_germline	0
OMIM:604273	DON_GEN	gene_germline	0
OMIM:604278	DON_GEN	gene_germline	0
OMIM:604286	DON_GEN	gene_germline	0
OMIM:604288	CHUA_RO	khong_du_nguon	0
OMIM:604290	DON_GEN	gene_germline	0
OMIM:604292	DON_GEN	gene_germline	0
OMIM:604307	DON_GEN	gene_germline	0
OMIM:604308	DON_GEN	gene_germline	0
OMIM:604314	CHUA_RO	khong_du_nguon	0
OMIM:604317	DON_GEN	gene_germline	0
OMIM:604320	DON_GEN	gene_germline	0
OMIM:604321	DON_GEN	gene_germline	0
OMIM:604326	DON_GEN	gene_germline	0
OMIM:604348	DON_GEN	gene_germline	0
OMIM:604352	DON_GEN	gene_germline	0
OMIM:604356	DON_GEN	gene_germline	0
OMIM:604360	DON_GEN	gene_germline	0
OMIM:604364	DON_GEN	gene_germline	0
OMIM:604367	DON_GEN	gene_germline	0
OMIM:604369	DON_GEN	gene_germline	0
OMIM:604370	CHUA_RO	khong_du_nguon	0
OMIM:604377	DON_GEN	gene_germline	0
OMIM:604379	DON_GEN	gene_germline	0
OMIM:604381	CHUA_RO	khong_du_nguon	0
OMIM:604387	DON_GEN	gene_germline	0
OMIM:604391	DON_GEN	gene_germline	0
OMIM:604393	DON_GEN	gene_germline	0
OMIM:604400	DON_GEN	gene_germline	0
OMIM:604401	CHUA_RO	khong_du_nguon	0
OMIM:604403	DON_GEN	gene_germline	0
OMIM:604416	DON_GEN	gene_germline	0
OMIM:604432	DON_GEN	gene_germline	0
OMIM:604454	DON_GEN	gene_germline	0
OMIM:604484	DON_GEN	gene_germline	0
OMIM:604498	DON_GEN	gene_germline	0
OMIM:604519	CHUA_RO	khong_du_nguon	0
OMIM:604536	DON_GEN	gene_germline	0
OMIM:604537	DON_GEN	gene_germline	0
OMIM:604559	DON_GEN	gene_germline	0
OMIM:604563	DON_GEN	gene_germline	0
OMIM:604571	DON_GEN	gene_germline	0
OMIM:604625	DON_GEN	gene_germline	0
OMIM:604715	DON_GEN	gene_germline	0
OMIM:604717	DON_GEN	gene_germline	0
OMIM:604757	DON_GEN	gene_germline	0
OMIM:604765	DON_GEN	gene_germline	0
OMIM:604772	DON_GEN	gene_germline	0
OMIM:604777	DON_GEN	gene_germline	0
OMIM:604801	CHUA_RO	khong_du_nguon	0
OMIM:604802	CHUA_RO	khong_du_nguon	0
OMIM:604804	DON_GEN	gene_germline	0
OMIM:604805	DON_GEN	gene_germline	0
OMIM:604809	CHUA_RO	khong_du_nguon	0
OMIM:604827	CHUA_RO	khong_du_nguon	0
OMIM:604841	DON_GEN	gene_germline	0
OMIM:604864	DON_GEN	gene_germline	0
OMIM:604901	CHUA_RO	khong_du_nguon	0
OMIM:604919	DON_GEN	gene_germline	0
OMIM:604928	DON_GEN	gene_germline	0
OMIM:604931	DON_GEN	gene_germline	0
OMIM:605013	DON_GEN	gene_germline	0
OMIM:605019	DON_GEN	gene_germline	0
OMIM:605021	DON_GEN	gene_germline	0
OMIM:605027	DON_GEN	gene_germline	1
OMIM:605039	DON_GEN	gene_germline	0
OMIM:605041	DON_GEN	gene_germline	0
OMIM:605055	CHUA_RO	khong_du_nguon	0
OMIM:605074	DON_GEN	gene_germline	1
OMIM:605115	DON_GEN	gene_germline	0
OMIM:605130	DON_GEN	gene_germline	0
OMIM:605192	DON_GEN	gene_germline	0
OMIM:605229	DON_GEN	gene_germline	0
OMIM:605231	DON_GEN	gene_germline	0
OMIM:605253	DON_GEN	gene_germline	0
OMIM:605258	DON_GEN	gene_germline	0
OMIM:605259	DON_GEN	gene_germline	0
OMIM:605274	CHUA_RO	khong_du_nguon	0
OMIM:605275	DON_GEN	gene_germline	0
OMIM:605280	DON_GEN	gene_germline	0
OMIM:605282	DON_GEN	gene_germline	0
OMIM:605285	DON_GEN	gene_germline	0
OMIM:605289	DON_GEN	gene_germline	0
OMIM:605309	DON_GEN	gene_germline	0
OMIM:605321	CHUA_RO	khong_du_nguon	0
OMIM:605355	DON_GEN	gene_germline	0
OMIM:605361	DON_GEN	gene_germline	0
OMIM:605362	DON_GEN	gene_germline	0
OMIM:605373	DON_GEN	gene_germline	0
OMIM:605375	DON_GEN	gene_germline	0
OMIM:605376	DON_GEN	gene_germline	0
OMIM:605387	DON_GEN	gene_germline	0
OMIM:605388	CHUA_RO	khong_du_nguon	0
OMIM:605389	DON_GEN	gene_germline	0
OMIM:605407	DON_GEN	gene_germline	0
OMIM:605419	CHUA_RO	khong_du_nguon	0
OMIM:605428	DON_GEN	gene_germline	0
OMIM:605429	CHUA_RO	khong_du_nguon	0
OMIM:605432	DON_GEN	gene_germline	0
OMIM:605462	DON_GEN	gene_germline	1
OMIM:605472	DON_GEN	gene_germline	0
OMIM:605479	DON_GEN	gene_germline	0
OMIM:605543	DON_GEN	gene_germline	0
OMIM:605549	CHUA_RO	khong_du_nguon	0
OMIM:605552	CHUA_RO	khong_du_nguon	0
OMIM:605572	CHUA_RO	khong_du_nguon	0
OMIM:605582	CHUA_RO	khong_du_nguon	0
OMIM:605583	DON_GEN	gene_germline	0
OMIM:605588	DON_GEN	gene_germline	0
OMIM:605589	DON_GEN	gene_germline	0
OMIM:605594	DON_GEN	gene_germline	0
OMIM:605627	CHUA_RO	khong_du_nguon	0
OMIM:605635	DON_GEN	gene_germline	0
OMIM:605637	DON_GEN	gene_germline	0
OMIM:605670	DON_GEN	gene_germline	0
OMIM:605676	DON_GEN	gene_germline	0
OMIM:605711	DON_GEN	gene_germline	0
OMIM:605714	DON_GEN	gene_germline	0
OMIM:605724	DON_GEN	gene_germline	0
OMIM:605726	DON_GEN	gene_germline	0
OMIM:605735	CHUA_RO	khong_du_nguon	0
OMIM:605750	CHUA_RO	khong_du_nguon	0
OMIM:605751	DON_GEN	gene_germline	0
OMIM:605779	CHUA_RO	khong_du_nguon	0
OMIM:605803	CHUA_RO	khong_du_nguon	0
OMIM:605808	CHUA_RO	khong_du_nguon	0
OMIM:605809	DON_GEN	gene_germline	0
OMIM:605814	DON_GEN	gene_germline	0
OMIM:605818	CHUA_RO	khong_du_nguon	0
OMIM:605820	DON_GEN	gene_germline	0
OMIM:605822	DON_GEN	gene_germline	0
OMIM:605827	CHUA_RO	khong_du_nguon	0
OMIM:605850	DON_GEN	gene_germline	0
OMIM:605899	DON_GEN	gene_germline	0
OMIM:605909	DON_GEN	gene_germline	0
OMIM:605911	DON_GEN	gene_germline	0
OMIM:605967	CHUA_RO	khong_du_nguon	0
OMIM:606002	DON_GEN	gene_germline	0
OMIM:606003	DON_GEN	gene_germline	0
OMIM:606012	CHUA_RO	khong_du_nguon	0
OMIM:606053	DON_GEN	gene_germline	0
OMIM:606054	DON_GEN	gene_germline	0
OMIM:606056	DON_GEN	gene_germline	0
OMIM:606068	DON_GEN	gene_germline	0
OMIM:606069	DON_GEN	gene_germline	0
OMIM:606070	DON_GEN	gene_germline	0
OMIM:606071	DON_GEN	gene_germline	0
OMIM:606072	DON_GEN	gene_germline	0
OMIM:606159	DON_GEN	gene_germline	0
OMIM:606164	DON_GEN	gene_germline	0
OMIM:606170	DON_GEN	gene_germline	0
OMIM:606176	DON_GEN	gene_germline	0
OMIM:606217	DON_GEN	gene_germline	0
OMIM:606220	DON_GEN	gene_germline	0
OMIM:606232	CNV	mondo_partial_del_dup	1
OMIM:606240	CHUA_RO	khong_du_nguon	0
OMIM:606242	CHUA_RO	khong_du_nguon	0
OMIM:606243	DON_GEN	gene_germline	0
OMIM:606263	CHUA_RO	khong_du_nguon	0
OMIM:606282	CHUA_RO	khong_du_nguon	0
OMIM:606324	DON_GEN	gene_germline	0
OMIM:606346	DON_GEN	gene_germline	0
OMIM:606353	DON_GEN	gene_germline	0
OMIM:606367	DON_GEN	gene_germline	0
OMIM:606392	DON_GEN	gene_germline	0
OMIM:606394	DON_GEN	gene_germline	0
OMIM:606407	CNV	mondo_partial_del_dup	0
OMIM:606408	DON_GEN	gene_germline	0
OMIM:606438	DON_GEN	gene_germline	0
OMIM:606445	CHUA_RO	khong_du_nguon	0
OMIM:606451	CHUA_RO	khong_du_nguon	0
OMIM:606482	DON_GEN	gene_germline	0
OMIM:606483	DON_GEN	gene_germline	0
OMIM:606519	CHUA_RO	khong_du_nguon	0
OMIM:606528	CNV	mondo_partial_del_dup	0
OMIM:606545	DON_GEN	gene_germline	0
OMIM:606552	CHUA_RO	khong_du_nguon	0
OMIM:606554	CHUA_RO	khong_du_nguon	0
OMIM:606574	DON_GEN	gene_germline	0
OMIM:606579	CHUA_RO	khong_du_nguon	0
OMIM:606593	DON_GEN	gene_germline	0
OMIM:606595	DON_GEN	gene_germline	0
OMIM:606612	DON_GEN	gene_germline	0
OMIM:606631	DON_GEN	gene_germline	0
OMIM:606640	CHUA_RO	khong_du_nguon	0
OMIM:606658	DON_GEN	gene_germline	0
OMIM:606660	CHUA_RO	khong_du_nguon	0
OMIM:606661	CHUA_RO	khong_du_nguon	0
OMIM:606664	DON_GEN	gene_germline	0
OMIM:606685	DON_GEN	gene_germline	0
OMIM:606688	DON_GEN	gene_germline	0
OMIM:606690	DON_GEN	gene_germline	0
OMIM:606693	DON_GEN	gene_germline	0
OMIM:606703	DON_GEN	gene_germline	0
OMIM:606705	DON_GEN	gene_germline	0
OMIM:606711	CHUA_RO	khong_du_nguon	0
OMIM:606712	CHUA_RO	khong_du_nguon	0
OMIM:606713	DON_GEN	gene_germline	0
OMIM:606719	CHUA_RO	khong_du_nguon	0
OMIM:606721	DON_GEN	gene_germline	0
OMIM:606744	DON_GEN	gene_germline	0
OMIM:606762	DON_GEN	gene_germline	0
OMIM:606763	DON_GEN	gene_germline	0
OMIM:606764	DON_GEN	gene_germline	1
OMIM:606766	DON_GEN	gene_germline	0
OMIM:606768	DON_GEN	gene_germline	0
OMIM:606772	CHUA_RO	khong_du_nguon	0
OMIM:606773	DON_GEN	gene_germline	0
OMIM:606777	DON_GEN	gene_germline	0
OMIM:606785	DON_GEN	gene_germline	0
OMIM:606798	CHUA_RO	khong_du_nguon	0
OMIM:606812	DON_GEN	gene_germline	0
OMIM:606824	DON_GEN	gene_germline	0
OMIM:606835	DON_GEN	gene_germline	0
OMIM:606840	CHUA_RO	khong_du_nguon	0
OMIM:606842	CHUA_RO	khong_du_nguon	0
OMIM:606843	DON_GEN	gene_germline	0
OMIM:606851	CHUA_RO	khong_du_nguon	0
OMIM:606854	DON_GEN	gene_germline	0
OMIM:606856	CHUA_RO	khong_du_nguon	0
OMIM:606864	DON_GEN	gene_germline	0
OMIM:606889	DON_GEN	gene_germline	0
OMIM:606893	DON_GEN	gene_germline	0
OMIM:606895	CHUA_RO	khong_du_nguon	0
OMIM:606943	DON_GEN	gene_germline	0
OMIM:606952	DON_GEN	gene_germline	0
OMIM:606960	CHUA_RO	khong_du_nguon	0
OMIM:606963	CHUA_RO	khong_du_nguon	0
OMIM:606966	DON_GEN	gene_germline	0
OMIM:606995	CHUA_RO	khong_du_nguon	0
OMIM:606996	DON_GEN	gene_germline	0
OMIM:607004	CHUA_RO	khong_du_nguon	0
OMIM:607014	DON_GEN	gene_germline	0
OMIM:607015	DON_GEN	gene_germline	0
OMIM:607016	DON_GEN	gene_germline	0
OMIM:607017	DON_GEN	gene_germline	0
OMIM:607039	DON_GEN	gene_germline	0
OMIM:607060	CHUA_RO	khong_du_nguon	0
OMIM:607078	DON_GEN	gene_germline	0
OMIM:607080	DON_GEN	gene_germline	0
OMIM:607084	DON_GEN	gene_germline	0
OMIM:607088	CHUA_RO	khong_du_nguon	0
OMIM:607091	DON_GEN	gene_germline	0
OMIM:607095	DON_GEN	gene_germline	0
OMIM:607101	DON_GEN	gene_germline	0
OMIM:607107	DON_GEN	gene_germline	1
OMIM:607115	DON_GEN	gene_germline	0
OMIM:607131	DON_GEN	gene_germline	0
OMIM:607136	DON_GEN	gene_germline	0
OMIM:607143	DON_GEN	gene_germline	0
OMIM:607151	CHUA_RO	khong_du_nguon	0
OMIM:607152	DON_GEN	gene_germline	0
OMIM:607155	DON_GEN	gene_germline	0
OMIM:607174	DON_GEN	gene_germline	0
OMIM:607196	DON_GEN	gene_germline	0
OMIM:607200	DON_GEN	gene_germline	0
OMIM:607208	DON_GEN	gene_germline	0
OMIM:607225	DON_GEN	gene_germline	0
OMIM:607239	CHUA_RO	khong_du_nguon	0
OMIM:607250	DON_GEN	gene_germline	0
OMIM:607259	DON_GEN	gene_germline	0
OMIM:607271	DON_GEN	gene_germline	0
OMIM:607278	CHUA_RO	khong_du_nguon	0
OMIM:607313	DON_GEN	gene_germline	0
OMIM:607317	DON_GEN	gene_germline	0
OMIM:607323	DON_GEN	gene_germline	0
OMIM:607326	DON_GEN	gene_germline	0
OMIM:607330	DON_GEN	gene_germline	0
OMIM:607341	DON_GEN	gene_germline	0
OMIM:607346	DON_GEN	gene_germline	0
OMIM:607361	DON_GEN	gene_germline	0
OMIM:607364	DON_GEN	gene_germline	0
OMIM:607371	DON_GEN	gene_germline	0
OMIM:607373	CHUA_RO	khong_du_nguon	0
OMIM:607398	DON_GEN	gene_germline	0
OMIM:607411	CHUA_RO	khong_du_nguon	0
OMIM:607417	DON_GEN	gene_germline	0
OMIM:607426	DON_GEN	gene_germline	0
OMIM:607432	DON_GEN	gene_germline	0
OMIM:607450	DON_GEN	gene_germline	0
OMIM:607453	DON_GEN	gene_germline	0
OMIM:607454	DON_GEN	gene_germline	0
OMIM:607458	DON_GEN	gene_germline	0
OMIM:607459	DON_GEN	gene_germline	0
OMIM:607473	DON_GEN	gene_germline	0
OMIM:607475	DON_GEN	gene_germline	0
OMIM:607476	DON_GEN	gene_germline	0
OMIM:607482	DON_GEN	gene_germline	0
OMIM:607483	DON_GEN	gene_germline	0
OMIM:607485	DON_GEN	gene_germline	0
OMIM:607487	DON_GEN	gene_germline	0
OMIM:607488	CHUA_RO	khong_du_nguon	0
OMIM:607498	CHUA_RO	khong_du_nguon	0
OMIM:607499	CHUA_RO	khong_du_nguon	0
OMIM:607501	CHUA_RO	khong_du_nguon	0
OMIM:607508	CHUA_RO	khong_du_nguon	0
OMIM:607516	CHUA_RO	khong_du_nguon	0
OMIM:607523	DON_GEN	gene_germline	0
OMIM:607539	DON_GEN	gene_germline	0
OMIM:607541	DON_GEN	gene_germline	0
OMIM:607554	DON_GEN	gene_germline	0
OMIM:607565	CHUA_RO	khong_du_nguon	0
OMIM:607584	DON_GEN	gene_germline	0
OMIM:607594	DON_GEN	gene_germline	0
OMIM:607596	DON_GEN	gene_germline	0
OMIM:607598	DON_GEN	gene_germline	0
OMIM:607602	DON_GEN	gene_germline	0
OMIM:607616	DON_GEN	gene_germline	0
OMIM:607624	DON_GEN	gene_germline	0
OMIM:607625	DON_GEN	gene_germline	0
OMIM:607626	DON_GEN	gene_germline	0
OMIM:607628	CHUA_RO	khong_du_nguon	0
OMIM:607631	CHUA_RO	khong_du_nguon	0
OMIM:607634	DON_GEN	gene_germline	0
OMIM:607641	DON_GEN	gene_germline	0
OMIM:607644	CHUA_RO	khong_du_nguon	0
OMIM:607654	DON_GEN	gene_germline	0
OMIM:607671	DON_GEN	gene_germline	0
OMIM:607674	CHUA_RO	khong_du_nguon	0
OMIM:607676	DON_GEN	gene_germline	0
OMIM:607677	DON_GEN	gene_germline	0
OMIM:607678	DON_GEN	gene_germline	0
OMIM:607681	DON_GEN	gene_germline	0
OMIM:607682	CHUA_RO	khong_du_nguon	0
OMIM:607684	DON_GEN	gene_germline	0
OMIM:607685	DON_GEN	gene_germline	0
OMIM:607688	CHUA_RO	khong_du_nguon	0
OMIM:607694	DON_GEN	gene_germline	0
OMIM:607706	DON_GEN	gene_germline	0
OMIM:607721	DON_GEN	gene_germline	0
OMIM:607731	CHUA_RO	khong_du_nguon	0
OMIM:607734	DON_GEN	gene_germline	0
OMIM:607736	DON_GEN	gene_germline	0
OMIM:607745	DON_GEN	gene_germline	0
OMIM:607748	DON_GEN	gene_germline	0
OMIM:607765	DON_GEN	gene_germline	0
OMIM:607778	DON_GEN	gene_germline	0
OMIM:607785	DON_GEN	gene_germline	1
OMIM:607791	DON_GEN	gene_germline	0
OMIM:607812	DON_GEN	gene_germline	0
OMIM:607821	DON_GEN	gene_germline	0
OMIM:607822	DON_GEN	gene_germline	0
OMIM:607823	DON_GEN	gene_germline	0
OMIM:607829	DON_GEN	gene_germline	0
OMIM:607831	DON_GEN	gene_germline	0
OMIM:607832	DON_GEN	gene_germline	0
OMIM:607836	CHUA_RO	khong_du_nguon	0
OMIM:607841	DON_GEN	gene_germline	0
OMIM:607842	DON_GEN	gene_germline	0
OMIM:607847	DON_GEN	gene_germline	0
OMIM:607850	CHUA_RO	khong_du_nguon	0
OMIM:607855	DON_GEN	gene_germline	0
OMIM:607859	CHUA_RO	khong_du_nguon	0
OMIM:607864	DON_GEN	gene_germline	0
OMIM:607872	CNV	mondo_partial_del_dup	1
OMIM:607876	DON_GEN	gene_germline	0
OMIM:607903	DON_GEN	gene_germline	0
OMIM:607906	DON_GEN	gene_germline	0
OMIM:607921	DON_GEN	gene_germline	0
OMIM:607932	DON_GEN	gene_germline	0
OMIM:607936	DON_GEN	gene_germline	0
OMIM:607941	DON_GEN	gene_germline	0
OMIM:607944	DON_GEN	gene_germline	0
OMIM:608013	DON_GEN	gene_germline	0
OMIM:608022	DON_GEN	gene_germline	0
OMIM:608027	DON_GEN	gene_germline	0
OMIM:608029	CHUA_RO	khong_du_nguon	0
OMIM:608030	DON_GEN	gene_germline	0
OMIM:608033	CHUA_RO	khong_du_nguon	0
OMIM:608049	CHUA_RO	khong_du_nguon	0
OMIM:608051	DON_GEN	gene_germline	0
OMIM:608068	DON_GEN	gene_germline	0
OMIM:608089	DON_GEN	gene_germline	1
OMIM:608091	DON_GEN	gene_germline	0
OMIM:608093	DON_GEN	gene_germline	0
OMIM:608096	CHUA_RO	khong_du_nguon	0
OMIM:608097	DON_GEN	gene_germline	0
OMIM:608099	DON_GEN	gene_germline	0
OMIM:608104	DON_GEN	gene_germline	0
OMIM:608105	DON_GEN	gene_germline	0
OMIM:608106	DON_GEN	gene_germline	0
OMIM:608115	DON_GEN	gene_germline	0
OMIM:608118	DON_GEN	gene_germline	0
OMIM:608133	DON_GEN	gene_germline	0
OMIM:608149	CNV	mondo_chromosomal_khac	0
OMIM:608154	CHUA_RO	khong_du_nguon	0
OMIM:608156	CNV	mondo_partial_del_dup	0
OMIM:608161	DON_GEN	gene_germline	0
OMIM:608175	CHUA_RO	khong_du_nguon	0
OMIM:608180	CHUA_RO	khong_du_nguon	0
OMIM:608184	CHUA_RO	khong_du_nguon	0
OMIM:608189	DON_GEN	gene_germline	0
OMIM:608194	DON_GEN	gene_germline	0
OMIM:608203	DON_GEN	gene_germline	0
OMIM:608217	CHUA_RO	khong_du_nguon	0
OMIM:608219	CHUA_RO	khong_du_nguon	0
OMIM:608220	DON_GEN	gene_germline	0
OMIM:608224	DON_GEN	gene_germline	0
OMIM:608232	DON_GEN	gene_germline	1
OMIM:608233	DON_GEN	gene_germline	0
OMIM:608236	DON_GEN	gene_germline	0
OMIM:608244	CHUA_RO	khong_du_nguon	0
OMIM:608257	CHUA_RO	khong_du_nguon	0
OMIM:608264	CHUA_RO	khong_du_nguon	0
OMIM:608265	DON_GEN	gene_germline	0
OMIM:608266	DON_GEN	gene_germline	1
OMIM:608320	CHUA_RO	khong_du_nguon	0
OMIM:608323	DON_GEN	gene_germline	0
OMIM:608328	DON_GEN	gene_germline	0
OMIM:608340	DON_GEN	gene_germline	0
OMIM:608345	CHUA_RO	khong_du_nguon	0
OMIM:608354	DON_GEN	gene_germline	0
OMIM:608358	DON_GEN	gene_germline	0
OMIM:608361	DON_GEN	gene_germline	0
OMIM:608363	CNV	mondo_partial_del_dup	0
OMIM:608367	CHUA_RO	khong_du_nguon	0
OMIM:608372	CHUA_RO	khong_du_nguon	0
OMIM:608380	DON_GEN	gene_germline	0
OMIM:608389	DON_GEN	gene_germline	0
OMIM:608390	DON_GEN	gene_germline	0
OMIM:608393	DON_GEN	gene_germline	0
OMIM:608394	CHUA_RO	khong_du_nguon	0
OMIM:608404	DON_GEN	gene_germline	0
OMIM:608415	DON_GEN	gene_germline	0
OMIM:608423	DON_GEN	gene_germline	0
OMIM:608443	DON_GEN	gene_germline	0
OMIM:608456	DON_GEN	gene_germline	0
OMIM:608470	DON_GEN	gene_germline	0
OMIM:608471	DON_GEN	gene_germline	0
OMIM:608474	CHUA_RO	khong_du_nguon	0
OMIM:608516	CHUA_RO	khong_du_nguon	0
OMIM:608540	DON_GEN	gene_germline	0
OMIM:608542	CHUA_RO	khong_du_nguon	0
OMIM:608545	CHUA_RO	khong_du_nguon	0
OMIM:608553	DON_GEN	gene_germline	0
OMIM:608565	DON_GEN	gene_germline	0
OMIM:608567	DON_GEN	gene_germline	0
OMIM:608569	DON_GEN	gene_germline	0
OMIM:608572	DON_GEN	gene_germline	0
OMIM:608583	CHUA_RO	khong_du_nguon	0
OMIM:608594	DON_GEN	gene_germline	0
OMIM:608600	DON_GEN	gene_germline	0
OMIM:608611	DON_GEN	gene_germline	0
OMIM:608612	DON_GEN	gene_germline	0
OMIM:608615	DON_GEN	gene_germline	1
OMIM:608622	CHUA_RO	khong_du_nguon	0
OMIM:608624	CHUA_RO	khong_du_nguon	0
OMIM:608627	DON_GEN	gene_germline	0
OMIM:608629	DON_GEN	gene_germline	0
OMIM:608631	CHUA_RO	khong_du_nguon	0
OMIM:608634	DON_GEN	gene_germline	0
OMIM:608636	CNV	mondo_partial_del_dup	0
OMIM:608638	CHUA_RO	khong_du_nguon	0
OMIM:608641	DON_GEN	gene_germline	0
OMIM:608643	DON_GEN	gene_germline	0
OMIM:608644	DON_GEN	gene_germline	0
OMIM:608645	CHUA_RO	khong_du_nguon	0
OMIM:608647	DON_GEN	gene_germline	0
OMIM:608649	DON_GEN	gene_germline	0
OMIM:608652	CHUA_RO	khong_du_nguon	0
OMIM:608653	DON_GEN	gene_germline	0
OMIM:608654	DON_GEN	gene_germline	0
OMIM:608670	CHUA_RO	khong_du_nguon	0
OMIM:608673	DON_GEN	gene_germline	0
OMIM:608681	DON_GEN	gene_germline	0
OMIM:608687	DON_GEN	gene_germline	0
OMIM:608688	DON_GEN	gene_germline	0
OMIM:608703	DON_GEN	gene_germline	0
OMIM:608709	CHUA_RO	khong_du_nguon	0
OMIM:608710	CHUA_RO	khong_du_nguon	0
OMIM:608716	DON_GEN	gene_germline	0
OMIM:608728	DON_GEN	gene_germline	0
OMIM:608747	DON_GEN	gene_germline	0
OMIM:608751	DON_GEN	gene_germline	0
OMIM:608758	DON_GEN	gene_germline	0
OMIM:608762	CHUA_RO	khong_du_nguon	0
OMIM:608768	DON_GEN	gene_germline	0
OMIM:608776	DON_GEN	gene_germline	0
OMIM:608779	DON_GEN	gene_germline	0
OMIM:608782	DON_GEN	gene_germline	0
OMIM:608799	DON_GEN	gene_germline	0
OMIM:608800	DON_GEN	gene_germline	0
OMIM:608804	DON_GEN	gene_germline	0
OMIM:608805	DON_GEN	gene_germline	0
OMIM:608807	DON_GEN	gene_germline	0
OMIM:608808	CHUA_RO	khong_du_nguon	0
OMIM:608810	DON_GEN	gene_germline	0
OMIM:608836	DON_GEN	gene_germline	0
OMIM:608837	DON_GEN	gene_germline	0
OMIM:608840	DON_GEN	gene_germline	0
OMIM:608850	CHUA_RO	khong_du_nguon	0
OMIM:608864	CHUA_RO	khong_du_nguon	0
OMIM:608874	DON_GEN	gene_germline	0
OMIM:608885	DON_GEN	gene_germline	0
OMIM:608895	DON_GEN	gene_germline	0
OMIM:608898	DON_GEN	gene_germline	0
OMIM:608902	CHUA_RO	khong_du_nguon	0
OMIM:608907	CHUA_RO	khong_du_nguon	0
OMIM:608908	DON_GEN	gene_germline	0
OMIM:608930	DON_GEN	gene_germline	0
OMIM:608931	DON_GEN	gene_germline	0
OMIM:608940	DON_GEN	gene_germline	0
OMIM:608957	DON_GEN	gene_germline	0
OMIM:608970	DON_GEN	gene_germline	0
OMIM:608971	DON_GEN	gene_germline	0
OMIM:608978	DON_GEN	gene_germline	0
OMIM:608980	DON_GEN	gene_germline	0
OMIM:608984	DON_GEN	gene_germline	0
OMIM:608988	CHUA_RO	khong_du_nguon	0
OMIM:608995	CHUA_RO	khong_du_nguon	0
OMIM:608996	DON_GEN	gene_germline	0
OMIM:609006	DON_GEN	gene_germline	0
OMIM:609008	CHUA_RO	khong_du_nguon	0
OMIM:609015	DON_GEN	gene_germline	0
OMIM:609016	DON_GEN	gene_germline	0
OMIM:609021	CHUA_RO	khong_du_nguon	0
OMIM:609029	CNV	mondo_chromosomal_khac	0
OMIM:609033	DON_GEN	gene_germline	0
OMIM:609039	CHUA_RO	khong_du_nguon	0
OMIM:609040	DON_GEN	gene_germline	0
OMIM:609041	DON_GEN	gene_germline	0
OMIM:609048	CHUA_RO	khong_du_nguon	0
OMIM:609049	DON_GEN	gene_germline	0
OMIM:609052	CHUA_RO	khong_du_nguon	0
OMIM:609053	DON_GEN	gene_germline	0
OMIM:609054	DON_GEN	gene_germline	0
OMIM:609055	CHUA_RO	khong_du_nguon	0
OMIM:609056	DON_GEN	gene_germline	0
OMIM:609057	DON_GEN	gene_germline	0
OMIM:609060	DON_GEN	gene_germline	0
OMIM:609069	DON_GEN	gene_germline	0
OMIM:609115	DON_GEN	gene_germline	0
OMIM:609122	CHUA_RO	khong_du_nguon	0
OMIM:609128	CHUA_RO	khong_du_nguon	0
OMIM:609129	DON_GEN	gene_germline	0
OMIM:609135	DON_GEN	gene_germline	0
OMIM:609136	DON_GEN	gene_germline	0
OMIM:609140	DON_GEN	gene_germline	0
OMIM:609141	DON_GEN	gene_germline	0
OMIM:609152	DON_GEN	gene_germline	0
OMIM:609153	DON_GEN	gene_germline	0
OMIM:609161	DON_GEN	gene_germline	0
OMIM:609162	DON_GEN	gene_germline	0
OMIM:609165	DON_GEN	gene_germline	0
OMIM:609166	CHUA_RO	khong_du_nguon	0
OMIM:609180	DON_GEN	gene_germline	0
OMIM:609192	DON_GEN	gene_germline	0
OMIM:609195	DON_GEN	gene_germline	0
OMIM:609197	CHUA_RO	khong_du_nguon	0
OMIM:609200	DON_GEN	gene_germline	0
OMIM:609218	DON_GEN	gene_germline	0
OMIM:609220	DON_GEN	gene_germline	0
OMIM:609222	CHUA_RO	khong_du_nguon	0
OMIM:609223	CHUA_RO	khong_du_nguon	0
OMIM:609227	DON_GEN	gene_germline	0
OMIM:609241	DON_GEN	gene_germline	0
OMIM:609242	DON_GEN	gene_germline	0
OMIM:609253	CHUA_RO	khong_du_nguon	0
OMIM:609254	DON_GEN	gene_germline	0
OMIM:609255	CHUA_RO	khong_du_nguon	0
OMIM:609256	CHUA_RO	khong_du_nguon	0
OMIM:609257	CHUA_RO	khong_du_nguon	0
OMIM:609258	CHUA_RO	khong_du_nguon	0
OMIM:609259	CHUA_RO	khong_du_nguon	0
OMIM:609260	DON_GEN	gene_germline	0
OMIM:609265	DON_GEN	gene_germline	0
OMIM:609270	DON_GEN	gene_germline	0
OMIM:609273	DON_GEN	gene_germline	0
OMIM:609283	DON_GEN	gene_germline	0
OMIM:609284	DON_GEN	gene_germline	0
OMIM:609285	DON_GEN	gene_germline	0
OMIM:609286	DON_GEN	gene_germline	0
OMIM:609289	CHUA_RO	khong_du_nguon	0
OMIM:609296	DON_GEN	gene_germline	0
OMIM:609304	DON_GEN	gene_germline	0
OMIM:609306	DON_GEN	gene_germline	0
OMIM:609308	DON_GEN	gene_germline	0
OMIM:609310	DON_GEN	gene_germline	1
OMIM:609311	DON_GEN	gene_germline	0
OMIM:609313	DON_GEN	gene_germline	0
OMIM:609322	DON_GEN	gene_germline	1
OMIM:609324	CHUA_RO	khong_du_nguon	0
OMIM:609338	CHUA_RO	khong_du_nguon	0
OMIM:609340	DON_GEN	gene_germline	0
OMIM:609352	DON_GEN	gene_germline	0
OMIM:609376	CHUA_RO	khong_du_nguon	0
OMIM:609384	CHUA_RO	khong_du_nguon	0
OMIM:609404	DON_GEN	gene_germline	0
OMIM:609425	CNV	mondo_partial_del_dup	0
OMIM:609428	CHUA_RO	khong_du_nguon	0
OMIM:609432	DON_GEN	gene_germline	0
OMIM:609439	DON_GEN	gene_germline	0
OMIM:609441	DON_GEN	gene_germline	0
OMIM:609446	DON_GEN	gene_germline	0
OMIM:609452	DON_GEN	gene_germline	0
OMIM:609454	CHUA_RO	khong_du_nguon	0
OMIM:609460	DON_GEN	gene_germline	0
OMIM:609465	DON_GEN	gene_germline	0
OMIM:609470	CHUA_RO	khong_du_nguon	0
OMIM:609500	CHUA_RO	khong_du_nguon	0
OMIM:609508	DON_GEN	gene_germline	0
OMIM:609524	DON_GEN	gene_germline	0
OMIM:609528	DON_GEN	gene_germline	0
OMIM:609529	DON_GEN	gene_germline	0
OMIM:609533	DON_GEN	gene_germline	0
OMIM:609536	DON_GEN	gene_germline	0
OMIM:609541	DON_GEN	gene_germline	0
OMIM:609549	DON_GEN	gene_germline	0
OMIM:609560	DON_GEN	gene_germline	0
OMIM:609566	CHUA_RO	khong_du_nguon	0
OMIM:609579	DON_GEN	gene_germline	0
OMIM:609583	DON_GEN	gene_germline	0
OMIM:609597	DON_GEN	gene_germline	0
OMIM:609612	CHUA_RO	khong_du_nguon	0
OMIM:609616	CHUA_RO	khong_du_nguon	0
OMIM:609620	DON_GEN	gene_germline	0
OMIM:609621	DON_GEN	gene_germline	0
OMIM:609622	DON_GEN	gene_germline	0
OMIM:609625	CNV	mondo_partial_del_dup	0
OMIM:609628	DON_GEN	gene_germline	0
OMIM:609634	DON_GEN	gene_germline	0
OMIM:609636	CHUA_RO	khong_du_nguon	0
OMIM:609637	DON_GEN	gene_germline	0
OMIM:609638	DON_GEN	gene_germline	0
OMIM:609640	CNV	mondo_partial_del_dup	0
OMIM:609646	DON_GEN	gene_germline	0
OMIM:609647	CHUA_RO	khong_du_nguon	0
OMIM:609649	CHUA_RO	khong_du_nguon	0
OMIM:609654	CHUA_RO	khong_du_nguon	0
OMIM:609698	DON_GEN	gene_germline	0
OMIM:609706	DON_GEN	gene_germline	0
OMIM:609727	DON_GEN	gene_germline	0
OMIM:609734	DON_GEN	gene_germline	0
OMIM:609741	DON_GEN	gene_germline	0
OMIM:609757	CNV	mondo_partial_del_dup	0
OMIM:609796	DON_GEN	gene_germline	0
OMIM:609800	CHUA_RO	khong_du_nguon	0
OMIM:609808	CHUA_RO	khong_du_nguon	0
OMIM:609812	DON_GEN	gene_germline	0
OMIM:609813	DON_GEN	gene_germline	0
OMIM:609814	DON_GEN	gene_germline	0
OMIM:609820	DON_GEN	gene_germline	0
OMIM:609821	DON_GEN	gene_germline	0
OMIM:609823	DON_GEN	gene_germline	0
OMIM:609887	DON_GEN	gene_germline	0
OMIM:609889	DON_GEN	gene_germline	0
OMIM:609893	CHUA_RO	khong_du_nguon	0
OMIM:609909	DON_GEN	gene_germline	0
OMIM:609913	DON_GEN	gene_germline	0
OMIM:609915	CHUA_RO	khong_du_nguon	0
OMIM:609923	DON_GEN	gene_germline	0
OMIM:609924	DON_GEN	gene_germline	0
OMIM:609939	CHUA_RO	khong_du_nguon	0
OMIM:609941	CHUA_RO	khong_du_nguon	0
OMIM:609942	DON_GEN	gene_germline	0
OMIM:609944	CHUA_RO	khong_du_nguon	0
OMIM:609945	CHUA_RO	khong_du_nguon	0
OMIM:609946	CHUA_RO	khong_du_nguon	0
OMIM:609952	CHUA_RO	khong_du_nguon	0
OMIM:609965	CHUA_RO	khong_du_nguon	0
OMIM:609968	DON_GEN	gene_germline	0
OMIM:609975	DON_GEN	gene_germline	0
OMIM:609981	DON_GEN	gene_germline	0
OMIM:609993	CHUA_RO	khong_du_nguon	0
OMIM:610003	DON_GEN	gene_germline	0
OMIM:610006	DON_GEN	gene_germline	0
OMIM:610015	DON_GEN	gene_germline	0
OMIM:610017	DON_GEN	gene_germline	0
OMIM:610019	DON_GEN	gene_germline	0
OMIM:610021	DON_GEN	gene_germline	0
OMIM:610023	CHUA_RO	khong_du_nguon	0
OMIM:610024	DON_GEN	gene_germline	0
OMIM:610031	DON_GEN	gene_germline	0
OMIM:610042	DON_GEN	gene_germline	0
OMIM:610048	DON_GEN	gene_germline	0
OMIM:610069	DON_GEN	gene_germline	0
OMIM:610090	DON_GEN	gene_germline	0
OMIM:610092	DON_GEN	gene_germline	0
OMIM:610093	DON_GEN	gene_germline	0
OMIM:610099	DON_GEN	gene_germline	0
OMIM:610100	DON_GEN	gene_germline	0
OMIM:610102	DON_GEN	gene_germline	0
OMIM:610125	DON_GEN	gene_germline	0
OMIM:610127	DON_GEN	gene_germline	0
OMIM:610131	DON_GEN	gene_germline	0
OMIM:610140	DON_GEN	gene_germline	0
OMIM:610143	CHUA_RO	khong_du_nguon	0
OMIM:610149	CHUA_RO	khong_du_nguon	0
OMIM:610153	DON_GEN	gene_germline	0
OMIM:610154	DON_GEN	gene_germline	0
OMIM:610156	DON_GEN	gene_germline	0
OMIM:610158	CHUA_RO	khong_du_nguon	0
OMIM:610163	DON_GEN	gene_germline	0
OMIM:610168	DON_GEN	gene_germline	0
OMIM:610181	DON_GEN	gene_germline	0
OMIM:610185	DON_GEN	gene_germline	0
OMIM:610187	DON_GEN	gene_germline	0
OMIM:610188	DON_GEN	gene_germline	0
OMIM:610189	DON_GEN	gene_germline	0
OMIM:610193	DON_GEN	gene_germline	0
OMIM:610198	DON_GEN	gene_germline	0
OMIM:610199	DON_GEN	gene_germline	0
OMIM:610202	DON_GEN	gene_germline	0
OMIM:610204	DON_GEN	gene_germline	0
OMIM:610205	DON_GEN	gene_germline	0
OMIM:610208	CHUA_RO	khong_du_nguon	0
OMIM:610209	CHUA_RO	khong_du_nguon	0
OMIM:610212	DON_GEN	gene_germline	0
OMIM:610217	DON_GEN	gene_germline	0
OMIM:610220	DON_GEN	gene_germline	0
OMIM:610227	DON_GEN	gene_germline	0
OMIM:610244	CHUA_RO	khong_du_nguon	0
OMIM:610245	DON_GEN	gene_germline	0
OMIM:610246	DON_GEN	gene_germline	0
OMIM:610247	CHUA_RO	khong_du_nguon	0
OMIM:610248	CHUA_RO	khong_du_nguon	0
OMIM:610250	DON_GEN	gene_germline	0
OMIM:610251	DON_GEN	gene_germline	0
OMIM:610253	DON_GEN	gene_germline	0
OMIM:610256	DON_GEN	gene_germline	0
OMIM:610265	DON_GEN	gene_germline	0
OMIM:610279	CHUA_RO	khong_du_nguon	0
OMIM:610282	DON_GEN	gene_germline	0
OMIM:610283	DON_GEN	gene_germline	0
OMIM:610293	DON_GEN	gene_germline	0
OMIM:610297	CHUA_RO	khong_du_nguon	0
OMIM:610313	DON_GEN	gene_germline	0
OMIM:610329	DON_GEN	gene_germline	0
OMIM:610333	DON_GEN	gene_germline	0
OMIM:610338	CHUA_RO	khong_du_nguon	0
OMIM:610353	DON_GEN	gene_germline	0
OMIM:610356	DON_GEN	gene_germline	0
OMIM:610357	DON_GEN	gene_germline	0
OMIM:610359	DON_GEN	gene_germline	0
OMIM:610370	DON_GEN	gene_germline	0
OMIM:610374	DON_GEN	gene_germline	0
OMIM:610377	DON_GEN	gene_germline	0
OMIM:610381	DON_GEN	gene_germline	0
OMIM:610382	CHUA_RO	khong_du_nguon	0
OMIM:610419	DON_GEN	gene_germline	0
OMIM:610420	CHUA_RO	khong_du_nguon	0
OMIM:610422	CHUA_RO	khong_du_nguon	0
OMIM:610425	DON_GEN	gene_germline	0
OMIM:610427	DON_GEN	gene_germline	0
OMIM:610441	CHUA_RO	khong_du_nguon	0
OMIM:610442	DON_GEN	gene_germline	0
OMIM:610443	DON_GEN	gene_germline	0
OMIM:610444	DON_GEN	gene_germline	0
OMIM:610445	DON_GEN	gene_germline	0
OMIM:610448	DON_GEN	gene_germline	0
OMIM:610455	DON_GEN	gene_germline	1
OMIM:610460	CHUA_RO	khong_du_nguon	0
OMIM:610474	DON_GEN	gene_germline	0
OMIM:610475	DON_GEN	gene_germline	0
OMIM:610476	DON_GEN	gene_germline	0
OMIM:610478	DON_GEN	gene_germline	0
OMIM:610489	DON_GEN	gene_germline	0
OMIM:610498	DON_GEN	gene_germline	0
OMIM:610504	CHUA_RO	khong_du_nguon	0
OMIM:610505	DON_GEN	gene_germline	0
OMIM:610508	DON_GEN	gene_germline	0
OMIM:610532	DON_GEN	gene_germline	0
OMIM:610535	CHUA_RO	khong_du_nguon	0
OMIM:610536	DON_GEN	gene_germline	0
OMIM:610539	DON_GEN	gene_germline	0
OMIM:610542	DON_GEN	gene_germline	0
OMIM:610543	CNV	mondo_partial_del_dup	0
OMIM:610549	DON_GEN	gene_germline	0
OMIM:610551	CHUA_RO	khong_du_nguon	0
OMIM:610582	DON_GEN	gene_germline	0
OMIM:610599	DON_GEN	gene_germline	0
OMIM:610600	DON_GEN	gene_germline	0
OMIM:610612	DON_GEN	gene_germline	0
OMIM:610618	DON_GEN	gene_germline	0
OMIM:610623	DON_GEN	gene_germline	0
OMIM:610628	DON_GEN	gene_germline	0
OMIM:610629	DON_GEN	gene_germline	0
OMIM:610644	DON_GEN	gene_germline	1
OMIM:610651	DON_GEN	gene_germline	0
OMIM:610655	CHUA_RO	khong_du_nguon	0
OMIM:610678	DON_GEN	gene_germline	0
OMIM:610682	DON_GEN	gene_germline	0
OMIM:610687	DON_GEN	gene_germline	0
OMIM:610688	DON_GEN	gene_germline	0
OMIM:610698	CHUA_RO	khong_du_nguon	0
OMIM:610706	DON_GEN	gene_germline	0
OMIM:610708	DON_GEN	gene_germline	0
OMIM:610713	DON_GEN	gene_germline	0
OMIM:610717	DON_GEN	gene_germline	0
OMIM:610725	DON_GEN	gene_germline	0
OMIM:610733	DON_GEN	gene_germline	0
OMIM:610738	DON_GEN	gene_germline	0
OMIM:610743	DON_GEN	gene_germline	0
OMIM:610753	CHUA_RO	khong_du_nguon	0
OMIM:610755	DON_GEN	gene_germline	0
OMIM:610756	DON_GEN	gene_germline	0
OMIM:610758	DON_GEN	gene_germline	0
OMIM:610759	DON_GEN	gene_germline	0
OMIM:610768	DON_GEN	gene_germline	0
OMIM:610773	DON_GEN	gene_germline	0
OMIM:610797	CHUA_RO	khong_du_nguon	0
OMIM:610798	DON_GEN	gene_germline	0
OMIM:610805	DON_GEN	gene_germline	0
OMIM:610828	DON_GEN	gene_germline	0
OMIM:610829	DON_GEN	gene_germline	0
OMIM:610832	DON_GEN	gene_germline	0
OMIM:610840	DON_GEN	gene_germline	0
OMIM:610842	DON_GEN	gene_germline	0
OMIM:610852	DON_GEN	gene_germline	0
OMIM:610878	DON_GEN	gene_germline	0
OMIM:610883	CNV	mondo_partial_del_dup	1
OMIM:610896	DON_GEN	gene_germline	0
OMIM:610910	CHUA_RO	khong_du_nguon	0
OMIM:610913	DON_GEN	gene_germline	0
OMIM:610915	DON_GEN	gene_germline	0
OMIM:610921	DON_GEN	gene_germline	0
OMIM:610947	CHUA_RO	khong_du_nguon	0
OMIM:610951	DON_GEN	gene_germline	0
OMIM:610954	DON_GEN	gene_germline	0
OMIM:610965	DON_GEN	gene_germline	0
OMIM:610967	DON_GEN	gene_germline	0
OMIM:610968	DON_GEN	gene_germline	0
OMIM:610978	DON_GEN	gene_germline	0
OMIM:610984	DON_GEN	gene_germline	0
OMIM:610992	DON_GEN	gene_germline	0
OMIM:611022	DON_GEN	gene_germline	0
OMIM:611031	CHUA_RO	khong_du_nguon	0
OMIM:611038	DON_GEN	gene_germline	0
OMIM:611040	DON_GEN	gene_germline	0
OMIM:611067	DON_GEN	gene_germline	0
OMIM:611087	DON_GEN	gene_germline	0
OMIM:611090	DON_GEN	gene_germline	0
OMIM:611091	DON_GEN	gene_germline	0
OMIM:611092	DON_GEN	gene_germline	0
OMIM:611093	DON_GEN	gene_germline	0
OMIM:611095	CHUA_RO	khong_du_nguon	0
OMIM:611096	CHUA_RO	khong_du_nguon	0
OMIM:611097	CHUA_RO	khong_du_nguon	0
OMIM:611102	CNV	mondo_partial_del_dup	1
OMIM:611105	DON_GEN	gene_germline	0
OMIM:611107	CHUA_RO	khong_du_nguon	0
OMIM:611126	DON_GEN	gene_germline	0
OMIM:611131	DON_GEN	gene_germline	0
OMIM:611134	DON_GEN	gene_germline	0
OMIM:611147	CHUA_RO	khong_du_nguon	0
OMIM:611174	DON_GEN	gene_germline	0
OMIM:611182	DON_GEN	gene_germline	0
OMIM:611209	DON_GEN	gene_germline	0
OMIM:611225	DON_GEN	gene_germline	0
OMIM:611228	DON_GEN	gene_germline	0
OMIM:611252	DON_GEN	gene_germline	0
OMIM:611263	DON_GEN	gene_germline	0
OMIM:611276	DON_GEN	gene_germline	0
OMIM:611283	DON_GEN	gene_germline	0
OMIM:611284	CHUA_RO	khong_du_nguon	0
OMIM:611291	DON_GEN	gene_germline	0
OMIM:611302	DON_GEN	gene_germline	0
OMIM:611307	DON_GEN	gene_germline	0
OMIM:611363	DON_GEN	gene_germline	0
OMIM:611364	CHUA_RO	khong_du_nguon	0
OMIM:611369	DON_GEN	gene_germline	0
OMIM:611376	DON_GEN	gene_germline	0
OMIM:611377	DON_GEN	gene_germline	0
OMIM:611383	DON_GEN	gene_germline	0
OMIM:611390	DON_GEN	gene_germline	0
OMIM:611391	DON_GEN	gene_germline	0
OMIM:611407	DON_GEN	gene_germline	0
OMIM:611431	DON_GEN	gene_germline	0
OMIM:611451	DON_GEN	gene_germline	0
OMIM:611465	CHUA_RO	khong_du_nguon	0
OMIM:611489	DON_GEN	gene_germline	0
OMIM:611490	DON_GEN	gene_germline	0
OMIM:611493	DON_GEN	gene_germline	0
OMIM:611494	CHUA_RO	khong_du_nguon	0
OMIM:611497	DON_GEN	gene_germline	0
OMIM:611498	DON_GEN	gene_germline	0
OMIM:611521	DON_GEN	gene_germline	0
OMIM:611523	DON_GEN	gene_germline	0
OMIM:611528	DON_GEN	gene_germline	0
OMIM:611543	DON_GEN	gene_germline	0
OMIM:611544	DON_GEN	gene_germline	0
OMIM:611548	DON_GEN	gene_germline	0
OMIM:611553	DON_GEN	gene_germline	0
OMIM:611554	DON_GEN	gene_germline	0
OMIM:611555	CHUA_RO	khong_du_nguon	0
OMIM:611556	DON_GEN	gene_germline	0
OMIM:611560	DON_GEN	gene_germline	0
OMIM:611561	DON_GEN	gene_germline	0
OMIM:611571	CHUA_RO	khong_du_nguon	0
OMIM:611572	CHUA_RO	khong_du_nguon	0
OMIM:611584	DON_GEN	gene_germline	0
OMIM:611588	DON_GEN	gene_germline	0
OMIM:611590	DON_GEN	gene_germline	0
OMIM:611597	DON_GEN	gene_germline	0
OMIM:611603	DON_GEN	gene_germline	0
OMIM:611615	DON_GEN	gene_germline	0
OMIM:611630	CHUA_RO	khong_du_nguon	0
OMIM:611631	CHUA_RO	khong_du_nguon	0
OMIM:611634	CHUA_RO	khong_du_nguon	0
OMIM:611637	CHUA_RO	khong_du_nguon	0
OMIM:611638	DON_GEN	gene_germline	0
OMIM:611694	CHUA_RO	khong_du_nguon	0
OMIM:611705	DON_GEN	gene_germline	0
OMIM:611706	CHUA_RO	khong_du_nguon	0
OMIM:611717	CHUA_RO	khong_du_nguon	0
OMIM:611718	DON_GEN	gene_germline	0
OMIM:611719	DON_GEN	gene_germline	0
OMIM:611721	DON_GEN	gene_germline	0
OMIM:611722	DON_GEN	gene_germline	0
OMIM:611726	DON_GEN	gene_germline	0
OMIM:611755	DON_GEN	gene_germline	0
OMIM:611762	DON_GEN	gene_germline	0
OMIM:611771	DON_GEN	gene_germline	0
OMIM:611773	DON_GEN	gene_germline	0
OMIM:611777	DON_GEN	gene_germline	0
OMIM:611783	DON_GEN	gene_germline	0
OMIM:611788	DON_GEN	gene_germline	0
OMIM:611804	DON_GEN	gene_germline	0
OMIM:611808	CHUA_RO	khong_du_nguon	0
OMIM:611809	DON_GEN	gene_germline	0
OMIM:611812	DON_GEN	gene_germline	0
OMIM:611816	DON_GEN	gene_germline	0
OMIM:611818	DON_GEN	gene_germline	0
OMIM:611819	DON_GEN	gene_germline	0
OMIM:611820	DON_GEN	gene_germline	0
OMIM:611863	CHUA_RO	khong_du_nguon	0
OMIM:611867	CNV	mondo_partial_del_dup	0
OMIM:611875	DON_GEN	gene_germline	0
OMIM:611876	DON_GEN	gene_germline	0
OMIM:611878	DON_GEN	gene_germline	0
OMIM:611879	DON_GEN	gene_germline	0
OMIM:611880	DON_GEN	gene_germline	0
OMIM:611881	DON_GEN	gene_germline	0
OMIM:611884	DON_GEN	gene_germline	0
OMIM:611890	DON_GEN	gene_germline	0
OMIM:611895	DON_GEN	gene_germline	0
OMIM:611907	CHUA_RO	khong_du_nguon	0
OMIM:611913	CNV	mondo_partial_del_dup	0
OMIM:611926	CHUA_RO	khong_du_nguon	0
OMIM:611929	CHUA_RO	khong_du_nguon	0
OMIM:611936	CNV	mondo_partial_del_dup	0
OMIM:611938	DON_GEN	gene_germline	0
OMIM:611943	DON_GEN	gene_germline	0
OMIM:611944	CHUA_RO	khong_du_nguon	0
OMIM:611945	DON_GEN	gene_germline	0
OMIM:611953	CHUA_RO	khong_du_nguon	0
OMIM:611961	CHUA_RO	khong_du_nguon	0
OMIM:611962	CHUA_RO	khong_du_nguon	0
OMIM:612001	CNV	mondo_partial_del_dup	1
OMIM:612004	DON_GEN	gene_germline	0
OMIM:612015	DON_GEN	gene_germline	0
OMIM:612016	DON_GEN	gene_germline	0
OMIM:612018	DON_GEN	gene_germline	0
OMIM:612020	DON_GEN	gene_germline	0
OMIM:612067	DON_GEN	gene_germline	0
OMIM:612069	DON_GEN	gene_germline	0
OMIM:612073	DON_GEN	gene_germline	0
OMIM:612075	DON_GEN	gene_germline	0
OMIM:612076	DON_GEN	gene_germline	0
OMIM:612079	DON_GEN	gene_germline	0
OMIM:612089	CHUA_RO	khong_du_nguon	0
OMIM:612095	DON_GEN	gene_germline	0
OMIM:612096	CHUA_RO	khong_du_nguon	0
OMIM:612097	CHUA_RO	khong_du_nguon	0
OMIM:612098	DON_GEN	gene_germline	0
OMIM:612109	DON_GEN	gene_germline	0
OMIM:612119	DON_GEN	gene_germline	0
OMIM:612124	DON_GEN	gene_germline	0
OMIM:612126	DON_GEN	gene_germline	0
OMIM:612132	DON_GEN	gene_germline	0
OMIM:612138	DON_GEN	gene_germline	0
OMIM:612158	DON_GEN	gene_germline	0
OMIM:612160	DON_GEN	gene_germline	0
OMIM:612164	DON_GEN	gene_germline	0
OMIM:612165	CHUA_RO	khong_du_nguon	0
OMIM:612198	CHUA_RO	khong_du_nguon	0
OMIM:612199	DON_GEN	gene_germline	0
OMIM:612201	DON_GEN	gene_germline	0
OMIM:612219	DON_GEN	gene_germline	0
OMIM:612225	DON_GEN	gene_germline	0
OMIM:612227	CHUA_RO	khong_du_nguon	0
OMIM:612229	CHUA_RO	khong_du_nguon	0
OMIM:612233	DON_GEN	gene_germline	0
OMIM:612237	DON_GEN	gene_germline	0
OMIM:612240	DON_GEN	gene_germline	0
OMIM:612242	CNV	mondo_partial_del_dup	0
OMIM:612244	CHUA_RO	khong_du_nguon	0
OMIM:612247	DON_GEN	gene_germline	0
OMIM:612260	DON_GEN	gene_germline	0
OMIM:612269	CHUA_RO	khong_du_nguon	0
OMIM:612271	DON_GEN	gene_germline	0
OMIM:612278	CHUA_RO	khong_du_nguon	0
OMIM:612281	DON_GEN	gene_germline	0
OMIM:612284	DON_GEN	gene_germline	0
OMIM:612285	DON_GEN	gene_germline	0
OMIM:612286	DON_GEN	gene_germline	0
OMIM:612287	DON_GEN	gene_germline	0
OMIM:612289	DON_GEN	gene_germline	0
OMIM:612290	DON_GEN	gene_germline	0
OMIM:612291	DON_GEN	gene_germline	0
OMIM:612292	DON_GEN	gene_germline	0
OMIM:612300	DON_GEN	gene_germline	0
OMIM:612301	DON_GEN	gene_germline	0
OMIM:612304	DON_GEN	gene_germline	0
OMIM:612310	DON_GEN	gene_germline	0
OMIM:612313	CNV	mondo_partial_del_dup	1
OMIM:612319	DON_GEN	gene_germline	0
OMIM:612335	DON_GEN	gene_germline	0
OMIM:612336	DON_GEN	gene_germline	0
OMIM:612337	DON_GEN	gene_germline	0
OMIM:612347	DON_GEN	gene_germline	0
OMIM:612348	CHUA_RO	khong_du_nguon	0
OMIM:612350	DON_GEN	gene_germline	0
OMIM:612353	CHUA_RO	khong_du_nguon	0
OMIM:612354	CHUA_RO	khong_du_nguon	0
OMIM:612356	DON_GEN	gene_germline	0
OMIM:612370	DON_GEN	gene_germline	0
OMIM:612376	DON_GEN	gene_germline	1
OMIM:612379	DON_GEN	gene_germline	0
OMIM:612387	CHUA_RO	khong_du_nguon	0
OMIM:612389	DON_GEN	gene_germline	0
OMIM:612390	DON_GEN	gene_germline	0
OMIM:612394	DON_GEN	gene_germline	0
OMIM:612406	DON_GEN	gene_germline	0
OMIM:612416	DON_GEN	gene_germline	0
OMIM:612422	DON_GEN	gene_germline	0
OMIM:612423	DON_GEN	gene_germline	0
OMIM:612431	DON_GEN	gene_germline	0
OMIM:612433	CHUA_RO	khong_du_nguon	0
OMIM:612437	DON_GEN	gene_germline	0
OMIM:612438	DON_GEN	gene_germline	0
OMIM:612444	DON_GEN	gene_germline	0
OMIM:612446	DON_GEN	gene_germline	0
OMIM:612447	CHUA_RO	khong_du_nguon	0
OMIM:612460	CHUA_RO	khong_du_nguon	0
OMIM:612462	DON_GEN	gene_germline	0
OMIM:612463	DON_GEN	gene_germline	0
OMIM:612469	CNV	mondo_partial_del_dup	0
OMIM:612474	CNV	mondo_partial_del_dup	1
OMIM:612475	CNV	mondo_partial_del_dup	0
OMIM:612513	CNV	mondo_partial_del_dup	0
OMIM:612518	DON_GEN	gene_germline	0
OMIM:612520	DON_GEN	gene_germline	0
OMIM:612526	DON_GEN	gene_germline	0
OMIM:612527	DON_GEN	gene_germline	0
OMIM:612528	DON_GEN	gene_germline	0
OMIM:612529	DON_GEN	gene_germline	0
OMIM:612530	CNV	mondo_partial_del_dup	0
OMIM:612539	DON_GEN	gene_germline	0
OMIM:612540	DON_GEN	gene_germline	0
OMIM:612541	DON_GEN	gene_germline	0
OMIM:612551	CHUA_RO	khong_du_nguon	0
OMIM:612555	CHUA_RO	khong_du_nguon	0
OMIM:612556	DON_GEN	gene_germline	0
OMIM:612561	DON_GEN	gene_germline	0
OMIM:612562	DON_GEN	gene_germline	0
OMIM:612563	DON_GEN	gene_germline	0
OMIM:612567	DON_GEN	gene_germline	0
OMIM:612572	DON_GEN	gene_germline	0
OMIM:612576	CNV	ten_benh	0
OMIM:612577	DON_GEN	gene_germline	0
OMIM:612580	DON_GEN	gene_germline	0
OMIM:612581	CHUA_RO	khong_du_nguon	0
OMIM:612582	CNV	mondo_partial_del_dup	0
OMIM:612591	CHUA_RO	khong_du_nguon	0
OMIM:612621	DON_GEN	gene_germline	0
OMIM:612626	CNV	mondo_partial_del_dup	0
OMIM:612631	DON_GEN	gene_germline	0
OMIM:612642	CHUA_RO	khong_du_nguon	0
OMIM:612643	DON_GEN	gene_germline	0
OMIM:612644	DON_GEN	gene_germline	0
OMIM:612645	DON_GEN	gene_germline	0
OMIM:612649	DON_GEN	gene_germline	0
OMIM:612650	DON_GEN	gene_germline	0
OMIM:612651	DON_GEN	gene_germline	0
OMIM:612653	DON_GEN	gene_germline	0
OMIM:612656	DON_GEN	gene_germline	0
OMIM:612657	DON_GEN	gene_germline	0
OMIM:612671	CHUA_RO	khong_du_nguon	0
OMIM:612674	DON_GEN	gene_germline	0
OMIM:612690	DON_GEN	gene_germline	0
OMIM:612691	DON_GEN	gene_germline	0
OMIM:612692	DON_GEN	gene_germline	0
OMIM:612702	DON_GEN	gene_germline	0
OMIM:612703	DON_GEN	gene_germline	0
OMIM:612712	DON_GEN	gene_germline	0
OMIM:612713	DON_GEN	gene_germline	0
OMIM:612714	DON_GEN	gene_germline	0
OMIM:612716	DON_GEN	gene_germline	0
OMIM:612717	CHUA_RO	khong_du_nguon	0
OMIM:612718	DON_GEN	gene_germline	0
OMIM:612731	CHUA_RO	khong_du_nguon	0
OMIM:612736	DON_GEN	gene_germline	0
OMIM:612740	DON_GEN	gene_germline	0
OMIM:612775	DON_GEN	gene_germline	0
OMIM:612776	CHUA_RO	khong_du_nguon	0
OMIM:612780	DON_GEN	gene_germline	0
OMIM:612781	DON_GEN	gene_germline	0
OMIM:612782	DON_GEN	gene_germline	0
OMIM:612783	DON_GEN	gene_germline	0
OMIM:612789	CHUA_RO	khong_du_nguon	0
OMIM:612794	DON_GEN	gene_germline	0
OMIM:612798	DON_GEN	gene_germline	0
OMIM:612813	DON_GEN	gene_germline	0
OMIM:612838	DON_GEN	gene_germline	0
OMIM:612840	DON_GEN	gene_germline	0
OMIM:612841	DON_GEN	gene_germline	0
OMIM:612843	CHUA_RO	khong_du_nguon	0
OMIM:612847	DON_GEN	gene_germline	0
OMIM:612852	DON_GEN	gene_germline	0
OMIM:612863	CNV	mondo_partial_del_dup	0
OMIM:612868	CHUA_RO	khong_du_nguon	0
OMIM:612874	DON_GEN	gene_germline	0
OMIM:612877	DON_GEN	gene_germline	0
OMIM:612885	DON_GEN	gene_germline	0
OMIM:612899	CHUA_RO	khong_du_nguon	0
OMIM:612900	DON_GEN	gene_germline	0
OMIM:612908	DON_GEN	gene_germline	0
OMIM:612913	CHUA_RO	khong_du_nguon	0
OMIM:612916	CHUA_RO	khong_du_nguon	0
OMIM:612917	CHUA_RO	khong_du_nguon	0
OMIM:612918	DON_GEN	gene_germline	0
OMIM:612921	DON_GEN	gene_germline	0
OMIM:612922	CHUA_RO	khong_du_nguon	0
OMIM:612923	CHUA_RO	khong_du_nguon	0
OMIM:612924	CHUA_RO	khong_du_nguon	0
OMIM:612925	CHUA_RO	khong_du_nguon	0
OMIM:612926	CHUA_RO	khong_du_nguon	0
OMIM:612932	DON_GEN	gene_germline	0
OMIM:612933	DON_GEN	gene_germline	0
OMIM:612936	DON_GEN	gene_germline	0
OMIM:612937	DON_GEN	gene_germline	0
OMIM:612938	DON_GEN	gene_germline	0
OMIM:612940	DON_GEN	gene_germline	0
OMIM:612943	DON_GEN	gene_germline	0
OMIM:612946	CHUA_RO	khong_du_nguon	0
OMIM:612949	DON_GEN	gene_germline	0
OMIM:612951	DON_GEN	gene_germline	0
OMIM:612952	DON_GEN	gene_germline	0
OMIM:612953	DON_GEN	gene_germline	0
OMIM:612954	DON_GEN	gene_germline	0
OMIM:612955	DON_GEN	gene_germline	0
OMIM:612956	CHUA_RO	khong_du_nguon	0
OMIM:612961	DON_GEN	gene_germline	0
OMIM:612964	DON_GEN	gene_germline	0
OMIM:612965	DON_GEN	gene_germline	0
OMIM:612968	DON_GEN	gene_germline	0
OMIM:612975	DON_GEN	gene_germline	0
OMIM:612989	DON_GEN	gene_germline	0
OMIM:612997	DON_GEN	gene_germline	0
OMIM:612998	DON_GEN	gene_germline	0
OMIM:612999	DON_GEN	gene_germline	0
OMIM:613000	DON_GEN	gene_germline	0
OMIM:613001	DON_GEN	gene_germline	0
OMIM:613002	CHUA_RO	khong_du_nguon	0
OMIM:613003	CHUA_RO	khong_du_nguon	0
OMIM:613005	DON_GEN	gene_germline	0
OMIM:613011	DON_GEN	gene_germline	0
OMIM:613013	DON_GEN	gene_germline	0
OMIM:613021	DON_GEN	gene_germline	0
OMIM:613024	CHUA_RO	khong_du_nguon	0
OMIM:613026	CNV	mondo_partial_del_dup	0
OMIM:613027	DON_GEN	gene_germline	0
OMIM:613028	CHUA_RO	khong_du_nguon	0
OMIM:613029	CHUA_RO	khong_du_nguon	0
OMIM:613038	DON_GEN	gene_germline	0
OMIM:613055	CHUA_RO	khong_du_nguon	0
OMIM:613060	CHUA_RO	khong_du_nguon	0
OMIM:613065	DON_GEN	gene_germline	1
OMIM:613068	DON_GEN	gene_germline	0
OMIM:613070	DON_GEN	gene_germline	0
OMIM:613071	DON_GEN	gene_germline	0
OMIM:613073	DON_GEN	gene_germline	0
OMIM:613074	DON_GEN	gene_germline	0
OMIM:613075	DON_GEN	gene_germline	0
OMIM:613076	DON_GEN	gene_germline	0
OMIM:613077	DON_GEN	gene_germline	0
OMIM:613078	DON_GEN	gene_germline	0
OMIM:613079	DON_GEN	gene_germline	0
OMIM:613080	DON_GEN	gene_germline	0
OMIM:613086	DON_GEN	gene_germline	0
OMIM:613087	DON_GEN	gene_germline	0
OMIM:613089	DON_GEN	gene_germline	0
OMIM:613090	DON_GEN	gene_germline	0
OMIM:613091	DON_GEN	gene_germline	0
OMIM:613092	DON_GEN	gene_germline	0
OMIM:613093	DON_GEN	gene_germline	0
OMIM:613094	DON_GEN	gene_germline	0
OMIM:613095	DON_GEN	gene_germline	0
OMIM:613096	DON_GEN	gene_germline	0
OMIM:613100	DON_GEN	gene_germline	0
OMIM:613101	DON_GEN	gene_germline	0
OMIM:613102	DON_GEN	gene_germline	0
OMIM:613105	DON_GEN	gene_germline	0
OMIM:613107	DON_GEN	gene_germline	0
OMIM:613108	DON_GEN	gene_germline	0
OMIM:613112	DON_GEN	gene_germline	0
OMIM:613115	DON_GEN	gene_germline	0
OMIM:613116	DON_GEN	gene_germline	0
OMIM:613118	DON_GEN	gene_germline	0
OMIM:613119	DON_GEN	gene_germline	0
OMIM:613120	DON_GEN	gene_germline	0
OMIM:613122	DON_GEN	gene_germline	0
OMIM:613123	DON_GEN	gene_germline	0
OMIM:613124	CHUA_RO	khong_du_nguon	0
OMIM:613135	DON_GEN	gene_germline	0
OMIM:613144	CHUA_RO	khong_du_nguon	0
OMIM:613148	DON_GEN	gene_germline	0
OMIM:613150	DON_GEN	gene_germline	0
OMIM:613151	DON_GEN	gene_germline	0
OMIM:613152	DON_GEN	gene_germline	0
OMIM:613153	DON_GEN	gene_germline	0
OMIM:613154	DON_GEN	gene_germline	0
OMIM:613155	DON_GEN	gene_germline	0
OMIM:613156	DON_GEN	gene_germline	0
OMIM:613157	DON_GEN	gene_germline	0
OMIM:613158	DON_GEN	gene_germline	0
OMIM:613159	DON_GEN	gene_germline	0
OMIM:613161	DON_GEN	gene_germline	0
OMIM:613162	DON_GEN	gene_germline	0
OMIM:613163	DON_GEN	gene_germline	0
OMIM:613172	DON_GEN	gene_germline	0
OMIM:613174	CNV	mondo_partial_del_dup	0
OMIM:613177	DON_GEN	gene_germline	0
OMIM:613179	DON_GEN	gene_germline	0
OMIM:613192	DON_GEN	gene_germline	0
OMIM:613193	DON_GEN	gene_germline	0
OMIM:613194	DON_GEN	gene_germline	0
OMIM:613195	DON_GEN	gene_germline	0
OMIM:613204	DON_GEN	gene_germline	0
OMIM:613205	DON_GEN	gene_germline	0
OMIM:613206	DON_GEN	gene_germline	0
OMIM:613211	DON_GEN	gene_germline	0
OMIM:613215	CNV	mondo_partial_del_dup	0
OMIM:613216	DON_GEN	gene_germline	0
OMIM:613217	DON_GEN	gene_germline	0
OMIM:613224	DON_GEN	gene_germline	0
OMIM:613225	DON_GEN	gene_germline	0
OMIM:613227	DON_GEN	gene_germline	0
OMIM:613229	DON_GEN	gene_germline	0
OMIM:613235	DON_GEN	gene_germline	0
OMIM:613237	DON_GEN	gene_germline	0
OMIM:613239	CHUA_RO	khong_du_nguon	0
OMIM:613243	DON_GEN	gene_germline	0
OMIM:613244	DON_GEN	gene_germline	1
OMIM:613251	DON_GEN	gene_germline	0
OMIM:613252	DON_GEN	gene_germline	0
OMIM:613254	DON_GEN	gene_germline	0
OMIM:613255	DON_GEN	gene_germline	0
OMIM:613265	DON_GEN	gene_germline	0
OMIM:613266	DON_GEN	gene_germline	0
OMIM:613267	DON_GEN	gene_germline	0
OMIM:613268	DON_GEN	gene_germline	0
OMIM:613270	DON_GEN	gene_germline	0
OMIM:613280	DON_GEN	gene_germline	0
OMIM:613282	CHUA_RO	khong_du_nguon	0
OMIM:613285	DON_GEN	gene_germline	0
OMIM:613286	DON_GEN	gene_germline	0
OMIM:613287	DON_GEN	gene_germline	0
OMIM:613291	DON_GEN	gene_germline	0
OMIM:613307	DON_GEN	gene_germline	0
OMIM:613308	DON_GEN	gene_germline	0
OMIM:613309	DON_GEN	gene_germline	0
OMIM:613310	DON_GEN	gene_germline	0
OMIM:613312	DON_GEN	gene_germline	0
OMIM:613313	DON_GEN	gene_germline	0
OMIM:613319	DON_GEN	gene_germline	0
OMIM:613320	DON_GEN	gene_germline	0
OMIM:613325	CHUA_RO	khong_du_nguon	0
OMIM:613327	DON_GEN	gene_germline	0
OMIM:613328	DON_GEN	gene_germline	0
OMIM:613329	DON_GEN	gene_germline	0
OMIM:613330	DON_GEN	gene_germline	0
OMIM:613339	CHUA_RO	khong_du_nguon	0
OMIM:613341	DON_GEN	gene_germline	0
OMIM:613345	DON_GEN	gene_germline	0
OMIM:613347	CHUA_RO	khong_du_nguon	0
OMIM:613348	CHUA_RO	khong_du_nguon	0
OMIM:613353	DON_GEN	gene_germline	0
OMIM:613355	CNV	mondo_partial_del_dup	0
OMIM:613364	DON_GEN	gene_germline	0
OMIM:613370	DON_GEN	gene_germline	0
OMIM:613371	DON_GEN	gene_germline	0
OMIM:613375	DON_GEN	gene_germline	0
OMIM:613376	DON_GEN	gene_germline	0
OMIM:613382	DON_GEN	gene_germline	0
OMIM:613385	DON_GEN	gene_germline	0
OMIM:613387	CHUA_RO	khong_du_nguon	0
OMIM:613388	DON_GEN	gene_germline	0
OMIM:613390	DON_GEN	gene_germline	0
OMIM:613391	DON_GEN	gene_germline	0
OMIM:613392	CHUA_RO	khong_du_nguon	0
OMIM:613398	DON_GEN	gene_germline	0
OMIM:613399	CHUA_RO	khong_du_nguon	0
OMIM:613402	DON_GEN	gene_germline	0
OMIM:613404	DON_GEN	gene_germline	0
OMIM:613406	CNV	mondo_partial_del_dup	1
OMIM:613411	DON_GEN	gene_germline	0
OMIM:613412	CHUA_RO	khong_du_nguon	0
OMIM:613418	DON_GEN	gene_germline	0
OMIM:613424	DON_GEN	gene_germline	0
OMIM:613426	DON_GEN	gene_germline	0
OMIM:613428	DON_GEN	gene_germline	0
OMIM:613435	DON_GEN	gene_germline	0
OMIM:613443	DON_GEN	gene_germline	0
OMIM:613444	CNV	mondo_partial_del_dup	0
OMIM:613451	DON_GEN	gene_germline	0
OMIM:613453	DON_GEN	gene_germline	0
OMIM:613454	DON_GEN	gene_germline	0
OMIM:613456	DON_GEN	gene_germline	0
OMIM:613457	CNV	mondo_partial_del_dup	0
OMIM:613458	CNV	mondo_partial_del_dup	0
OMIM:613464	DON_GEN	gene_germline	0
OMIM:613470	DON_GEN	gene_germline	0
OMIM:613471	DON_GEN	gene_germline	0
OMIM:613477	DON_GEN	gene_germline	0
OMIM:613480	DON_GEN	gene_germline	0
OMIM:613485	DON_GEN	gene_germline	0
OMIM:613488	CHUA_RO	khong_du_nguon	0
OMIM:613489	DON_GEN	gene_germline	0
OMIM:613490	DON_GEN	gene_germline	0
OMIM:613493	DON_GEN	gene_germline	0
OMIM:613494	DON_GEN	gene_germline	0
OMIM:613495	DON_GEN	gene_germline	0
OMIM:613496	DON_GEN	gene_germline	0
OMIM:613500	DON_GEN	gene_germline	0
OMIM:613501	DON_GEN	gene_germline	0
OMIM:613502	DON_GEN	gene_germline	0
OMIM:613506	DON_GEN	gene_germline	0
OMIM:613507	DON_GEN	gene_germline	0
OMIM:613509	CNV	mondo_partial_del_dup	0
OMIM:613517	DON_GEN	gene_germline	0
OMIM:613530	CHUA_RO	khong_du_nguon	0
OMIM:613544	CNV	mondo_partial_del_dup	0
OMIM:613546	DON_GEN	gene_germline	0
OMIM:613550	DON_GEN	gene_germline	0
OMIM:613554	DON_GEN	gene_germline	0
OMIM:613558	CHUA_RO	khong_du_nguon	0
OMIM:613559	DON_GEN	gene_germline	0
OMIM:613561	DON_GEN	gene_germline	0
OMIM:613563	DON_GEN	gene_germline	1
OMIM:613564	CNV	mondo_partial_del_dup	0
OMIM:613566	DON_GEN	gene_germline	0
OMIM:613571	DON_GEN	gene_germline	0
OMIM:613573	DON_GEN	gene_germline	0
OMIM:613575	DON_GEN	gene_germline	0
OMIM:613576	CHUA_RO	khong_du_nguon	0
OMIM:613581	DON_GEN	gene_germline	0
OMIM:613582	DON_GEN	gene_germline	0
OMIM:613587	DON_GEN	gene_germline	0
OMIM:613603	CNV	ten_benh	0
OMIM:613604	CNV	mondo_partial_del_dup	0
OMIM:613606	CHUA_RO	khong_du_nguon	0
OMIM:613608	DON_GEN	gene_germline	0
OMIM:613610	DON_GEN	gene_germline	0
OMIM:613611	DON_GEN	gene_germline	0
OMIM:613612	DON_GEN	gene_germline	0
OMIM:613615	DON_GEN	gene_germline	0
OMIM:613616	DON_GEN	gene_germline	0
OMIM:613617	DON_GEN	gene_germline	0
OMIM:613618	CNV	mondo_partial_del_dup	0
OMIM:613625	DON_GEN	gene_germline	0
OMIM:613628	CHUA_RO	khong_du_nguon	0
OMIM:613630	DON_GEN	gene_germline	0
OMIM:613638	CNV	mondo_partial_del_dup	0
OMIM:613640	DON_GEN	gene_germline	0
OMIM:613641	DON_GEN	gene_germline	0
OMIM:613642	DON_GEN	gene_germline	0
OMIM:613643	CHUA_RO	khong_du_nguon	0
OMIM:613646	DON_GEN	gene_germline	0
OMIM:613647	DON_GEN	gene_germline	0
OMIM:613652	DON_GEN	gene_germline	0
OMIM:613656	CHUA_RO	khong_du_nguon	0
OMIM:613657	DON_GEN	gene_germline	0
OMIM:613658	DON_GEN	gene_germline	0
OMIM:613659	DON_GEN	gene_germline	1
OMIM:613660	DON_GEN	gene_germline	0
OMIM:613661	DON_GEN	gene_germline	0
OMIM:613662	DON_GEN	gene_germline	0
OMIM:613668	DON_GEN	gene_germline	0
OMIM:613670	DON_GEN	gene_germline	0
OMIM:613671	DON_GEN	gene_germline	0
OMIM:613672	DON_GEN	gene_germline	0
OMIM:613673	DON_GEN	gene_germline	0
OMIM:613674	DON_GEN	gene_germline	0
OMIM:613675	CNV	mondo_partial_del_dup	0
OMIM:613676	DON_GEN	gene_germline	0
OMIM:613677	DON_GEN	gene_germline	0
OMIM:613678	CHUA_RO	khong_du_nguon	0
OMIM:613679	DON_GEN	gene_germline	0
OMIM:613680	DON_GEN	gene_germline	0
OMIM:613681	CNV	mondo_partial_del_dup	0
OMIM:613684	DON_GEN	gene_germline	0
OMIM:613685	CHUA_RO	khong_du_nguon	0
OMIM:613686	DON_GEN	gene_germline	0
OMIM:613688	DON_GEN	gene_germline	0
OMIM:613689	CHUA_RO	khong_du_nguon	0
OMIM:613690	DON_GEN	gene_germline	0
OMIM:613693	DON_GEN	gene_germline	0
OMIM:613694	DON_GEN	gene_germline	0
OMIM:613695	DON_GEN	gene_germline	0
OMIM:613697	DON_GEN	gene_germline	0
OMIM:613702	DON_GEN	gene_germline	0
OMIM:613703	DON_GEN	gene_germline	0
OMIM:613704	DON_GEN	gene_germline	0
OMIM:613705	DON_GEN	gene_germline	0
OMIM:613706	DON_GEN	gene_germline	0
OMIM:613707	DON_GEN	gene_germline	0
OMIM:613708	DON_GEN	gene_germline	0
OMIM:613710	DON_GEN	gene_germline	0
OMIM:613711	CHUA_RO	khong_du_nguon	0
OMIM:613712	CHUA_RO	khong_du_nguon	0
OMIM:613717	DON_GEN	gene_germline	0
OMIM:613718	DON_GEN	gene_germline	0
OMIM:613720	DON_GEN	gene_germline	0
OMIM:613721	DON_GEN	gene_germline	0
OMIM:613722	DON_GEN	gene_germline	0
OMIM:613723	DON_GEN	gene_germline	0
OMIM:613724	DON_GEN	gene_germline	0
OMIM:613728	DON_GEN	gene_germline	0
OMIM:613730	DON_GEN	gene_germline	0
OMIM:613731	DON_GEN	gene_germline	0
OMIM:613735	CNV	mondo_partial_del_dup	1
OMIM:613736	DON_GEN	gene_germline	0
OMIM:613737	DON_GEN	gene_germline	0
OMIM:613743	DON_GEN	gene_germline	0
OMIM:613744	DON_GEN	gene_germline	0
OMIM:613750	DON_GEN	gene_germline	0
OMIM:613751	DON_GEN	gene_germline	0
OMIM:613752	DON_GEN	gene_germline	0
OMIM:613756	DON_GEN	gene_germline	0
OMIM:613757	DON_GEN	gene_germline	0
OMIM:613758	DON_GEN	gene_germline	0
OMIM:613759	DON_GEN	gene_germline	0
OMIM:613762	DON_GEN	gene_germline	0
OMIM:613763	DON_GEN	gene_germline	0
OMIM:613765	DON_GEN	gene_germline	0
OMIM:613767	DON_GEN	gene_germline	0
OMIM:613769	DON_GEN	gene_germline	0
OMIM:613776	CNV	mondo_partial_del_dup	0
OMIM:613779	DON_GEN	gene_germline	0
OMIM:613780	DON_GEN	gene_germline	0
OMIM:613783	DON_GEN	gene_germline	0
OMIM:613789	DON_GEN	gene_germline	0
OMIM:613790	DON_GEN	gene_germline	0
OMIM:613791	DON_GEN	gene_germline	0
OMIM:613792	CNV	mondo_partial_del_dup	0
OMIM:613793	DON_GEN	gene_germline	0
OMIM:613794	DON_GEN	gene_germline	0
OMIM:613795	DON_GEN	gene_germline	0
OMIM:613796	DON_GEN	gene_germline	0
OMIM:613800	DON_GEN	gene_germline	0
OMIM:613801	DON_GEN	gene_germline	0
OMIM:613803	DON_GEN	gene_germline	0
OMIM:613804	DON_GEN	gene_germline	0
OMIM:613805	DON_GEN	gene_germline	0
OMIM:613807	DON_GEN	gene_germline	0
OMIM:613808	DON_GEN	gene_germline	0
OMIM:613809	DON_GEN	gene_germline	0
OMIM:613810	DON_GEN	gene_germline	0
OMIM:613811	DON_GEN	gene_germline	0
OMIM:613812	DON_GEN	gene_germline	0
OMIM:613818	DON_GEN	gene_germline	0
OMIM:613819	DON_GEN	gene_germline	0
OMIM:613820	DON_GEN	gene_germline	0
OMIM:613823	DON_GEN	gene_germline	0
OMIM:613824	DON_GEN	gene_germline	0
OMIM:613825	DON_GEN	gene_germline	0
OMIM:613826	DON_GEN	gene_germline	0
OMIM:613827	DON_GEN	gene_germline	0
OMIM:613829	DON_GEN	gene_germline	0
OMIM:613830	DON_GEN	gene_germline	0
OMIM:613834	DON_GEN	gene_germline	0
OMIM:613835	DON_GEN	gene_germline	0
OMIM:613837	DON_GEN	gene_germline	0
OMIM:613838	DON_GEN	gene_germline	0
OMIM:613839	DON_GEN	gene_germline	0
OMIM:613843	DON_GEN	gene_germline	0
OMIM:613845	DON_GEN	gene_germline	0
OMIM:613848	DON_GEN	gene_germline	0
OMIM:613849	DON_GEN	gene_germline	0
OMIM:613850	DON_GEN	gene_germline	0
OMIM:613854	DON_GEN	gene_germline	0
OMIM:613855	DON_GEN	gene_germline	0
OMIM:613856	DON_GEN	gene_germline	0
OMIM:613857	CHUA_RO	khong_du_nguon	0
OMIM:613860	DON_GEN	gene_germline	0
OMIM:613861	DON_GEN	gene_germline	0
OMIM:613862	DON_GEN	gene_germline	0
OMIM:613863	CHUA_RO	khong_du_nguon	0
OMIM:613865	DON_GEN	gene_germline	0
OMIM:613869	DON_GEN	gene_germline	0
OMIM:613870	DON_GEN	gene_germline	0
OMIM:613873	DON_GEN	gene_germline	0
OMIM:613874	DON_GEN	gene_germline	0
OMIM:613876	DON_GEN	gene_germline	0
OMIM:613877	DON_GEN	gene_germline	0
OMIM:613881	DON_GEN	gene_germline	0
OMIM:613882	DON_GEN	gene_germline	0
OMIM:613884	CNV	mondo_partial_del_dup	0
OMIM:613885	DON_GEN	gene_germline	0
OMIM:613886	DON_GEN	gene_germline	0
OMIM:613887	DON_GEN	gene_germline	0
OMIM:613908	DON_GEN	gene_germline	0
OMIM:613909	DON_GEN	gene_germline	0
OMIM:613912	DON_GEN	gene_germline	0
OMIM:613913	CHUA_RO	khong_du_nguon	0
OMIM:613916	DON_GEN	gene_germline	0
OMIM:613925	DON_GEN	gene_germline	0
OMIM:613926	DON_GEN	gene_germline	0
OMIM:613930	CHUA_RO	khong_du_nguon	0
OMIM:613933	DON_GEN	gene_germline	0
OMIM:613938	CHUA_RO	khong_du_nguon	0
OMIM:613943	DON_GEN	gene_germline	0
OMIM:613944	CHUA_RO	khong_du_nguon	0
OMIM:613949	DON_GEN	gene_germline	0
OMIM:613950	CHUA_RO	khong_du_nguon	0
OMIM:613951	DON_GEN	gene_germline	0
OMIM:613953	DON_GEN	gene_germline	0
OMIM:613954	DON_GEN	gene_germline	0
OMIM:613955	DON_GEN	gene_germline	0
OMIM:613956	DON_GEN	gene_germline	0
OMIM:613957	DON_GEN	gene_germline	0
OMIM:613958	DON_GEN	gene_germline	0
OMIM:613960	DON_GEN	gene_germline	0
OMIM:613969	CHUA_RO	khong_du_nguon	0
OMIM:613970	DON_GEN	gene_germline	0
OMIM:613977	DON_GEN	gene_germline	0
OMIM:613978	DON_GEN	gene_germline	0
OMIM:613980	DON_GEN	gene_germline	0
OMIM:613981	DON_GEN	gene_germline	0
OMIM:613982	DON_GEN	gene_germline	0
OMIM:613983	DON_GEN	gene_germline	0
OMIM:613985	DON_GEN	gene_germline	0
OMIM:613986	DON_GEN	gene_germline	0
OMIM:613987	DON_GEN	gene_germline	0
OMIM:613988	DON_GEN	gene_germline	0
OMIM:613989	DON_GEN	gene_germline	0
OMIM:613990	DON_GEN	gene_germline	0
OMIM:614008	DON_GEN	gene_germline	0
OMIM:614009	CHUA_RO	khong_du_nguon	0
OMIM:614017	DON_GEN	gene_germline	0
OMIM:614018	DON_GEN	gene_germline	0
OMIM:614019	DON_GEN	gene_germline	0
OMIM:614020	DON_GEN	gene_germline	0
OMIM:614021	DON_GEN	gene_germline	0
OMIM:614022	DON_GEN	gene_germline	0
OMIM:614023	DON_GEN	gene_germline	0
OMIM:614025	DON_GEN	gene_germline	0
OMIM:614028	DON_GEN	gene_germline	0
OMIM:614033	DON_GEN	gene_germline	0
OMIM:614034	DON_GEN	gene_germline	0
OMIM:614035	DON_GEN	gene_germline	0
OMIM:614036	CHUA_RO	khong_du_nguon	0
OMIM:614037	DON_GEN	gene_germline	0
OMIM:614038	DON_GEN	gene_germline	1
OMIM:614039	DON_GEN	gene_germline	0
OMIM:614042	DON_GEN	gene_germline	0
OMIM:614049	DON_GEN	gene_germline	0
OMIM:614050	DON_GEN	gene_germline	0
OMIM:614052	DON_GEN	gene_germline	0
OMIM:614053	DON_GEN	gene_germline	0
OMIM:614055	DON_GEN	gene_germline	0
OMIM:614063	DON_GEN	gene_germline	0
OMIM:614065	DON_GEN	gene_germline	0
OMIM:614066	DON_GEN	gene_germline	0
OMIM:614067	DON_GEN	gene_germline	0
OMIM:614069	DON_GEN	gene_germline	0
OMIM:614072	DON_GEN	gene_germline	0
OMIM:614073	DON_GEN	gene_germline	0
OMIM:614074	DON_GEN	gene_germline	0
OMIM:614075	DON_GEN	gene_germline	0
OMIM:614076	DON_GEN	gene_germline	0
OMIM:614077	DON_GEN	gene_germline	0
OMIM:614078	DON_GEN	gene_germline	0
OMIM:614080	DON_GEN	gene_germline	0
OMIM:614082	DON_GEN	gene_germline	0
OMIM:614083	DON_GEN	gene_germline	0
OMIM:614089	DON_GEN	gene_germline	0
OMIM:614090	CHUA_RO	khong_du_nguon	0
OMIM:614091	DON_GEN	gene_germline	0
OMIM:614096	DON_GEN	gene_germline	0
OMIM:614097	DON_GEN	gene_germline	0
OMIM:614098	DON_GEN	gene_germline	0
OMIM:614099	DON_GEN	gene_germline	0
OMIM:614100	CHUA_RO	khong_du_nguon	0
OMIM:614101	CHUA_RO	khong_du_nguon	0
OMIM:614102	DON_GEN	gene_germline	0
OMIM:614103	CHUA_RO	khong_du_nguon	0
OMIM:614104	DON_GEN	gene_germline	0
OMIM:614105	DON_GEN	gene_germline	0
OMIM:614111	DON_GEN	gene_germline	0
OMIM:614113	CHUA_RO	khong_du_nguon	0
OMIM:614114	DON_GEN	gene_germline	1
OMIM:614115	DON_GEN	gene_germline	0
OMIM:614116	DON_GEN	gene_germline	0
OMIM:614120	DON_GEN	gene_germline	0
OMIM:614122	DON_GEN	gene_germline	0
OMIM:614128	DON_GEN	gene_germline	0
OMIM:614129	DON_GEN	gene_germline	0
OMIM:614131	DON_GEN	gene_germline	0
OMIM:614134	DON_GEN	gene_germline	0
OMIM:614135	DON_GEN	gene_germline	0
OMIM:614149	CHUA_RO	khong_du_nguon	0
OMIM:614152	DON_GEN	gene_germline	0
OMIM:614153	DON_GEN	gene_germline	0
OMIM:614156	DON_GEN	gene_germline	0
OMIM:614160	DON_GEN	gene_germline	0
OMIM:614162	DON_GEN	gene_germline	0
OMIM:614163	CHUA_RO	khong_du_nguon	0
OMIM:614164	DON_GEN	gene_germline	0
OMIM:614165	DON_GEN	gene_germline	0
OMIM:614167	DON_GEN	gene_germline	0
OMIM:614170	DON_GEN	gene_germline	0
OMIM:614171	DON_GEN	gene_germline	0
OMIM:614172	DON_GEN	gene_germline	0
OMIM:614173	DON_GEN	gene_germline	0
OMIM:614175	DON_GEN	gene_germline	0
OMIM:614180	DON_GEN	gene_germline	0
OMIM:614181	DON_GEN	gene_germline	0
OMIM:614185	DON_GEN	gene_germline	0
OMIM:614186	DON_GEN	gene_germline	0
OMIM:614187	CHUA_RO	khong_du_nguon	0
OMIM:614188	DON_GEN	gene_germline	0
OMIM:614190	DON_GEN	gene_germline	0
OMIM:614195	DON_GEN	gene_germline	0
OMIM:614196	DON_GEN	gene_germline	0
OMIM:614198	DON_GEN	gene_germline	0
OMIM:614199	DON_GEN	gene_germline	0
OMIM:614200	CHUA_RO	khong_du_nguon	0
OMIM:614201	DON_GEN	gene_germline	0
OMIM:614202	DON_GEN	gene_germline	0
OMIM:614203	CHUA_RO	khong_du_nguon	0
OMIM:614204	DON_GEN	gene_germline	0
OMIM:614205	DON_GEN	gene_germline	0
OMIM:614207	DON_GEN	gene_germline	0
OMIM:614208	CHUA_RO	khong_du_nguon	0
OMIM:614209	DON_GEN	gene_germline	0
OMIM:614211	CHUA_RO	khong_du_nguon	0
OMIM:614212	CHUA_RO	khong_du_nguon	0
OMIM:614213	DON_GEN	gene_germline	0
OMIM:614219	DON_GEN	gene_germline	0
OMIM:614222	DON_GEN	gene_germline	0
OMIM:614224	DON_GEN	gene_germline	0
OMIM:614225	DON_GEN	gene_germline	0
OMIM:614226	DON_GEN	gene_germline	0
OMIM:614227	CHUA_RO	khong_du_nguon	0
OMIM:614228	DON_GEN	gene_germline	0
OMIM:614229	DON_GEN	gene_germline	0
OMIM:614230	CNV	mondo_partial_del_dup	0
OMIM:614231	DON_GEN	gene_germline	0
OMIM:614233	CHUA_RO	khong_du_nguon	0
OMIM:614237	CHUA_RO	khong_du_nguon	0
OMIM:614238	CHUA_RO	khong_du_nguon	0
OMIM:614249	DON_GEN	gene_germline	0
OMIM:614250	DON_GEN	gene_germline	0
OMIM:614251	CHUA_RO	khong_du_nguon	0
OMIM:614254	DON_GEN	gene_germline	0
OMIM:614255	DON_GEN	gene_germline	0
OMIM:614256	DON_GEN	gene_germline	0
OMIM:614257	CNV	ten_benh	1
OMIM:614261	DON_GEN	gene_germline	0
OMIM:614262	DON_GEN	gene_germline	0
OMIM:614265	DON_GEN	gene_germline	0
OMIM:614266	DON_GEN	gene_germline	0
OMIM:614278	DON_GEN	gene_germline	0
OMIM:614279	DON_GEN	gene_germline	0
OMIM:614280	CHUA_RO	khong_du_nguon	0
OMIM:614284	DON_GEN	gene_germline	0
OMIM:614286	DON_GEN	gene_germline	0
OMIM:614292	DON_GEN	gene_germline	0
OMIM:614293	DON_GEN	gene_germline	0
OMIM:614294	CNV	mondo_partial_del_dup	0
OMIM:614296	DON_GEN	gene_germline	0
OMIM:614298	DON_GEN	gene_germline	0
OMIM:614299	DON_GEN	gene_germline	0
OMIM:614300	DON_GEN	gene_germline	0
OMIM:614302	DON_GEN	gene_germline	0
OMIM:614303	DON_GEN	gene_germline	0
OMIM:614305	DON_GEN	gene_germline	0
OMIM:614306	DON_GEN	gene_germline	0
OMIM:614307	DON_GEN	gene_germline	0
OMIM:614321	DON_GEN	gene_germline	0
OMIM:614322	DON_GEN	gene_germline	0
OMIM:614323	CHUA_RO	khong_du_nguon	0
OMIM:614324	DON_GEN	gene_germline	0
OMIM:614325	DON_GEN	gene_germline	0
OMIM:614326	DON_GEN	gene_germline	0
OMIM:614327	DON_GEN	gene_germline	1
OMIM:614328	DON_GEN	gene_germline	0
OMIM:614329	CHUA_RO	khong_du_nguon	0
OMIM:614331	DON_GEN	gene_germline	1
OMIM:614332	CNV	mondo_partial_del_dup	0
OMIM:614333	CHUA_RO	khong_du_nguon	0
OMIM:614335	DON_GEN	gene_germline	0
OMIM:614337	DON_GEN	gene_germline	1
OMIM:614338	DON_GEN	gene_germline	0
OMIM:614340	DON_GEN	gene_germline	0
OMIM:614341	CHUA_RO	khong_du_nguon	0
OMIM:614342	CHUA_RO	khong_du_nguon	0
OMIM:614343	CHUA_RO	khong_du_nguon	0
OMIM:614344	CHUA_RO	khong_du_nguon	0
OMIM:614345	CHUA_RO	khong_du_nguon	0
OMIM:614346	CHUA_RO	khong_du_nguon	0
OMIM:614347	CHUA_RO	khong_du_nguon	0
OMIM:614350	DON_GEN	gene_germline	1
OMIM:614369	DON_GEN	gene_germline	0
OMIM:614370	DON_GEN	gene_germline	0
OMIM:614372	CHUA_RO	khong_du_nguon	0
OMIM:614373	DON_GEN	gene_germline	0
OMIM:614376	DON_GEN	gene_germline	0
OMIM:614377	DON_GEN	gene_germline	0
OMIM:614378	DON_GEN	gene_germline	0
OMIM:614379	CHUA_RO	khong_du_nguon	0
OMIM:614380	DON_GEN	gene_germline	0
OMIM:614381	DON_GEN	gene_germline	0
OMIM:614385	DON_GEN	gene_germline	1
OMIM:614388	DON_GEN	gene_germline	0
OMIM:614389	CHUA_RO	khong_du_nguon	0
OMIM:614390	CHUA_RO	khong_du_nguon	0
OMIM:614391	CHUA_RO	khong_du_nguon	0
OMIM:614399	DON_GEN	gene_germline	0
OMIM:614402	DON_GEN	gene_germline	0
OMIM:614407	CHUA_RO	khong_du_nguon	0
OMIM:614409	DON_GEN	gene_germline	0
OMIM:614414	CHUA_RO	khong_du_nguon	0
OMIM:614415	DON_GEN	gene_germline	0
OMIM:614416	DON_GEN	gene_germline	0
OMIM:614417	DON_GEN	gene_germline	0
OMIM:614418	DON_GEN	gene_germline	0
OMIM:614420	DON_GEN	gene_germline	0
OMIM:614422	CHUA_RO	khong_du_nguon	0
OMIM:614424	DON_GEN	gene_germline	0
OMIM:614429	DON_GEN	gene_germline	0
OMIM:614430	DON_GEN	gene_germline	0
OMIM:614431	DON_GEN	gene_germline	0
OMIM:614432	DON_GEN	gene_germline	0
OMIM:614433	DON_GEN	gene_germline	0
OMIM:614434	DON_GEN	gene_germline	0
OMIM:614435	DON_GEN	gene_germline	0
OMIM:614436	DON_GEN	gene_germline	0
OMIM:614437	DON_GEN	gene_germline	0
OMIM:614438	DON_GEN	gene_germline	0
OMIM:614441	DON_GEN	gene_germline	0
OMIM:614450	DON_GEN	gene_germline	0
OMIM:614455	DON_GEN	gene_germline	0
OMIM:614456	CHUA_RO	khong_du_nguon	0
OMIM:614457	DON_GEN	gene_germline	0
OMIM:614458	DON_GEN	gene_germline	0
OMIM:614462	DON_GEN	gene_germline	0
OMIM:614464	DON_GEN	gene_germline	0
OMIM:614465	DON_GEN	gene_germline	0
OMIM:614468	DON_GEN	gene_germline	0
OMIM:614470	DON_GEN	gene_germline	0
OMIM:614473	DON_GEN	gene_germline	0
OMIM:614474	DON_GEN	gene_germline	0
OMIM:614475	DON_GEN	gene_germline	0
OMIM:614480	DON_GEN	gene_germline	0
OMIM:614482	DON_GEN	gene_germline	0
OMIM:614483	DON_GEN	gene_germline	0
OMIM:614485	DON_GEN	gene_germline	0
OMIM:614486	DON_GEN	gene_germline	0
OMIM:614487	DON_GEN	gene_germline	0
OMIM:614491	DON_GEN	gene_germline	0
OMIM:614492	DON_GEN	gene_germline	0
OMIM:614493	DON_GEN	gene_germline	0
OMIM:614494	CHUA_RO	khong_du_nguon	0
OMIM:614495	DON_GEN	gene_germline	0
OMIM:614496	DON_GEN	gene_germline	0
OMIM:614497	DON_GEN	gene_germline	0
OMIM:614498	DON_GEN	gene_germline	0
OMIM:614499	DON_GEN	gene_germline	0
OMIM:614500	DON_GEN	gene_germline	0
OMIM:614501	DON_GEN	gene_germline	0
OMIM:614504	DON_GEN	gene_germline	0
OMIM:614507	DON_GEN	gene_germline	0
OMIM:614508	DON_GEN	gene_germline	0
OMIM:614514	DON_GEN	gene_germline	0
OMIM:614520	CHUA_RO	khong_du_nguon	0
OMIM:614521	DON_GEN	gene_germline	0
OMIM:614524	DON_GEN	gene_germline	0
OMIM:614526	CNV	mondo_partial_del_dup	0
OMIM:614527	CNV	mondo_partial_del_dup	0
OMIM:614541	CNV	mondo_partial_del_dup	0
OMIM:614557	DON_GEN	gene_germline	0
OMIM:614558	DON_GEN	gene_germline	0
OMIM:614559	DON_GEN	gene_germline	0
OMIM:614561	DON_GEN	gene_germline	0
OMIM:614563	DON_GEN	gene_germline	0
OMIM:614564	DON_GEN	gene_germline	1
OMIM:614565	DON_GEN	gene_germline	0
OMIM:614569	CHUA_RO	khong_du_nguon	0
OMIM:614575	DON_GEN	gene_germline	0
OMIM:614576	DON_GEN	gene_germline	0
OMIM:614582	DON_GEN	gene_germline	0
OMIM:614583	DON_GEN	gene_germline	0
OMIM:614588	DON_GEN	gene_germline	0
OMIM:614592	DON_GEN	gene_germline	0
OMIM:614594	DON_GEN	gene_germline	0
OMIM:614595	DON_GEN	gene_germline	0
OMIM:614602	DON_GEN	gene_germline	0
OMIM:614607	DON_GEN	gene_germline	0
OMIM:614608	DON_GEN	gene_germline	0
OMIM:614609	DON_GEN	gene_germline	0
OMIM:614613	DON_GEN	gene_germline	0
OMIM:614614	DON_GEN	gene_germline	0
OMIM:614615	DON_GEN	gene_germline	0
OMIM:614616	DON_GEN	gene_germline	0
OMIM:614617	DON_GEN	gene_germline	0
OMIM:614618	DON_GEN	gene_germline	0
OMIM:614619	DON_GEN	gene_germline	0
OMIM:614621	DON_GEN	gene_germline	0
OMIM:614622	CHUA_RO	khong_du_nguon	0
OMIM:614623	CHUA_RO	khong_du_nguon	0
OMIM:614628	CHUA_RO	khong_du_nguon	0
OMIM:614629	CHUA_RO	khong_du_nguon	0
OMIM:614640	DON_GEN	gene_germline	0
OMIM:614643	DON_GEN	gene_germline	0
OMIM:614650	DON_GEN	gene_germline	0
OMIM:614651	DON_GEN	gene_germline	0
OMIM:614652	DON_GEN	gene_germline	0
OMIM:614653	DON_GEN	gene_germline	0
OMIM:614654	DON_GEN	gene_germline	0
OMIM:614662	DON_GEN	gene_germline	0
OMIM:614665	DON_GEN	gene_germline	0
OMIM:614669	DON_GEN	gene_germline	0
OMIM:614671	CNV	mondo_partial_del_dup	0
OMIM:614672	DON_GEN	gene_germline	0
OMIM:614673	DON_GEN	gene_germline	0
OMIM:614674	DON_GEN	gene_germline	0
OMIM:614675	DON_GEN	gene_germline	0
OMIM:614676	CHUA_RO	khong_du_nguon	0
OMIM:614678	DON_GEN	gene_germline	0
OMIM:614679	DON_GEN	gene_germline	0
OMIM:614684	CHUA_RO	khong_du_nguon	0
OMIM:614687	CHUA_RO	khong_du_nguon	0
OMIM:614688	CHUA_RO	khong_du_nguon	0
OMIM:614691	DON_GEN	gene_germline	0
OMIM:614699	DON_GEN	gene_germline	0
OMIM:614700	DON_GEN	gene_germline	0
OMIM:614701	DON_GEN	gene_germline	0
OMIM:614702	DON_GEN	gene_germline	0
OMIM:614706	DON_GEN	gene_germline	0
OMIM:614707	DON_GEN	gene_germline	0
OMIM:614714	DON_GEN	gene_germline	0
OMIM:614723	DON_GEN	gene_germline	0
OMIM:614727	DON_GEN	gene_germline	0
OMIM:614728	DON_GEN	gene_germline	0
OMIM:614732	DON_GEN	gene_germline	0
OMIM:614736	DON_GEN	gene_germline	0
OMIM:614739	DON_GEN	gene_germline	0
OMIM:614740	CHUA_RO	khong_du_nguon	0
OMIM:614741	DON_GEN	gene_germline	0
OMIM:614742	DON_GEN	gene_germline	0
OMIM:614743	DON_GEN	gene_germline	0
OMIM:614744	DON_GEN	gene_germline	0
OMIM:614748	DON_GEN	gene_germline	0
OMIM:614749	DON_GEN	gene_germline	0
OMIM:614750	DON_GEN	gene_germline	0
OMIM:614751	DON_GEN	gene_germline	0
OMIM:614753	CNV	mondo_partial_del_dup	1
OMIM:614756	DON_GEN	gene_germline	0
OMIM:614779	DON_GEN	gene_germline	0
OMIM:614782	DON_GEN	gene_germline	0
OMIM:614800	DON_GEN	gene_germline	0
OMIM:614807	DON_GEN	gene_germline	0
OMIM:614808	DON_GEN	gene_germline	0
OMIM:614809	DON_GEN	gene_germline	0
OMIM:614813	DON_GEN	gene_germline	0
OMIM:614814	DON_GEN	gene_germline	0
OMIM:614815	DON_GEN	gene_germline	0
OMIM:614816	DON_GEN	gene_germline	0
OMIM:614817	DON_GEN	gene_germline	0
OMIM:614819	DON_GEN	gene_germline	0
OMIM:614820	DON_GEN	gene_germline	0
OMIM:614822	DON_GEN	gene_germline	0
OMIM:614823	DON_GEN	gene_germline	0
OMIM:614826	CHUA_RO	khong_du_nguon	0
OMIM:614830	DON_GEN	gene_germline	0
OMIM:614831	DON_GEN	gene_germline	0
OMIM:614832	DON_GEN	gene_germline	0
OMIM:614833	DON_GEN	gene_germline	0
OMIM:614837	DON_GEN	gene_germline	0
OMIM:614838	DON_GEN	gene_germline	0
OMIM:614839	DON_GEN	gene_germline	0
OMIM:614840	DON_GEN	gene_germline	0
OMIM:614841	DON_GEN	gene_germline	0
OMIM:614842	DON_GEN	gene_germline	0
OMIM:614844	DON_GEN	gene_germline	0
OMIM:614845	DON_GEN	gene_germline	0
OMIM:614846	CNV	mondo_partial_del_dup	0
OMIM:614847	CHUA_RO	khong_du_nguon	0
OMIM:614849	DON_GEN	gene_germline	0
OMIM:614850	CHUA_RO	khong_du_nguon	0
OMIM:614851	DON_GEN	gene_germline	0
OMIM:614852	DON_GEN	gene_germline	0
OMIM:614856	DON_GEN	gene_germline	0
OMIM:614857	DON_GEN	gene_germline	0
OMIM:614858	DON_GEN	gene_germline	0
OMIM:614859	DON_GEN	gene_germline	0
OMIM:614860	CHUA_RO	khong_du_nguon	0
OMIM:614861	DON_GEN	gene_germline	0
OMIM:614862	DON_GEN	gene_germline	0
OMIM:614863	DON_GEN	gene_germline	0
OMIM:614866	DON_GEN	gene_germline	0
OMIM:614867	DON_GEN	gene_germline	0
OMIM:614868	DON_GEN	gene_germline	0
OMIM:614870	DON_GEN	gene_germline	0
OMIM:614871	DON_GEN	gene_germline	0
OMIM:614872	DON_GEN	gene_germline	0
OMIM:614873	DON_GEN	gene_germline	0
OMIM:614874	DON_GEN	gene_germline	0
OMIM:614876	DON_GEN	gene_germline	0
OMIM:614877	DON_GEN	gene_germline	0
OMIM:614878	DON_GEN	gene_germline	0
OMIM:614879	DON_GEN	gene_germline	0
OMIM:614880	CHUA_RO	khong_du_nguon	0
OMIM:614881	DON_GEN	gene_germline	0
OMIM:614882	DON_GEN	gene_germline	0
OMIM:614883	DON_GEN	gene_germline	0
OMIM:614885	DON_GEN	gene_germline	0
OMIM:614886	DON_GEN	gene_germline	0
OMIM:614887	DON_GEN	gene_germline	0
OMIM:614889	DON_GEN	gene_germline	0
OMIM:614890	DON_GEN	gene_germline	0
OMIM:614891	DON_GEN	gene_germline	0
OMIM:614892	DON_GEN	gene_germline	0
OMIM:614893	DON_GEN	gene_germline	0
OMIM:614895	DON_GEN	gene_germline	0
OMIM:614896	DON_GEN	gene_germline	0
OMIM:614897	CHUA_RO	khong_du_nguon	0
OMIM:614898	DON_GEN	gene_germline	0
OMIM:614899	DON_GEN	gene_germline	0
OMIM:614900	DON_GEN	gene_germline	0
OMIM:614915	DON_GEN	gene_germline	0
OMIM:614916	DON_GEN	gene_germline	0
OMIM:614920	DON_GEN	gene_germline	0
OMIM:614921	DON_GEN	gene_germline	0
OMIM:614922	DON_GEN	gene_germline	0
OMIM:614923	DON_GEN	gene_germline	0
OMIM:614924	DON_GEN	gene_germline	0
OMIM:614926	DON_GEN	gene_germline	0
OMIM:614927	CHUA_RO	khong_du_nguon	0
OMIM:614928	CHUA_RO	khong_du_nguon	0
OMIM:614929	DON_GEN	gene_germline	0
OMIM:614931	DON_GEN	gene_germline	0
OMIM:614932	DON_GEN	gene_germline	0
OMIM:614934	DON_GEN	gene_germline	0
OMIM:614935	DON_GEN	gene_germline	0
OMIM:614936	CHUA_RO	khong_du_nguon	0
OMIM:614937	DON_GEN	gene_germline	0
OMIM:614940	DON_GEN	gene_germline	0
OMIM:614941	DON_GEN	gene_germline	0
OMIM:614944	DON_GEN	gene_germline	0
OMIM:614945	DON_GEN	gene_germline	0
OMIM:614946	DON_GEN	gene_germline	0
OMIM:614947	DON_GEN	gene_germline	0
OMIM:614954	CHUA_RO	khong_du_nguon	0
OMIM:614959	DON_GEN	gene_germline	0
OMIM:614961	DON_GEN	gene_germline	0
OMIM:614962	DON_GEN	gene_germline	0
OMIM:614963	DON_GEN	gene_germline	0
OMIM:614969	DON_GEN	gene_germline	0
OMIM:614970	DON_GEN	gene_germline	0
OMIM:614972	DON_GEN	gene_germline	0
OMIM:614974	DON_GEN	gene_germline	0
OMIM:614976	DON_GEN	gene_germline	0
OMIM:614979	DON_GEN	gene_germline	0
OMIM:614980	DON_GEN	gene_germline	0
OMIM:614990	CHUA_RO	khong_du_nguon	0
OMIM:615005	DON_GEN	gene_germline	0
OMIM:615006	DON_GEN	gene_germline	0
OMIM:615007	DON_GEN	gene_germline	0
OMIM:615008	DON_GEN	gene_germline	0
OMIM:615009	DON_GEN	gene_germline	0
OMIM:615010	DON_GEN	gene_germline	0
OMIM:615011	DON_GEN	gene_germline	0
OMIM:615022	CHUA_RO	khong_du_nguon	0
OMIM:615023	DON_GEN	gene_germline	0
OMIM:615024	DON_GEN	gene_germline	0
OMIM:615025	DON_GEN	gene_germline	0
OMIM:615026	DON_GEN	gene_germline	0
OMIM:615028	DON_GEN	gene_germline	0
OMIM:615030	DON_GEN	gene_germline	0
OMIM:615031	DON_GEN	gene_germline	0
OMIM:615032	DON_GEN	gene_germline	0
OMIM:615033	DON_GEN	gene_germline	0
OMIM:615034	DON_GEN	gene_germline	0
OMIM:615035	DON_GEN	gene_germline	0
OMIM:615040	DON_GEN	gene_germline	0
OMIM:615041	DON_GEN	gene_germline	0
OMIM:615042	DON_GEN	gene_germline	0
OMIM:615043	DON_GEN	gene_germline	0
OMIM:615048	DON_GEN	gene_germline	0
OMIM:615058	DON_GEN	gene_germline	0
OMIM:615059	DON_GEN	gene_germline	0
OMIM:615065	DON_GEN	gene_germline	0
OMIM:615066	DON_GEN	gene_germline	0
OMIM:615067	DON_GEN	gene_germline	0
OMIM:615071	DON_GEN	gene_germline	0
OMIM:615072	DON_GEN	gene_germline	0
OMIM:615073	DON_GEN	gene_germline	0
OMIM:615074	DON_GEN	gene_germline	0
OMIM:615075	DON_GEN	gene_germline	0
OMIM:615080	CHUA_RO	khong_du_nguon	0
OMIM:615081	DON_GEN	gene_germline	0
OMIM:615083	CHUA_RO	khong_du_nguon	0
OMIM:615084	DON_GEN	gene_germline	0
OMIM:615085	DON_GEN	gene_germline	0
OMIM:615092	DON_GEN	gene_germline	0
OMIM:615095	DON_GEN	gene_germline	0
OMIM:615102	CHUA_RO	khong_du_nguon	0
OMIM:615107	DON_GEN	gene_germline	0
OMIM:615108	DON_GEN	gene_germline	0
OMIM:615109	DON_GEN	gene_germline	0
OMIM:615112	DON_GEN	gene_germline	0
OMIM:615113	DON_GEN	gene_germline	0
OMIM:615119	DON_GEN	gene_germline	0
OMIM:615120	DON_GEN	gene_germline	0
OMIM:615122	DON_GEN	gene_germline	0
OMIM:615127	DON_GEN	gene_germline	0
OMIM:615134	CHUA_RO	khong_du_nguon	0
OMIM:615135	DON_GEN	gene_germline	0
OMIM:615139	DON_GEN	gene_germline	0
OMIM:615145	DON_GEN	gene_germline	0
OMIM:615147	DON_GEN	gene_germline	0
OMIM:615155	DON_GEN	gene_germline	0
OMIM:615156	DON_GEN	gene_germline	0
OMIM:615157	DON_GEN	gene_germline	0
OMIM:615158	DON_GEN	gene_germline	0
OMIM:615159	DON_GEN	gene_germline	0
OMIM:615160	DON_GEN	gene_germline	0
OMIM:615162	CHUA_RO	khong_du_nguon	0
OMIM:615163	CHUA_RO	khong_du_nguon	0
OMIM:615170	CHUA_RO	khong_du_nguon	0
OMIM:615179	DON_GEN	gene_germline	0
OMIM:615181	DON_GEN	gene_germline	0
OMIM:615182	DON_GEN	gene_germline	0
OMIM:615184	DON_GEN	gene_germline	0
OMIM:615185	DON_GEN	gene_germline	0
OMIM:615188	DON_GEN	gene_germline	0
OMIM:615190	DON_GEN	gene_germline	0
OMIM:615191	DON_GEN	gene_germline	0
OMIM:615193	DON_GEN	gene_germline	0
OMIM:615198	DON_GEN	gene_germline	0
OMIM:615206	DON_GEN	gene_germline	0
OMIM:615207	DON_GEN	gene_germline	0
OMIM:615214	DON_GEN	gene_germline	0
OMIM:615217	DON_GEN	gene_germline	0
OMIM:615219	DON_GEN	gene_germline	0
OMIM:615220	DON_GEN	gene_germline	0
OMIM:615222	DON_GEN	gene_germline	0
OMIM:615224	DON_GEN	gene_germline	0
OMIM:615225	DON_GEN	gene_germline	1
OMIM:615226	DON_GEN	gene_germline	0
OMIM:615228	DON_GEN	gene_germline	0
OMIM:615233	DON_GEN	gene_germline	0
OMIM:615234	DON_GEN	gene_germline	0
OMIM:615235	DON_GEN	gene_germline	0
OMIM:615236	CHUA_RO	khong_du_nguon	0
OMIM:615237	DON_GEN	gene_germline	0
OMIM:615238	DON_GEN	gene_germline	0
OMIM:615244	DON_GEN	gene_germline	0
OMIM:615248	DON_GEN	gene_germline	0
OMIM:615249	DON_GEN	gene_germline	0
OMIM:615266	DON_GEN	gene_germline	0
OMIM:615267	DON_GEN	gene_germline	0
OMIM:615268	DON_GEN	gene_germline	0
OMIM:615269	DON_GEN	gene_germline	0
OMIM:615270	DON_GEN	gene_germline	0
OMIM:615271	DON_GEN	gene_germline	0
OMIM:615272	DON_GEN	gene_germline	0
OMIM:615273	DON_GEN	gene_germline	0
OMIM:615274	DON_GEN	gene_germline	0
OMIM:615277	DON_GEN	gene_germline	0
OMIM:615278	DON_GEN	gene_germline	0
OMIM:615279	DON_GEN	gene_germline	0
OMIM:615280	DON_GEN	gene_germline	0
OMIM:615281	DON_GEN	gene_germline	0
OMIM:615282	DON_GEN	gene_germline	0
OMIM:615284	DON_GEN	gene_germline	0
OMIM:615285	DON_GEN	gene_germline	0
OMIM:615286	DON_GEN	gene_germline	0
OMIM:615287	DON_GEN	gene_germline	0
OMIM:615290	DON_GEN	gene_germline	0
OMIM:615293	DON_GEN	gene_germline	0
OMIM:615294	DON_GEN	gene_germline	0
OMIM:615297	DON_GEN	gene_germline	0
OMIM:615298	DON_GEN	gene_germline	0
OMIM:615300	DON_GEN	gene_germline	0
OMIM:615312	CHUA_RO	khong_du_nguon	0
OMIM:615314	DON_GEN	gene_germline	0
OMIM:615327	DON_GEN	gene_germline	0
OMIM:615328	DON_GEN	gene_germline	0
OMIM:615330	DON_GEN	gene_germline	0
OMIM:615338	DON_GEN	gene_germline	0
OMIM:615342	DON_GEN	gene_germline	0
OMIM:615343	DON_GEN	gene_germline	0
OMIM:615344	DON_GEN	gene_germline	0
OMIM:615346	DON_GEN	gene_germline	0
OMIM:615348	DON_GEN	gene_germline	0
OMIM:615349	DON_GEN	gene_germline	0
OMIM:615350	DON_GEN	gene_germline	0
OMIM:615351	DON_GEN	gene_germline	0
OMIM:615352	DON_GEN	gene_germline	0
OMIM:615355	DON_GEN	gene_germline	0
OMIM:615356	DON_GEN	gene_germline	0
OMIM:615360	DON_GEN	gene_germline	0
OMIM:615361	DON_GEN	gene_germline	0
OMIM:615362	DON_GEN	gene_germline	0
OMIM:615363	DON_GEN	gene_germline	0
OMIM:615368	DON_GEN	gene_germline	0
OMIM:615369	DON_GEN	gene_germline	0
OMIM:615373	DON_GEN	gene_germline	0
OMIM:615374	DON_GEN	gene_germline	0
OMIM:615376	DON_GEN	gene_germline	0
OMIM:615377	DON_GEN	gene_germline	0
OMIM:615378	DON_GEN	gene_germline	0
OMIM:615381	DON_GEN	gene_germline	0
OMIM:615382	DON_GEN	gene_germline	0
OMIM:615386	DON_GEN	gene_germline	0
OMIM:615387	DON_GEN	gene_germline	0
OMIM:615395	DON_GEN	gene_germline	0
OMIM:615396	DON_GEN	gene_germline	0
OMIM:615397	DON_GEN	gene_germline	0
OMIM:615398	DON_GEN	gene_germline	0
OMIM:615399	DON_GEN	gene_germline	0
OMIM:615400	DON_GEN	gene_germline	0
OMIM:615401	DON_GEN	gene_germline	0
OMIM:615402	DON_GEN	gene_germline	0
OMIM:615411	DON_GEN	gene_germline	0
OMIM:615412	DON_GEN	gene_germline	0
OMIM:615413	DON_GEN	gene_germline	0
OMIM:615414	DON_GEN	gene_germline	0
OMIM:615415	DON_GEN	gene_germline	0
OMIM:615418	DON_GEN	gene_germline	0
OMIM:615419	DON_GEN	gene_germline	0
OMIM:615420	DON_GEN	gene_germline	0
OMIM:615422	DON_GEN	gene_germline	0
OMIM:615424	DON_GEN	gene_germline	0
OMIM:615425	DON_GEN	gene_germline	0
OMIM:615426	DON_GEN	gene_germline	0
OMIM:615429	DON_GEN	gene_germline	0
OMIM:615431	DON_GEN	gene_germline	0
OMIM:615432	CHUA_RO	khong_du_nguon	0
OMIM:615433	CNV	mondo_partial_del_dup	0
OMIM:615434	DON_GEN	gene_germline	0
OMIM:615436	DON_GEN	gene_germline	0
OMIM:615438	DON_GEN	gene_germline	0
OMIM:615439	CHUA_RO	khong_du_nguon	0
OMIM:615440	DON_GEN	gene_germline	0
OMIM:615441	DON_GEN	gene_germline	0
OMIM:615444	DON_GEN	gene_germline	0
OMIM:615451	DON_GEN	gene_germline	0
OMIM:615453	DON_GEN	gene_germline	0
OMIM:615457	CHUA_RO	khong_du_nguon	0
OMIM:615458	DON_GEN	gene_germline	0
OMIM:615465	DON_GEN	gene_germline	0
OMIM:615468	DON_GEN	gene_germline	0
OMIM:615471	DON_GEN	gene_germline	0
OMIM:615473	DON_GEN	gene_germline	0
OMIM:615474	DON_GEN	gene_germline	0
OMIM:615476	DON_GEN	gene_germline	0
OMIM:615481	DON_GEN	gene_germline	0
OMIM:615482	DON_GEN	gene_germline	0
OMIM:615483	DON_GEN	gene_germline	0
OMIM:615485	DON_GEN	gene_germline	0
OMIM:615486	DON_GEN	gene_germline	0
OMIM:615490	DON_GEN	gene_germline	0
OMIM:615491	DON_GEN	gene_germline	0
OMIM:615493	DON_GEN	gene_germline	0
OMIM:615500	DON_GEN	gene_germline	0
OMIM:615501	DON_GEN	gene_germline	0
OMIM:615502	DON_GEN	gene_germline	0
OMIM:615503	DON_GEN	gene_germline	0
OMIM:615504	DON_GEN	gene_germline	0
OMIM:615505	DON_GEN	gene_germline	0
OMIM:615506	DON_GEN	gene_germline	0
OMIM:615508	DON_GEN	gene_germline	0
OMIM:615510	DON_GEN	gene_germline	0
OMIM:615511	DON_GEN	gene_germline	0
OMIM:615512	DON_GEN	gene_germline	0
OMIM:615513	DON_GEN	gene_germline	0
OMIM:615515	DON_GEN	gene_germline	0
OMIM:615516	DON_GEN	gene_germline	0
OMIM:615517	DON_GEN	gene_germline	0
OMIM:615518	DON_GEN	gene_germline	0
OMIM:615522	DON_GEN	gene_germline	0
OMIM:615523	DON_GEN	gene_germline	0
OMIM:615524	DON_GEN	gene_germline	0
OMIM:615527	DON_GEN	gene_germline	0
OMIM:615528	DON_GEN	gene_germline	0
OMIM:615529	CHUA_RO	khong_du_nguon	0
OMIM:615530	DON_GEN	gene_germline	0
OMIM:615537	DON_GEN	gene_germline	0
OMIM:615538	CNV	mondo_partial_del_dup	0
OMIM:615539	DON_GEN	gene_germline	0
OMIM:615540	DON_GEN	gene_germline	0
OMIM:615541	DON_GEN	gene_germline	0
OMIM:615542	DON_GEN	gene_germline	0
OMIM:615544	DON_GEN	gene_germline	0
OMIM:615546	DON_GEN	gene_germline	0
OMIM:615547	DON_GEN	mondo_chromosomal_mot_gene	1
OMIM:615548	DON_GEN	gene_germline	0
OMIM:615550	DON_GEN	gene_germline	0
OMIM:615551	DON_GEN	gene_germline	0
OMIM:615552	DON_GEN	gene_germline	0
OMIM:615553	DON_GEN	gene_germline	0
OMIM:615554	DON_GEN	gene_germline	0
OMIM:615555	DON_GEN	gene_germline	0
OMIM:615558	DON_GEN	gene_germline	0
OMIM:615559	DON_GEN	gene_germline	0
OMIM:615560	DON_GEN	gene_germline	0
OMIM:615561	DON_GEN	gene_germline	0
OMIM:615565	DON_GEN	gene_germline	0
OMIM:615573	DON_GEN	gene_germline	0
OMIM:615574	DON_GEN	gene_germline	0
OMIM:615575	DON_GEN	gene_germline	0
OMIM:615577	DON_GEN	gene_germline	0
OMIM:615578	DON_GEN	gene_germline	0
OMIM:615582	DON_GEN	gene_germline	0
OMIM:615583	CNV	mondo_partial_del_dup	1
OMIM:615589	CHUA_RO	khong_du_nguon	0
OMIM:615591	CHUA_RO	khong_du_nguon	0
OMIM:615592	DON_GEN	gene_germline	0
OMIM:615593	DON_GEN	gene_germline	0
OMIM:615595	DON_GEN	gene_germline	0
OMIM:615596	DON_GEN	gene_germline	0
OMIM:615597	DON_GEN	gene_germline	0
OMIM:615598	DON_GEN	gene_germline	0
OMIM:615599	DON_GEN	gene_germline	0
OMIM:615604	DON_GEN	gene_germline	0
OMIM:615605	DON_GEN	gene_germline	0
OMIM:615607	DON_GEN	gene_germline	0
OMIM:615612	CHUA_RO	khong_du_nguon	0
OMIM:615615	DON_GEN	gene_germline	0
OMIM:615616	DON_GEN	gene_germline	0
OMIM:615617	DON_GEN	gene_germline	0
OMIM:615619	CHUA_RO	khong_du_nguon	0
OMIM:615625	DON_GEN	gene_germline	0
OMIM:615629	DON_GEN	gene_germline	0
OMIM:615630	DON_GEN	gene_germline	0
OMIM:615631	DON_GEN	gene_germline	0
OMIM:615632	DON_GEN	gene_germline	0
OMIM:615633	DON_GEN	gene_germline	0
OMIM:615636	DON_GEN	gene_germline	0
OMIM:615637	DON_GEN	gene_germline	0
OMIM:615643	DON_GEN	gene_germline	0
OMIM:615649	CHUA_RO	khong_du_nguon	0
OMIM:615651	DON_GEN	gene_germline	0
OMIM:615654	CHUA_RO	khong_du_nguon	0
OMIM:615656	CNV	mondo_partial_del_dup	0
OMIM:615658	DON_GEN	gene_germline	0
OMIM:615663	DON_GEN	gene_germline	0
OMIM:615665	DON_GEN	gene_germline	0
OMIM:615668	CNV	mondo_partial_del_dup	1
OMIM:615670	CHUA_RO	khong_du_nguon	0
OMIM:615673	DON_GEN	gene_germline	0
OMIM:615674	CHUA_RO	khong_du_nguon	0
OMIM:615681	DON_GEN	gene_germline	0
OMIM:615683	DON_GEN	gene_germline	0
OMIM:615685	DON_GEN	gene_germline	0
OMIM:615686	DON_GEN	gene_germline	0
OMIM:615688	DON_GEN	gene_germline	0
OMIM:615696	DON_GEN	gene_germline	0
OMIM:615697	CHUA_RO	khong_du_nguon	0
OMIM:615703	DON_GEN	gene_germline	0
OMIM:615704	DON_GEN	gene_germline	0
OMIM:615705	DON_GEN	gene_germline	0
OMIM:615706	DON_GEN	gene_germline	0
OMIM:615707	DON_GEN	gene_germline	0
OMIM:615709	DON_GEN	gene_germline	0
OMIM:615710	DON_GEN	gene_germline	0
OMIM:615715	DON_GEN	gene_germline	0
OMIM:615716	DON_GEN	gene_germline	0
OMIM:615721	DON_GEN	gene_germline	0
OMIM:615722	DON_GEN	gene_germline	0
OMIM:615723	DON_GEN	gene_germline	0
OMIM:615724	DON_GEN	gene_germline	0
OMIM:615725	DON_GEN	gene_germline	0
OMIM:615726	DON_GEN	gene_germline	0
OMIM:615728	DON_GEN	gene_germline	0
OMIM:615731	DON_GEN	gene_germline	0
OMIM:615735	DON_GEN	gene_germline	0
OMIM:615744	DON_GEN	gene_germline	0
OMIM:615745	DON_GEN	gene_germline	0
OMIM:615750	DON_GEN	gene_germline	0
OMIM:615751	DON_GEN	gene_germline	0
OMIM:615752	DON_GEN	gene_germline	0
OMIM:615758	DON_GEN	gene_germline	0
OMIM:615760	DON_GEN	gene_germline	0
OMIM:615761	DON_GEN	gene_germline	0
OMIM:615763	DON_GEN	gene_germline	0
OMIM:615767	DON_GEN	gene_germline	0
OMIM:615768	DON_GEN	gene_germline	0
OMIM:615770	DON_GEN	gene_germline	0
OMIM:615771	DON_GEN	gene_germline	0
OMIM:615774	DON_GEN	gene_germline	0
OMIM:615777	DON_GEN	gene_germline	0
OMIM:615779	DON_GEN	gene_germline	0
OMIM:615780	DON_GEN	gene_germline	0
OMIM:615785	DON_GEN	gene_germline	0
OMIM:615789	DON_GEN	gene_germline	0
OMIM:615802	DON_GEN	gene_germline	0
OMIM:615803	DON_GEN	gene_germline	0
OMIM:615807	DON_GEN	gene_germline	0
OMIM:615809	DON_GEN	gene_germline	0
OMIM:615812	DON_GEN	gene_germline	0
OMIM:615816	DON_GEN	gene_germline	0
OMIM:615817	DON_GEN	gene_germline	0
OMIM:615821	DON_GEN	gene_germline	0
OMIM:615824	DON_GEN	gene_germline	0
OMIM:615828	DON_GEN	gene_germline	0
OMIM:615829	DON_GEN	gene_germline	0
OMIM:615830	DON_GEN	gene_germline	0
OMIM:615833	DON_GEN	gene_germline	0
OMIM:615834	DON_GEN	gene_germline	0
OMIM:615837	DON_GEN	gene_germline	0
OMIM:615838	DON_GEN	gene_germline	0
OMIM:615841	DON_GEN	gene_germline	0
OMIM:615842	DON_GEN	gene_germline	0
OMIM:615846	DON_GEN	gene_germline	0
OMIM:615848	DON_GEN	gene_germline	0
OMIM:615849	DON_GEN	gene_germline	0
OMIM:615851	DON_GEN	gene_germline	0
OMIM:615859	DON_GEN	gene_germline	0
OMIM:615860	DON_GEN	gene_germline	0
OMIM:615861	DON_GEN	gene_germline	0
OMIM:615862	DON_GEN	gene_germline	0
OMIM:615863	DON_GEN	gene_germline	0
OMIM:615866	DON_GEN	gene_germline	0
OMIM:615871	DON_GEN	gene_germline	0
OMIM:615872	DON_GEN	gene_germline	0
OMIM:615873	DON_GEN	gene_germline	0
OMIM:615877	DON_GEN	gene_germline	0
OMIM:615878	DON_GEN	gene_germline	0
OMIM:615879	DON_GEN	gene_germline	0
OMIM:615883	DON_GEN	gene_germline	0
OMIM:615885	DON_GEN	gene_germline	0
OMIM:615887	DON_GEN	gene_germline	0
OMIM:615888	DON_GEN	gene_germline	0
OMIM:615889	DON_GEN	gene_germline	0
OMIM:615892	CHUA_RO	khong_du_nguon	0
OMIM:615895	DON_GEN	gene_germline	0
OMIM:615896	DON_GEN	gene_germline	0
OMIM:615897	DON_GEN	gene_germline	0
OMIM:615905	DON_GEN	gene_germline	0
OMIM:615907	DON_GEN	gene_germline	0
OMIM:615909	DON_GEN	gene_germline	0
OMIM:615911	DON_GEN	gene_germline	0
OMIM:615916	DON_GEN	gene_germline	0
OMIM:615917	DON_GEN	gene_germline	0
OMIM:615918	DON_GEN	gene_germline	0
OMIM:615919	DON_GEN	gene_germline	0
OMIM:615922	DON_GEN	gene_germline	0
OMIM:615923	DON_GEN	gene_germline	0
OMIM:615924	DON_GEN	gene_germline	0
OMIM:615925	DON_GEN	gene_germline	0
OMIM:615926	DON_GEN	gene_germline	0
OMIM:615934	DON_GEN	gene_germline	0
OMIM:615935	DON_GEN	gene_germline	0
OMIM:615937	DON_GEN	gene_germline	0
OMIM:615938	DON_GEN	gene_germline	0
OMIM:615942	DON_GEN	gene_germline	0
OMIM:615945	DON_GEN	gene_germline	0
OMIM:615946	DON_GEN	gene_germline	0
OMIM:615947	DON_GEN	gene_germline	0
OMIM:615948	DON_GEN	gene_germline	0
OMIM:615952	DON_GEN	gene_germline	0
OMIM:615954	CHUA_RO	khong_du_nguon	0
OMIM:615957	DON_GEN	gene_germline	0
OMIM:615959	DON_GEN	gene_germline	0
OMIM:615960	DON_GEN	gene_germline	0
OMIM:615961	DON_GEN	gene_germline	0
OMIM:615962	DON_GEN	gene_germline	0
OMIM:615963	DON_GEN	gene_germline	0
OMIM:615966	DON_GEN	gene_germline	0
OMIM:615969	DON_GEN	gene_germline	0
OMIM:615970	DON_GEN	gene_germline	0
OMIM:615972	DON_GEN	gene_germline	0
OMIM:615973	DON_GEN	gene_germline	0
OMIM:615974	DON_GEN	gene_germline	0
OMIM:615978	DON_GEN	gene_germline	0
OMIM:615979	DON_GEN	gene_germline	0
OMIM:615980	DON_GEN	gene_germline	0
OMIM:615981	DON_GEN	gene_germline	0
OMIM:615982	DON_GEN	gene_germline	0
OMIM:615983	DON_GEN	gene_germline	0
OMIM:615984	DON_GEN	gene_germline	0
OMIM:615985	DON_GEN	gene_germline	0
OMIM:615986	DON_GEN	gene_germline	0
OMIM:615987	DON_GEN	gene_germline	0
OMIM:615988	DON_GEN	gene_germline	0
OMIM:615989	DON_GEN	gene_germline	0
OMIM:615990	DON_GEN	gene_germline	0
OMIM:615991	DON_GEN	gene_germline	0
OMIM:615992	DON_GEN	gene_germline	0
OMIM:615993	DON_GEN	gene_germline	0
OMIM:615994	DON_GEN	gene_germline	0
OMIM:615995	DON_GEN	gene_germline	0
OMIM:615996	DON_GEN	gene_germline	0
OMIM:615999	DON_GEN	gene_germline	0
OMIM:616000	DON_GEN	gene_germline	0
OMIM:616001	DON_GEN	gene_germline	0
OMIM:616002	DON_GEN	gene_germline	0
OMIM:616004	DON_GEN	gene_germline	0
OMIM:616005	DON_GEN	gene_germline	0
OMIM:616006	DON_GEN	gene_germline	0
OMIM:616007	DON_GEN	gene_germline	0
OMIM:616022	DON_GEN	gene_germline	0
OMIM:616025	DON_GEN	gene_germline	0
OMIM:616026	DON_GEN	gene_germline	0
OMIM:616028	DON_GEN	gene_germline	0
OMIM:616029	DON_GEN	gene_germline	0
OMIM:616030	DON_GEN	gene_germline	0
OMIM:616032	DON_GEN	gene_germline	0
OMIM:616033	DON_GEN	gene_germline	0
OMIM:616034	DON_GEN	gene_germline	0
OMIM:616037	DON_GEN	gene_germline	0
OMIM:616038	DON_GEN	gene_germline	0
OMIM:616039	DON_GEN	gene_germline	0
OMIM:616040	DON_GEN	gene_germline	0
OMIM:616042	DON_GEN	gene_germline	0
OMIM:616044	DON_GEN	gene_germline	0
OMIM:616045	DON_GEN	gene_germline	0
OMIM:616050	DON_GEN	gene_germline	0
OMIM:616051	DON_GEN	gene_germline	0
OMIM:616052	DON_GEN	gene_germline	0
OMIM:616053	DON_GEN	gene_germline	0
OMIM:616055	CHUA_RO	khong_du_nguon	0
OMIM:616056	DON_GEN	gene_germline	0
OMIM:616059	DON_GEN	gene_germline	0
OMIM:616063	DON_GEN	gene_germline	0
OMIM:616067	DON_GEN	gene_germline	0
OMIM:616069	DON_GEN	gene_germline	0
OMIM:616078	DON_GEN	gene_germline	0
OMIM:616079	DON_GEN	gene_germline	0
OMIM:616080	DON_GEN	gene_germline	0
OMIM:616081	DON_GEN	gene_germline	0
OMIM:616083	DON_GEN	gene_germline	0
OMIM:616084	DON_GEN	gene_germline	0
OMIM:616094	DON_GEN	gene_germline	0
OMIM:616095	DON_GEN	gene_germline	0
OMIM:616098	DON_GEN	gene_germline	0
OMIM:616099	DON_GEN	gene_germline	0
OMIM:616100	DON_GEN	gene_germline	0
OMIM:616106	CHUA_RO	khong_du_nguon	0
OMIM:616108	DON_GEN	gene_germline	0
OMIM:616111	DON_GEN	gene_germline	0
OMIM:616113	DON_GEN	gene_germline	0
OMIM:616115	DON_GEN	gene_germline	0
OMIM:616116	DON_GEN	gene_germline	0
OMIM:616117	DON_GEN	gene_germline	0
OMIM:616118	DON_GEN	gene_germline	0
OMIM:616126	DON_GEN	gene_germline	0
OMIM:616127	DON_GEN	gene_germline	0
OMIM:616138	DON_GEN	gene_germline	0
OMIM:616139	DON_GEN	gene_germline	0
OMIM:616140	DON_GEN	gene_germline	0
OMIM:616145	DON_GEN	gene_germline	0
OMIM:616151	DON_GEN	gene_germline	0
OMIM:616152	DON_GEN	gene_germline	0
OMIM:616154	DON_GEN	gene_germline	0
OMIM:616155	DON_GEN	gene_germline	0
OMIM:616158	DON_GEN	gene_germline	0
OMIM:616165	DON_GEN	gene_germline	0
OMIM:616166	DON_GEN	gene_germline	0
OMIM:616170	DON_GEN	gene_germline	0
OMIM:616171	DON_GEN	gene_germline	0
OMIM:616172	DON_GEN	gene_germline	0
OMIM:616176	DON_GEN	gene_germline	0
OMIM:616185	DON_GEN	gene_germline	0
OMIM:616187	DON_GEN	gene_germline	0
OMIM:616188	DON_GEN	gene_germline	0
OMIM:616192	DON_GEN	gene_germline	0
OMIM:616193	DON_GEN	gene_germline	0
OMIM:616198	DON_GEN	gene_germline	0
OMIM:616199	DON_GEN	gene_germline	0
OMIM:616200	DON_GEN	gene_germline	0
OMIM:616201	DON_GEN	gene_germline	0
OMIM:616202	DON_GEN	gene_germline	0
OMIM:616204	DON_GEN	gene_germline	0
OMIM:616208	DON_GEN	gene_germline	0
OMIM:616209	DON_GEN	gene_germline	0
OMIM:616211	DON_GEN	gene_germline	0
OMIM:616212	DON_GEN	gene_germline	0
OMIM:616214	DON_GEN	gene_germline	0
OMIM:616216	DON_GEN	gene_germline	0
OMIM:616217	DON_GEN	gene_germline	0
OMIM:616219	DON_GEN	gene_germline	0
OMIM:616220	DON_GEN	gene_germline	0
OMIM:616221	DON_GEN	gene_germline	0
OMIM:616222	CHUA_RO	khong_du_nguon	0
OMIM:616224	DON_GEN	gene_germline	0
OMIM:616227	DON_GEN	gene_germline	0
OMIM:616228	DON_GEN	gene_germline	0
OMIM:616229	DON_GEN	gene_germline	0
OMIM:616230	DON_GEN	gene_germline	0
OMIM:616231	DON_GEN	gene_germline	0
OMIM:616239	DON_GEN	gene_germline	0
OMIM:616247	DON_GEN	gene_germline	0
OMIM:616248	DON_GEN	gene_germline	0
OMIM:616249	DON_GEN	gene_germline	0
OMIM:616255	DON_GEN	gene_germline	0
OMIM:616258	DON_GEN	gene_germline	0
OMIM:616260	DON_GEN	gene_germline	0
OMIM:616263	DON_GEN	gene_germline	0
OMIM:616265	CHUA_RO	khong_du_nguon	0
OMIM:616266	DON_GEN	gene_germline	0
OMIM:616267	DON_GEN	gene_germline	0
OMIM:616268	DON_GEN	gene_germline	0
OMIM:616269	DON_GEN	gene_germline	0
OMIM:616270	DON_GEN	gene_germline	0
OMIM:616271	DON_GEN	gene_germline	0
OMIM:616276	DON_GEN	gene_germline	0
OMIM:616277	DON_GEN	gene_germline	0
OMIM:616278	DON_GEN	gene_germline	0
OMIM:616279	DON_GEN	gene_germline	0
OMIM:616280	DON_GEN	gene_germline	0
OMIM:616281	DON_GEN	gene_germline	0
OMIM:616282	DON_GEN	gene_germline	0
OMIM:616286	DON_GEN	gene_germline	0
OMIM:616287	DON_GEN	gene_germline	0
OMIM:616289	DON_GEN	gene_germline	0
OMIM:616291	DON_GEN	gene_germline	0
OMIM:616294	DON_GEN	gene_germline	0
OMIM:616295	DON_GEN	gene_germline	0
OMIM:616298	DON_GEN	gene_germline	0
OMIM:616299	DON_GEN	gene_germline	0
OMIM:616300	DON_GEN	gene_germline	0
OMIM:616304	DON_GEN	gene_germline	0
OMIM:616307	DON_GEN	gene_germline	0
OMIM:616311	DON_GEN	gene_germline	0
OMIM:616313	DON_GEN	gene_germline	0
OMIM:616314	DON_GEN	gene_germline	0
OMIM:616321	DON_GEN	gene_germline	0
OMIM:616322	DON_GEN	gene_germline	0
OMIM:616323	DON_GEN	gene_germline	0
OMIM:616324	DON_GEN	gene_germline	0
OMIM:616325	DON_GEN	gene_germline	0
OMIM:616326	DON_GEN	gene_germline	0
OMIM:616329	DON_GEN	gene_germline	0
OMIM:616330	DON_GEN	gene_germline	0
OMIM:616331	DON_GEN	gene_germline	0
OMIM:616335	DON_GEN	gene_germline	0
OMIM:616339	DON_GEN	gene_germline	0
OMIM:616340	DON_GEN	gene_germline	0
OMIM:616341	DON_GEN	gene_germline	0
OMIM:616342	DON_GEN	gene_germline	0
OMIM:616345	DON_GEN	gene_germline	0
OMIM:616346	DON_GEN	gene_germline	0
OMIM:616351	DON_GEN	gene_germline	0
OMIM:616353	DON_GEN	gene_germline	0
OMIM:616354	DON_GEN	gene_germline	0
OMIM:616355	DON_GEN	gene_germline	0
OMIM:616357	DON_GEN	gene_germline	0
OMIM:616361	CHUA_RO	khong_du_nguon	0
OMIM:616362	DON_GEN	gene_germline	0
OMIM:616364	DON_GEN	gene_germline	0
OMIM:616366	DON_GEN	gene_germline	0
OMIM:616367	DON_GEN	gene_germline	0
OMIM:616368	DON_GEN	gene_germline	0
OMIM:616370	DON_GEN	gene_germline	0
OMIM:616371	DON_GEN	gene_germline	0
OMIM:616373	DON_GEN	gene_germline	0
OMIM:616389	DON_GEN	gene_germline	0
OMIM:616390	DON_GEN	gene_germline	0
OMIM:616393	DON_GEN	gene_germline	0
OMIM:616394	DON_GEN	gene_germline	0
OMIM:616395	DON_GEN	gene_germline	0
OMIM:616398	DON_GEN	gene_germline	0
OMIM:616399	DON_GEN	gene_germline	0
OMIM:616400	DON_GEN	gene_germline	0
OMIM:616402	DON_GEN	gene_germline	0
OMIM:616407	CHUA_RO	khong_du_nguon	0
OMIM:616409	DON_GEN	gene_germline	0
OMIM:616410	DON_GEN	gene_germline	0
OMIM:616411	DON_GEN	gene_germline	0
OMIM:616413	DON_GEN	gene_germline	0
OMIM:616414	CHUA_RO	khong_du_nguon	0
OMIM:616415	DON_GEN	gene_germline	0
OMIM:616418	DON_GEN	gene_germline	0
OMIM:616420	DON_GEN	gene_germline	0
OMIM:616421	DON_GEN	gene_germline	0
OMIM:616425	DON_GEN	gene_germline	0
OMIM:616428	DON_GEN	gene_germline	0
OMIM:616430	DON_GEN	gene_germline	0
OMIM:616433	DON_GEN	gene_germline	0
OMIM:616435	DON_GEN	gene_germline	0
OMIM:616436	CHUA_RO	khong_du_nguon	0
OMIM:616437	DON_GEN	gene_germline	0
OMIM:616439	DON_GEN	gene_germline	0
OMIM:616445	DON_GEN	gene_germline	0
OMIM:616449	DON_GEN	gene_germline	0
OMIM:616451	DON_GEN	gene_germline	0
OMIM:616452	DON_GEN	gene_germline	0
OMIM:616455	DON_GEN	gene_germline	0
OMIM:616457	DON_GEN	gene_germline	0
OMIM:616459	DON_GEN	gene_germline	0
OMIM:616460	DON_GEN	gene_germline	0
OMIM:616461	DON_GEN	gene_germline	0
OMIM:616462	DON_GEN	gene_germline	0
OMIM:616468	DON_GEN	gene_germline	0
OMIM:616469	DON_GEN	gene_germline	0
OMIM:616470	DON_GEN	gene_germline	0
OMIM:616471	DON_GEN	gene_germline	0
OMIM:616479	DON_GEN	gene_germline	0
OMIM:616481	DON_GEN	gene_germline	0
OMIM:616482	DON_GEN	gene_germline	0
OMIM:616483	DON_GEN	gene_germline	0
OMIM:616486	DON_GEN	gene_germline	0
OMIM:616487	DON_GEN	gene_germline	0
OMIM:616488	DON_GEN	gene_germline	0
OMIM:616489	DON_GEN	mondo_chromosomal_mot_gene	1
OMIM:616490	DON_GEN	gene_germline	0
OMIM:616491	DON_GEN	gene_germline	0
OMIM:616494	DON_GEN	gene_germline	0
OMIM:616500	DON_GEN	gene_germline	0
OMIM:616501	DON_GEN	gene_germline	0
OMIM:616502	DON_GEN	gene_germline	0
OMIM:616503	DON_GEN	gene_germline	0
OMIM:616505	DON_GEN	gene_germline	0
OMIM:616507	DON_GEN	gene_germline	0
OMIM:616509	DON_GEN	gene_germline	0
OMIM:616511	CHUA_RO	khong_du_nguon	0
OMIM:616515	DON_GEN	gene_germline	0
OMIM:616516	DON_GEN	gene_germline	0
OMIM:616517	DON_GEN	gene_germline	0
OMIM:616521	DON_GEN	gene_germline	0
OMIM:616531	DON_GEN	gene_germline	0
OMIM:616532	CHUA_RO	khong_du_nguon	0
OMIM:616534	CHUA_RO	khong_du_nguon	0
OMIM:616535	CHUA_RO	khong_du_nguon	0
OMIM:616538	DON_GEN	gene_germline	0
OMIM:616539	DON_GEN	gene_germline	0
OMIM:616540	DON_GEN	gene_germline	0
OMIM:616541	DON_GEN	gene_germline	0
OMIM:616544	DON_GEN	gene_germline	0
OMIM:616546	DON_GEN	gene_germline	0
OMIM:616549	DON_GEN	gene_germline	0
OMIM:616553	DON_GEN	gene_germline	0
OMIM:616559	DON_GEN	gene_germline	0
OMIM:616562	DON_GEN	gene_germline	0
OMIM:616564	DON_GEN	gene_germline	0
OMIM:616566	DON_GEN	gene_germline	0
OMIM:616570	DON_GEN	gene_germline	0
OMIM:616576	DON_GEN	gene_germline	0
OMIM:616577	DON_GEN	gene_germline	0
OMIM:616579	DON_GEN	gene_germline	0
OMIM:616580	DON_GEN	gene_germline	0
OMIM:616583	DON_GEN	gene_germline	0
OMIM:616586	DON_GEN	gene_germline	0
OMIM:616589	DON_GEN	gene_germline	0
OMIM:616592	DON_GEN	gene_germline	0
OMIM:616602	DON_GEN	gene_germline	0
OMIM:616603	DON_GEN	gene_germline	0
OMIM:616604	CNV	mondo_partial_del_dup	0
OMIM:616606	NST	mondo_aneuploidy	0
OMIM:616617	DON_GEN	gene_germline	0
OMIM:616622	DON_GEN	gene_germline	0
OMIM:616625	DON_GEN	gene_germline	0
OMIM:616629	DON_GEN	gene_germline	0
OMIM:616631	DON_GEN	gene_germline	0
OMIM:616632	DON_GEN	gene_germline	0
OMIM:616636	DON_GEN	gene_germline	0
OMIM:616638	DON_GEN	gene_germline	0
OMIM:616640	DON_GEN	gene_germline	0
OMIM:616645	DON_GEN	gene_germline	0
OMIM:616647	DON_GEN	gene_germline	0
OMIM:616648	CHUA_RO	khong_du_nguon	0
OMIM:616649	DON_GEN	gene_germline	0
OMIM:616651	DON_GEN	gene_germline	0
OMIM:616652	CNV	mondo_partial_del_dup	0
OMIM:616654	DON_GEN	gene_germline	0
OMIM:616657	DON_GEN	gene_germline	0
OMIM:616668	DON_GEN	gene_germline	0
OMIM:616669	DON_GEN	gene_germline	0
OMIM:616672	DON_GEN	gene_germline	0
OMIM:616680	DON_GEN	gene_germline	0
OMIM:616681	DON_GEN	gene_germline	0
OMIM:616682	DON_GEN	gene_germline	0
OMIM:616683	DON_GEN	gene_germline	0
OMIM:616684	DON_GEN	gene_germline	0
OMIM:616685	CHUA_RO	khong_du_nguon	0
OMIM:616687	DON_GEN	gene_germline	0
OMIM:616688	DON_GEN	gene_germline	0
OMIM:616689	DON_GEN	gene_germline	0
OMIM:616697	DON_GEN	gene_germline	0
OMIM:616705	DON_GEN	gene_germline	0
OMIM:616707	DON_GEN	gene_germline	0
OMIM:616708	DON_GEN	gene_germline	0
OMIM:616710	DON_GEN	gene_germline	0
OMIM:616716	DON_GEN	gene_germline	0
OMIM:616719	DON_GEN	gene_germline	0
OMIM:616720	DON_GEN	gene_germline	0
OMIM:616721	DON_GEN	gene_germline	0
OMIM:616722	DON_GEN	gene_germline	0
OMIM:616723	DON_GEN	gene_germline	0
OMIM:616724	DON_GEN	gene_germline	0
OMIM:616726	DON_GEN	gene_germline	0
OMIM:616728	DON_GEN	gene_germline	0
OMIM:616730	DON_GEN	gene_germline	0
OMIM:616732	DON_GEN	gene_germline	0
OMIM:616733	DON_GEN	gene_germline	0
OMIM:616734	DON_GEN	gene_germline	0
OMIM:616736	DON_GEN	gene_germline	0
OMIM:616737	DON_GEN	gene_germline	0
OMIM:616738	DON_GEN	gene_germline	0
OMIM:616739	DON_GEN	gene_germline	0
OMIM:616740	DON_GEN	gene_germline	0
OMIM:616744	DON_GEN	gene_germline	0
OMIM:616749	DON_GEN	gene_germline	0
OMIM:616754	DON_GEN	gene_germline	0
OMIM:616756	DON_GEN	gene_germline	0
OMIM:616760	DON_GEN	gene_germline	0
OMIM:616763	DON_GEN	gene_germline	0
OMIM:616777	DON_GEN	gene_germline	0
OMIM:616779	DON_GEN	gene_germline	0
OMIM:616780	DON_GEN	gene_germline	0
OMIM:616781	DON_GEN	gene_germline	0
OMIM:616784	DON_GEN	gene_germline	0
OMIM:616788	DON_GEN	gene_germline	0
OMIM:616789	DON_GEN	gene_germline	0
OMIM:616794	DON_GEN	gene_germline	0
OMIM:616795	DON_GEN	gene_germline	0
OMIM:616801	DON_GEN	gene_germline	0
OMIM:616803	DON_GEN	gene_germline	0
OMIM:616806	CHUA_RO	khong_du_nguon	0
OMIM:616809	DON_GEN	gene_germline	0
OMIM:616811	DON_GEN	gene_germline	0
OMIM:616812	DON_GEN	gene_germline	0
OMIM:616814	DON_GEN	gene_germline	0
OMIM:616816	DON_GEN	gene_germline	0
OMIM:616817	DON_GEN	gene_germline	0
OMIM:616818	CHUA_RO	khong_du_nguon	0
OMIM:616819	DON_GEN	gene_germline	0
OMIM:616827	DON_GEN	gene_germline	0
OMIM:616828	DON_GEN	gene_germline	0
OMIM:616829	DON_GEN	gene_germline	0
OMIM:616831	DON_GEN	gene_germline	0
OMIM:616833	DON_GEN	gene_germline	0
OMIM:616834	DON_GEN	gene_germline	0
OMIM:616835	DON_GEN	gene_germline	0
OMIM:616839	DON_GEN	gene_germline	0
OMIM:616840	DON_GEN	gene_germline	0
OMIM:616843	DON_GEN	gene_germline	0
OMIM:616849	DON_GEN	gene_germline	0
OMIM:616851	DON_GEN	gene_germline	0
OMIM:616852	DON_GEN	gene_germline	0
OMIM:616854	DON_GEN	gene_germline	0
OMIM:616858	DON_GEN	gene_germline	0
OMIM:616859	DON_GEN	gene_germline	0
OMIM:616860	DON_GEN	gene_germline	0
OMIM:616863	CNV	mondo_partial_del_dup	1
OMIM:616866	DON_GEN	gene_germline	0
OMIM:616867	DON_GEN	gene_germline	0
OMIM:616868	DON_GEN	gene_germline	0
OMIM:616871	CHUA_RO	khong_du_nguon	0
OMIM:616873	DON_GEN	gene_germline	0
OMIM:616875	DON_GEN	gene_germline	0
OMIM:616878	DON_GEN	gene_germline	0
OMIM:616881	DON_GEN	gene_germline	0
OMIM:616882	DON_GEN	gene_germline	0
OMIM:616887	DON_GEN	gene_germline	0
OMIM:616890	DON_GEN	gene_germline	0
OMIM:616892	DON_GEN	gene_germline	0
OMIM:616893	DON_GEN	gene_germline	0
OMIM:616894	DON_GEN	gene_germline	0
OMIM:616896	DON_GEN	gene_germline	0
OMIM:616897	DON_GEN	gene_germline	0
OMIM:616898	CNV	mondo_partial_del_dup	0
OMIM:616900	DON_GEN	gene_germline	0
OMIM:616901	DON_GEN	gene_germline	0
OMIM:616902	CNV	mondo_partial_del_dup	0
OMIM:616903	CHUA_RO	khong_du_nguon	0
OMIM:616907	DON_GEN	gene_germline	0
OMIM:616910	DON_GEN	gene_germline	0
OMIM:616911	DON_GEN	gene_germline	0
OMIM:616913	DON_GEN	gene_germline	0
OMIM:616914	DON_GEN	gene_germline	0
OMIM:616917	DON_GEN	gene_germline	0
OMIM:616920	DON_GEN	gene_germline	0
OMIM:616921	DON_GEN	gene_germline	0
OMIM:616922	DON_GEN	gene_germline	0
OMIM:616924	DON_GEN	gene_germline	0
OMIM:616937	DON_GEN	gene_germline	0
OMIM:616938	DON_GEN	gene_germline	0
OMIM:616939	DON_GEN	gene_germline	0
OMIM:616941	DON_GEN	gene_germline	0
OMIM:616943	DON_GEN	gene_germline	0
OMIM:616944	DON_GEN	gene_germline	0
OMIM:616946	DON_GEN	gene_germline	0
OMIM:616947	DON_GEN	gene_germline	0
OMIM:616948	DON_GEN	gene_germline	0
OMIM:616949	DON_GEN	gene_germline	0
OMIM:616950	DON_GEN	gene_germline	0
OMIM:616954	CNV	mondo_partial_del_dup	1
OMIM:616959	DON_GEN	gene_germline	0
OMIM:616963	DON_GEN	gene_germline	0
OMIM:616968	DON_GEN	gene_germline	0
OMIM:616969	DON_GEN	gene_germline	0
OMIM:616973	DON_GEN	gene_germline	0
OMIM:616974	DON_GEN	gene_germline	0
OMIM:616975	DON_GEN	gene_germline	0
OMIM:616977	DON_GEN	gene_germline	0
OMIM:616981	DON_GEN	gene_germline	0
OMIM:616994	DON_GEN	gene_germline	0
OMIM:617004	DON_GEN	gene_germline	0
OMIM:617006	DON_GEN	gene_germline	0
OMIM:617008	DON_GEN	gene_germline	0
OMIM:617011	DON_GEN	gene_germline	0
OMIM:617013	DON_GEN	gene_germline	0
OMIM:617014	DON_GEN	gene_germline	0
OMIM:617017	DON_GEN	gene_germline	0
OMIM:617018	DON_GEN	gene_germline	0
OMIM:617020	DON_GEN	gene_germline	0
OMIM:617021	DON_GEN	gene_germline	0
OMIM:617022	DON_GEN	gene_germline	0
OMIM:617023	DON_GEN	gene_germline	0
OMIM:617024	DON_GEN	gene_germline	0
OMIM:617025	DON_GEN	gene_germline	0
OMIM:617026	DON_GEN	gene_germline	0
OMIM:617027	DON_GEN	gene_germline	0
OMIM:617028	DON_GEN	gene_germline	0
OMIM:617030	DON_GEN	gene_germline	0
OMIM:617035	DON_GEN	gene_germline	0
OMIM:617039	DON_GEN	gene_germline	0
OMIM:617041	DON_GEN	gene_germline	0
OMIM:617044	DON_GEN	gene_germline	0
OMIM:617046	DON_GEN	gene_germline	0
OMIM:617047	DON_GEN	gene_germline	0
OMIM:617049	DON_GEN	gene_germline	0
OMIM:617050	DON_GEN	gene_germline	0
OMIM:617051	DON_GEN	gene_germline	0
OMIM:617052	DON_GEN	gene_germline	0
OMIM:617053	DON_GEN	gene_germline	0
OMIM:617054	DON_GEN	gene_germline	0
OMIM:617055	DON_GEN	gene_germline	0
OMIM:617056	DON_GEN	gene_germline	0
OMIM:617061	DON_GEN	gene_germline	0
OMIM:617062	DON_GEN	gene_germline	0
OMIM:617063	DON_GEN	gene_germline	0
OMIM:617065	DON_GEN	gene_germline	0
OMIM:617066	DON_GEN	gene_germline	0
OMIM:617068	DON_GEN	gene_germline	0
OMIM:617069	DON_GEN	gene_germline	0
OMIM:617070	DON_GEN	gene_germline	0
OMIM:617072	DON_GEN	gene_germline	0
OMIM:617073	DON_GEN	gene_germline	0
OMIM:617075	CHUA_RO	khong_du_nguon	0
OMIM:617080	DON_GEN	gene_germline	0
OMIM:617082	DON_GEN	gene_germline	0
OMIM:617086	DON_GEN	gene_germline	0
OMIM:617087	DON_GEN	gene_germline	0
OMIM:617088	DON_GEN	gene_germline	0
OMIM:617090	DON_GEN	gene_germline	0
OMIM:617091	DON_GEN	gene_germline	0
OMIM:617092	DON_GEN	gene_germline	0
OMIM:617093	DON_GEN	gene_germline	0
OMIM:617099	DON_GEN	gene_germline	0
OMIM:617100	DON_GEN	gene_germline	0
OMIM:617101	DON_GEN	gene_germline	0
OMIM:617102	DON_GEN	gene_germline	0
OMIM:617105	DON_GEN	gene_germline	0
OMIM:617106	DON_GEN	gene_germline	0
OMIM:617107	DON_GEN	gene_germline	0
OMIM:617108	DON_GEN	gene_germline	1
OMIM:617111	DON_GEN	gene_germline	0
OMIM:617113	DON_GEN	gene_germline	0
OMIM:617114	DON_GEN	gene_germline	0
OMIM:617115	DON_GEN	gene_germline	0
OMIM:617116	DON_GEN	gene_germline	0
OMIM:617118	DON_GEN	gene_germline	0
OMIM:617119	DON_GEN	gene_germline	0
OMIM:617120	DON_GEN	gene_germline	0
OMIM:617121	DON_GEN	gene_germline	0
OMIM:617123	DON_GEN	gene_germline	0
OMIM:617125	DON_GEN	gene_germline	0
OMIM:617126	DON_GEN	gene_germline	0
OMIM:617127	DON_GEN	gene_germline	0
OMIM:617132	DON_GEN	gene_germline	0
OMIM:617133	DON_GEN	gene_germline	0
OMIM:617137	DON_GEN	gene_germline	0
OMIM:617140	DON_GEN	gene_germline	0
OMIM:617141	DON_GEN	gene_germline	0
OMIM:617142	DON_GEN	gene_germline	0
OMIM:617143	DON_GEN	gene_germline	0
OMIM:617145	DON_GEN	gene_germline	0
OMIM:617146	DON_GEN	gene_germline	0
OMIM:617153	DON_GEN	gene_germline	0
OMIM:617156	DON_GEN	gene_germline	0
OMIM:617157	DON_GEN	gene_germline	0
OMIM:617158	DON_GEN	gene_germline	0
OMIM:617159	DON_GEN	gene_germline	0
OMIM:617162	DON_GEN	gene_germline	0
OMIM:617164	DON_GEN	gene_germline	0
OMIM:617166	DON_GEN	gene_germline	0
OMIM:617168	DON_GEN	gene_germline	0
OMIM:617169	CNV	mondo_partial_del_dup	1
OMIM:617171	DON_GEN	gene_germline	0
OMIM:617173	DON_GEN	gene_germline	0
OMIM:617174	DON_GEN	gene_germline	0
OMIM:617175	DON_GEN	gene_germline	0
OMIM:617180	DON_GEN	gene_germline	0
OMIM:617182	DON_GEN	gene_germline	0
OMIM:617183	DON_GEN	gene_germline	0
OMIM:617184	DON_GEN	gene_germline	0
OMIM:617186	DON_GEN	gene_germline	0
OMIM:617187	DON_GEN	gene_germline	0
OMIM:617188	DON_GEN	gene_germline	0
OMIM:617190	DON_GEN	gene_germline	0
OMIM:617193	DON_GEN	gene_germline	0
OMIM:617194	DON_GEN	gene_germline	0
OMIM:617201	DON_GEN	gene_germline	0
OMIM:617205	DON_GEN	gene_germline	0
OMIM:617207	DON_GEN	gene_germline	0
OMIM:617213	DON_GEN	gene_germline	0
OMIM:617214	DON_GEN	gene_germline	0
OMIM:617217	DON_GEN	gene_germline	0
OMIM:617219	CNV	mondo_partial_del_dup	0
OMIM:617222	DON_GEN	gene_germline	0
OMIM:617223	DON_GEN	gene_germline	0
OMIM:617225	DON_GEN	gene_germline	0
OMIM:617228	DON_GEN	gene_germline	0
OMIM:617232	DON_GEN	gene_germline	0
OMIM:617234	DON_GEN	gene_germline	0
OMIM:617235	DON_GEN	gene_germline	0
OMIM:617236	DON_GEN	gene_germline	0
OMIM:617237	DON_GEN	gene_germline	0
OMIM:617238	DON_GEN	gene_germline	0
OMIM:617239	DON_GEN	gene_germline	0
OMIM:617241	DON_GEN	gene_germline	0
OMIM:617243	DON_GEN	gene_germline	0
OMIM:617244	DON_GEN	gene_germline	0
OMIM:617247	DON_GEN	gene_germline	0
OMIM:617248	DON_GEN	gene_germline	0
OMIM:617251	DON_GEN	gene_germline	0
OMIM:617252	DON_GEN	gene_germline	0
OMIM:617253	DON_GEN	gene_germline	0
OMIM:617255	DON_GEN	gene_germline	0
OMIM:617258	DON_GEN	gene_germline	0
OMIM:617260	DON_GEN	gene_germline	0
OMIM:617268	DON_GEN	gene_germline	0
OMIM:617270	DON_GEN	gene_germline	0
OMIM:617271	DON_GEN	gene_germline	0
OMIM:617272	DON_GEN	gene_germline	0
OMIM:617275	DON_GEN	gene_germline	0
OMIM:617276	DON_GEN	gene_germline	0
OMIM:617280	DON_GEN	gene_germline	0
OMIM:617281	DON_GEN	gene_germline	0
OMIM:617282	DON_GEN	gene_germline	0
OMIM:617284	DON_GEN	gene_germline	0
OMIM:617290	DON_GEN	gene_germline	0
OMIM:617294	DON_GEN	gene_germline	0
OMIM:617296	DON_GEN	gene_germline	0
OMIM:617297	CHUA_RO	khong_du_nguon	0
OMIM:617300	DON_GEN	gene_germline	0
OMIM:617301	DON_GEN	gene_germline	0
OMIM:617302	DON_GEN	gene_germline	0
OMIM:617303	DON_GEN	gene_germline	0
OMIM:617304	DON_GEN	gene_germline	0
OMIM:617306	DON_GEN	gene_germline	0
OMIM:617308	CHUA_RO	khong_du_nguon	0
OMIM:617315	DON_GEN	gene_germline	0
OMIM:617319	DON_GEN	gene_germline	0
OMIM:617320	DON_GEN	gene_germline	0
OMIM:617321	CHUA_RO	khong_du_nguon	0
OMIM:617323	DON_GEN	gene_germline	0
OMIM:617330	DON_GEN	gene_germline	0
OMIM:617333	CHUA_RO	khong_du_nguon	0
OMIM:617336	DON_GEN	gene_germline	0
OMIM:617337	DON_GEN	gene_germline	0
OMIM:617339	DON_GEN	gene_germline	0
OMIM:617341	DON_GEN	gene_germline	0
OMIM:617343	DON_GEN	gene_germline	0
OMIM:617349	CHUA_RO	khong_du_nguon	0
OMIM:617350	DON_GEN	gene_germline	0
OMIM:617352	CNV	mondo_chromosomal_khac	0
OMIM:617360	DON_GEN	gene_germline	0
OMIM:617364	DON_GEN	gene_germline	0
OMIM:617370	DON_GEN	gene_germline	0
OMIM:617383	DON_GEN	gene_germline	0
OMIM:617384	DON_GEN	gene_germline	0
OMIM:617388	DON_GEN	gene_germline	0
OMIM:617389	DON_GEN	gene_germline	0
OMIM:617391	DON_GEN	gene_germline	0
OMIM:617392	DON_GEN	gene_germline	0
OMIM:617393	DON_GEN	gene_germline	0
OMIM:617394	DON_GEN	gene_germline	0
OMIM:617395	DON_GEN	gene_germline	0
OMIM:617396	DON_GEN	gene_germline	0
OMIM:617397	DON_GEN	gene_germline	0
OMIM:617402	DON_GEN	gene_germline	0
OMIM:617403	DON_GEN	gene_germline	0
OMIM:617404	DON_GEN	gene_germline	0
OMIM:617405	DON_GEN	gene_germline	0
OMIM:617406	DON_GEN	gene_germline	0
OMIM:617408	DON_GEN	gene_germline	0
OMIM:617409	DON_GEN	gene_germline	0
OMIM:617412	DON_GEN	gene_germline	0
OMIM:617425	DON_GEN	gene_germline	0
OMIM:617432	DON_GEN	gene_germline	0
OMIM:617433	DON_GEN	gene_germline	0
OMIM:617435	DON_GEN	gene_germline	0
OMIM:617439	CHUA_RO	khong_du_nguon	0
OMIM:617441	DON_GEN	gene_germline	0
OMIM:617442	DON_GEN	gene_germline	0
OMIM:617443	DON_GEN	gene_germline	0
OMIM:617450	DON_GEN	gene_germline	0
OMIM:617452	DON_GEN	gene_germline	0
OMIM:617460	DON_GEN	gene_germline	0
OMIM:617466	DON_GEN	gene_germline	0
OMIM:617468	DON_GEN	gene_germline	0
OMIM:617475	DON_GEN	gene_germline	0
OMIM:617478	DON_GEN	gene_germline	0
OMIM:617480	DON_GEN	gene_germline	0
OMIM:617481	DON_GEN	gene_germline	0
OMIM:617493	DON_GEN	gene_germline	0
OMIM:617506	DON_GEN	gene_germline	0
OMIM:617507	DON_GEN	gene_germline	0
OMIM:617514	DON_GEN	gene_germline	0
OMIM:617516	DON_GEN	gene_germline	0
OMIM:617519	DON_GEN	gene_germline	0
OMIM:617520	DON_GEN	gene_germline	0
OMIM:617523	DON_GEN	gene_germline	0
OMIM:617524	DON_GEN	gene_germline	0
OMIM:617525	DON_GEN	gene_germline	0
OMIM:617526	DON_GEN	gene_germline	0
OMIM:617527	DON_GEN	gene_germline	0
OMIM:617532	DON_GEN	gene_germline	0
OMIM:617537	DON_GEN	gene_germline	0
OMIM:617540	CHUA_RO	khong_du_nguon	0
OMIM:617542	DON_GEN	gene_germline	0
OMIM:617547	DON_GEN	gene_germline	0
OMIM:617557	DON_GEN	gene_germline	0
OMIM:617560	DON_GEN	gene_germline	0
OMIM:617561	DON_GEN	gene_germline	0
OMIM:617562	DON_GEN	gene_germline	0
OMIM:617563	DON_GEN	gene_germline	0
OMIM:617564	DON_GEN	gene_germline	0
OMIM:617565	DON_GEN	gene_germline	0
OMIM:617571	DON_GEN	gene_germline	0
OMIM:617572	DON_GEN	gene_germline	0
OMIM:617574	DON_GEN	gene_germline	0
OMIM:617575	DON_GEN	gene_germline	0
OMIM:617576	DON_GEN	gene_germline	0
OMIM:617577	DON_GEN	gene_germline	0
OMIM:617584	DON_GEN	gene_germline	0
OMIM:617585	DON_GEN	gene_germline	0
OMIM:617591	DON_GEN	gene_germline	0
OMIM:617592	DON_GEN	gene_germline	0
OMIM:617593	DON_GEN	gene_germline	0
OMIM:617595	DON_GEN	gene_germline	0
OMIM:617596	DON_GEN	gene_germline	0
OMIM:617598	DON_GEN	gene_germline	1
OMIM:617599	DON_GEN	gene_germline	0
OMIM:617600	DON_GEN	gene_germline	0
OMIM:617601	DON_GEN	gene_germline	0
OMIM:617602	DON_GEN	gene_germline	0
OMIM:617604	DON_GEN	gene_germline	0
OMIM:617605	DON_GEN	gene_germline	0
OMIM:617606	DON_GEN	gene_germline	0
OMIM:617607	DON_GEN	gene_germline	0
OMIM:617609	DON_GEN	gene_germline	0
OMIM:617610	DON_GEN	gene_germline	0
OMIM:617613	DON_GEN	gene_germline	0
OMIM:617616	DON_GEN	gene_germline	0
OMIM:617622	DON_GEN	gene_germline	0
OMIM:617626	DON_GEN	gene_germline	0
OMIM:617629	CHUA_RO	khong_du_nguon	0
OMIM:617633	DON_GEN	gene_germline	0
OMIM:617635	DON_GEN	gene_germline	0
OMIM:617637	DON_GEN	gene_germline	0
OMIM:617638	DON_GEN	gene_germline	0
OMIM:617639	CHUA_RO	khong_du_nguon	0
OMIM:617641	DON_GEN	gene_germline	0
OMIM:617642	DON_GEN	gene_germline	0
OMIM:617643	DON_GEN	gene_germline	0
OMIM:617644	DON_GEN	gene_germline	0
OMIM:617654	DON_GEN	gene_germline	0
OMIM:617660	DON_GEN	gene_germline	0
OMIM:617661	DON_GEN	gene_germline	0
OMIM:617662	DON_GEN	gene_germline	0
OMIM:617663	DON_GEN	gene_germline	0
OMIM:617664	DON_GEN	gene_germline	0
OMIM:617665	DON_GEN	gene_germline	0
OMIM:617666	DON_GEN	gene_germline	0
OMIM:617667	DON_GEN	gene_germline	0
OMIM:617668	DON_GEN	gene_germline	0
OMIM:617669	DON_GEN	gene_germline	0
OMIM:617671	DON_GEN	gene_germline	0
OMIM:617672	DON_GEN	gene_germline	0
OMIM:617675	DON_GEN	gene_germline	0
OMIM:617681	DON_GEN	gene_germline	0
OMIM:617682	DON_GEN	gene_germline	0
OMIM:617686	DON_GEN	gene_germline	0
OMIM:617690	DON_GEN	gene_germline	0
OMIM:617691	DON_GEN	gene_germline	0
OMIM:617694	DON_GEN	gene_germline	0
OMIM:617695	DON_GEN	gene_germline	0
OMIM:617698	DON_GEN	gene_germline	0
OMIM:617706	DON_GEN	gene_germline	0
OMIM:617707	DON_GEN	gene_germline	0
OMIM:617709	DON_GEN	gene_germline	0
OMIM:617710	DON_GEN	gene_germline	0
OMIM:617711	DON_GEN	gene_germline	0
OMIM:617712	DON_GEN	gene_germline	0
OMIM:617713	DON_GEN	gene_germline	0
OMIM:617717	DON_GEN	gene_germline	0
OMIM:617718	DON_GEN	gene_germline	0
OMIM:617719	DON_GEN	gene_germline	0
OMIM:617721	DON_GEN	gene_germline	0
OMIM:617729	DON_GEN	gene_germline	0
OMIM:617730	DON_GEN	gene_germline	0
OMIM:617731	DON_GEN	gene_germline	0
OMIM:617732	DON_GEN	gene_germline	0
OMIM:617743	DON_GEN	gene_germline	0
OMIM:617744	DON_GEN	gene_germline	0
OMIM:617746	DON_GEN	gene_germline	0
OMIM:617751	DON_GEN	gene_germline	0
OMIM:617752	DON_GEN	gene_germline	0
OMIM:617755	DON_GEN	gene_germline	0
OMIM:617756	DON_GEN	gene_germline	0
OMIM:617757	DON_GEN	gene_germline	0
OMIM:617760	DON_GEN	gene_germline	0
OMIM:617761	DON_GEN	gene_germline	0
OMIM:617762	DON_GEN	gene_germline	0
OMIM:617763	DON_GEN	gene_germline	0
OMIM:617765	DON_GEN	gene_germline	0
OMIM:617767	DON_GEN	gene_germline	0
OMIM:617768	DON_GEN	gene_germline	0
OMIM:617769	DON_GEN	gene_germline	0
OMIM:617770	DON_GEN	gene_germline	0
OMIM:617771	DON_GEN	gene_germline	0
OMIM:617772	DON_GEN	gene_germline	0
OMIM:617773	DON_GEN	gene_germline	0
OMIM:617780	DON_GEN	gene_germline	0
OMIM:617781	DON_GEN	gene_germline	0
OMIM:617783	DON_GEN	gene_germline	0
OMIM:617784	DON_GEN	gene_germline	0
OMIM:617787	DON_GEN	gene_germline	0
OMIM:617788	DON_GEN	gene_germline	0
OMIM:617796	DON_GEN	gene_germline	0
OMIM:617798	DON_GEN	gene_germline	0
OMIM:617799	DON_GEN	gene_germline	0
OMIM:617800	DON_GEN	gene_germline	0
OMIM:617802	DON_GEN	gene_germline	0
OMIM:617804	DON_GEN	gene_germline	0
OMIM:617805	DON_GEN	gene_germline	0
OMIM:617807	DON_GEN	gene_germline	0
OMIM:617808	DON_GEN	gene_germline	0
OMIM:617809	DON_GEN	gene_germline	0
OMIM:617810	DON_GEN	gene_germline	0
OMIM:617816	DON_GEN	gene_germline	0
OMIM:617820	DON_GEN	gene_germline	0
OMIM:617821	DON_GEN	gene_germline	0
OMIM:617822	DON_GEN	gene_germline	0
OMIM:617825	DON_GEN	gene_germline	0
OMIM:617827	DON_GEN	gene_germline	0
OMIM:617829	DON_GEN	gene_germline	0
OMIM:617830	DON_GEN	gene_germline	0
OMIM:617831	DON_GEN	gene_germline	0
OMIM:617836	DON_GEN	gene_germline	0
OMIM:617839	DON_GEN	gene_germline	0
OMIM:617854	DON_GEN	gene_germline	0
OMIM:617862	DON_GEN	gene_germline	0
OMIM:617863	DON_GEN	gene_germline	0
OMIM:617864	DON_GEN	gene_germline	0
OMIM:617865	DON_GEN	gene_germline	0
OMIM:617866	DON_GEN	gene_germline	0
OMIM:617871	DON_GEN	gene_germline	0
OMIM:617872	DON_GEN	gene_germline	0
OMIM:617873	DON_GEN	gene_germline	0
OMIM:617874	DON_GEN	gene_germline	0
OMIM:617875	DON_GEN	gene_germline	0
OMIM:617877	DON_GEN	gene_germline	0
OMIM:617879	DON_GEN	gene_germline	0
OMIM:617882	DON_GEN	gene_germline	0
OMIM:617883	DON_GEN	gene_germline	0
OMIM:617885	CHUA_RO	khong_du_nguon	0
OMIM:617892	CHUA_RO	khong_du_nguon	0
OMIM:617895	DON_GEN	gene_germline	0
OMIM:617898	DON_GEN	gene_germline	0
OMIM:617899	DON_GEN	gene_germline	0
OMIM:617900	CHUA_RO	khong_du_nguon	0
OMIM:617903	DON_GEN	gene_germline	0
OMIM:617904	DON_GEN	gene_germline	0
OMIM:617907	DON_GEN	gene_germline	0
OMIM:617911	DON_GEN	gene_germline	0
OMIM:617912	DON_GEN	gene_germline	0
OMIM:617913	DON_GEN	gene_germline	0
OMIM:617914	DON_GEN	gene_germline	0
OMIM:617915	DON_GEN	gene_germline	0
OMIM:617916	DON_GEN	gene_germline	0
OMIM:617917	DON_GEN	gene_germline	0
OMIM:617920	DON_GEN	gene_germline	0
OMIM:617921	CHUA_RO	khong_du_nguon	0
OMIM:617924	CHUA_RO	khong_du_nguon	0
OMIM:617925	DON_GEN	gene_germline	0
OMIM:617926	DON_GEN	gene_germline	0
OMIM:617927	DON_GEN	gene_germline	0
OMIM:617928	DON_GEN	gene_germline	0
OMIM:617929	CHUA_RO	khong_du_nguon	0
OMIM:617930	CNV	mondo_partial_del_dup	0
OMIM:617933	DON_GEN	gene_germline	0
OMIM:617935	DON_GEN	gene_germline	0
OMIM:617936	DON_GEN	gene_germline	0
OMIM:617938	DON_GEN	gene_germline	0
OMIM:617941	DON_GEN	gene_germline	0
OMIM:617948	DON_GEN	gene_germline	0
OMIM:617950	DON_GEN	gene_germline	0
OMIM:617951	DON_GEN	gene_germline	0
OMIM:617952	DON_GEN	gene_germline	0
OMIM:617954	DON_GEN	gene_germline	0
OMIM:617959	DON_GEN	gene_germline	0
OMIM:617960	DON_GEN	gene_germline	0
OMIM:617961	DON_GEN	gene_germline	0
OMIM:617964	DON_GEN	gene_germline	0
OMIM:617965	DON_GEN	gene_germline	0
OMIM:617967	DON_GEN	gene_germline	0
OMIM:617970	DON_GEN	gene_germline	0
OMIM:617971	DON_GEN	gene_germline	0
OMIM:617973	DON_GEN	gene_germline	0
OMIM:617974	DON_GEN	gene_germline	0
OMIM:617976	DON_GEN	gene_germline	0
OMIM:617977	DON_GEN	gene_germline	0
OMIM:617980	DON_GEN	gene_germline	0
OMIM:617981	DON_GEN	gene_germline	0
OMIM:617982	DON_GEN	gene_germline	0
OMIM:617983	DON_GEN	gene_germline	0
OMIM:617984	DON_GEN	gene_germline	0
OMIM:617985	DON_GEN	gene_germline	0
OMIM:617988	DON_GEN	gene_germline	0
OMIM:617991	DON_GEN	gene_germline	0
OMIM:617992	DON_GEN	gene_germline	0
OMIM:617993	DON_GEN	gene_germline	1
OMIM:617994	DON_GEN	gene_germline	1
OMIM:617996	DON_GEN	gene_germline	0
OMIM:618000	DON_GEN	gene_germline	0
OMIM:618003	DON_GEN	gene_germline	0
OMIM:618004	DON_GEN	gene_germline	0
OMIM:618005	DON_GEN	gene_germline	0
OMIM:618006	DON_GEN	gene_germline	0
OMIM:618008	DON_GEN	gene_germline	0
OMIM:618009	DON_GEN	gene_germline	0
OMIM:618010	DON_GEN	gene_germline	0
OMIM:618011	DON_GEN	gene_germline	0
OMIM:618012	DON_GEN	gene_germline	0
OMIM:618013	DON_GEN	gene_germline	0
OMIM:618014	DON_GEN	gene_germline	0
OMIM:618015	DON_GEN	gene_germline	0
OMIM:618019	DON_GEN	gene_germline	0
OMIM:618021	DON_GEN	gene_germline	0
OMIM:618022	DON_GEN	gene_germline	0
OMIM:618027	DON_GEN	gene_germline	0
OMIM:618031	DON_GEN	gene_germline	0
OMIM:618036	DON_GEN	gene_germline	0
OMIM:618042	DON_GEN	gene_germline	0
OMIM:618048	DON_GEN	gene_germline	0
OMIM:618049	DON_GEN	gene_germline	0
OMIM:618050	DON_GEN	gene_germline	0
OMIM:618052	DON_GEN	gene_germline	0
OMIM:618056	DON_GEN	gene_germline	0
OMIM:618057	DON_GEN	gene_germline	0
OMIM:618060	DON_GEN	gene_germline	0
OMIM:618061	DON_GEN	gene_germline	0
OMIM:618063	DON_GEN	gene_germline	0
OMIM:618065	DON_GEN	gene_germline	0
OMIM:618067	DON_GEN	gene_germline	0
OMIM:618074	DON_GEN	gene_germline	0
OMIM:618075	DON_GEN	gene_germline	0
OMIM:618076	DON_GEN	gene_germline	0
OMIM:618077	CHUA_RO	khong_du_nguon	0
OMIM:618078	DON_GEN	gene_germline	0
OMIM:618084	DON_GEN	gene_germline	0
OMIM:618086	DON_GEN	gene_germline	0
OMIM:618087	DON_GEN	gene_germline	0
OMIM:618088	DON_GEN	gene_germline	0
OMIM:618089	DON_GEN	gene_germline	0
OMIM:618090	DON_GEN	gene_germline	0
OMIM:618091	DON_GEN	gene_germline	0
OMIM:618092	DON_GEN	gene_germline	0
OMIM:618093	DON_GEN	gene_germline	0
OMIM:618094	DON_GEN	gene_germline	0
OMIM:618095	DON_GEN	gene_germline	0
OMIM:618096	DON_GEN	gene_germline	0
OMIM:618097	DON_GEN	gene_germline	0
OMIM:618098	DON_GEN	gene_germline	0
OMIM:618103	DON_GEN	gene_germline	0
OMIM:618106	DON_GEN	gene_germline	0
OMIM:618107	DON_GEN	gene_germline	0
OMIM:618108	DON_GEN	gene_germline	0
OMIM:618109	DON_GEN	gene_germline	0
OMIM:618110	DON_GEN	gene_germline	0
OMIM:618112	DON_GEN	gene_germline	0
OMIM:618113	DON_GEN	gene_germline	0
OMIM:618114	DON_GEN	gene_germline	0
OMIM:618115	DON_GEN	gene_germline	0
OMIM:618116	DON_GEN	gene_germline	0
OMIM:618117	DON_GEN	gene_germline	0
OMIM:618120	DON_GEN	gene_germline	0
OMIM:618123	DON_GEN	gene_germline	0
OMIM:618124	DON_GEN	gene_germline	0
OMIM:618126	DON_GEN	gene_germline	0
OMIM:618129	DON_GEN	gene_germline	0
OMIM:618131	DON_GEN	gene_germline	0
OMIM:618135	DON_GEN	gene_germline	0
OMIM:618138	DON_GEN	gene_germline	0
OMIM:618140	DON_GEN	gene_germline	0
OMIM:618141	DON_GEN	gene_germline	0
OMIM:618142	DON_GEN	gene_germline	0
OMIM:618143	DON_GEN	gene_germline	0
OMIM:618144	DON_GEN	gene_germline	0
OMIM:618145	DON_GEN	gene_germline	0
OMIM:618147	DON_GEN	gene_germline	0
OMIM:618148	DON_GEN	gene_germline	0
OMIM:618149	DON_GEN	gene_germline	0
OMIM:618150	DON_GEN	gene_germline	0
OMIM:618152	DON_GEN	gene_germline	0
OMIM:618153	DON_GEN	gene_germline	0
OMIM:618154	DON_GEN	gene_germline	0
OMIM:618155	DON_GEN	gene_germline	0
OMIM:618156	DON_GEN	gene_germline	0
OMIM:618157	DON_GEN	gene_germline	0
OMIM:618158	DON_GEN	gene_germline	0
OMIM:618160	DON_GEN	gene_germline	0
OMIM:618161	DON_GEN	gene_germline	0
OMIM:618162	DON_GEN	gene_germline	0
OMIM:618164	DON_GEN	gene_germline	0
OMIM:618165	DON_GEN	gene_germline	0
OMIM:618167	DON_GEN	gene_germline	0
OMIM:618168	DON_GEN	gene_germline	0
OMIM:618170	DON_GEN	gene_germline	0
OMIM:618173	DON_GEN	gene_germline	0
OMIM:618174	DON_GEN	gene_germline	0
OMIM:618175	DON_GEN	gene_germline	0
OMIM:618176	DON_GEN	gene_germline	0
OMIM:618177	DON_GEN	gene_germline	0
OMIM:618178	DON_GEN	gene_germline	0
OMIM:618179	DON_GEN	gene_germline	0
OMIM:618180	DON_GEN	gene_germline	0
OMIM:618182	DON_GEN	gene_germline	0
OMIM:618183	DON_GEN	gene_germline	0
OMIM:618184	DON_GEN	gene_germline	0
OMIM:618185	DON_GEN	gene_germline	0
OMIM:618186	DON_GEN	gene_germline	0
OMIM:618187	DON_GEN	gene_germline	0
OMIM:618188	DON_GEN	gene_germline	0
OMIM:618189	DON_GEN	gene_germline	0
OMIM:618193	DON_GEN	gene_germline	0
OMIM:618195	DON_GEN	gene_germline	0
OMIM:618196	DON_GEN	gene_germline	0
OMIM:618197	DON_GEN	gene_germline	0
OMIM:618198	DON_GEN	gene_germline	0
OMIM:618201	DON_GEN	gene_germline	0
OMIM:618204	DON_GEN	gene_germline	0
OMIM:618205	DON_GEN	gene_germline	0
OMIM:618213	DON_GEN	gene_germline	0
OMIM:618218	DON_GEN	gene_germline	0
OMIM:618219	DON_GEN	gene_germline	0
OMIM:618220	DON_GEN	gene_germline	0
OMIM:618221	DON_GEN	gene_germline	0
OMIM:618222	DON_GEN	gene_germline	0
OMIM:618223	DON_GEN	gene_germline	0
OMIM:618224	DON_GEN	gene_germline	0
OMIM:618225	DON_GEN	gene_germline	0
OMIM:618226	DON_GEN	gene_germline	0
OMIM:618228	DON_GEN	gene_germline	0
OMIM:618229	DON_GEN	gene_germline	0
OMIM:618230	DON_GEN	gene_germline	0
OMIM:618231	CHUA_RO	khong_du_nguon	0
OMIM:618232	DON_GEN	gene_germline	0
OMIM:618233	DON_GEN	gene_germline	0
OMIM:618234	DON_GEN	gene_germline	0
OMIM:618235	DON_GEN	gene_germline	0
OMIM:618236	DON_GEN	gene_germline	0
OMIM:618237	DON_GEN	gene_germline	0
OMIM:618238	DON_GEN	gene_germline	0
OMIM:618239	DON_GEN	gene_germline	0
OMIM:618240	DON_GEN	gene_germline	0
OMIM:618241	DON_GEN	gene_germline	0
OMIM:618242	DON_GEN	gene_germline	0
OMIM:618243	DON_GEN	gene_germline	0
OMIM:618244	DON_GEN	gene_germline	0
OMIM:618245	DON_GEN	gene_germline	0
OMIM:618246	DON_GEN	gene_germline	0
OMIM:618247	DON_GEN	gene_germline	0
OMIM:618248	DON_GEN	gene_germline	0
OMIM:618249	DON_GEN	gene_germline	0
OMIM:618250	DON_GEN	gene_germline	0
OMIM:618251	DON_GEN	gene_germline	0
OMIM:618252	DON_GEN	gene_germline	0
OMIM:618253	DON_GEN	gene_germline	0
OMIM:618254	DON_GEN	gene_germline	0
OMIM:618257	DON_GEN	gene_germline	0
OMIM:618261	DON_GEN	gene_germline	0
OMIM:618264	DON_GEN	gene_germline	0
OMIM:618265	DON_GEN	gene_germline	0
OMIM:618266	DON_GEN	gene_germline	0
OMIM:618267	CHUA_RO	khong_du_nguon	0
OMIM:618268	DON_GEN	gene_germline	0
OMIM:618270	DON_GEN	gene_germline	0
OMIM:618272	DON_GEN	gene_germline	1
OMIM:618273	DON_GEN	gene_germline	0
OMIM:618275	DON_GEN	gene_germline	0
OMIM:618276	DON_GEN	gene_germline	0
OMIM:618278	CHUA_RO	khong_du_nguon	0
OMIM:618279	DON_GEN	gene_germline	0
OMIM:618280	DON_GEN	gene_germline	0
OMIM:618282	DON_GEN	gene_germline	0
OMIM:618283	DON_GEN	gene_germline	0
OMIM:618284	DON_GEN	gene_germline	0
OMIM:618285	DON_GEN	gene_germline	0
OMIM:618286	DON_GEN	gene_germline	0
OMIM:618287	DON_GEN	gene_germline	0
OMIM:618291	DON_GEN	gene_germline	0
OMIM:618292	DON_GEN	gene_germline	0
OMIM:618295	DON_GEN	gene_germline	0
OMIM:618298	DON_GEN	gene_germline	0
OMIM:618300	DON_GEN	gene_germline	0
OMIM:618302	DON_GEN	gene_germline	0
OMIM:618307	DON_GEN	gene_germline	0
OMIM:618309	DON_GEN	gene_germline	0
OMIM:618310	DON_GEN	gene_germline	0
OMIM:618312	CHUA_RO	khong_du_nguon	0
OMIM:618313	DON_GEN	gene_germline	0
OMIM:618314	DON_GEN	gene_germline	0
OMIM:618316	DON_GEN	gene_germline	0
OMIM:618317	DON_GEN	gene_germline	0
OMIM:618321	DON_GEN	gene_germline	0
OMIM:618323	DON_GEN	gene_germline	0
OMIM:618324	DON_GEN	gene_germline	0
OMIM:618325	DON_GEN	gene_germline	0
OMIM:618328	DON_GEN	gene_germline	0
OMIM:618329	DON_GEN	gene_germline	0
OMIM:618330	DON_GEN	gene_germline	0
OMIM:618331	DON_GEN	gene_germline	0
OMIM:618332	DON_GEN	gene_germline	0
OMIM:618333	DON_GEN	gene_germline	0
OMIM:618336	DON_GEN	gene_germline	0
OMIM:618339	DON_GEN	gene_germline	0
OMIM:618341	DON_GEN	gene_germline	0
OMIM:618342	DON_GEN	gene_germline	0
OMIM:618343	DON_GEN	gene_germline	0
OMIM:618345	DON_GEN	gene_germline	0
OMIM:618346	DON_GEN	gene_germline	0
OMIM:618347	DON_GEN	gene_germline	0
OMIM:618348	DON_GEN	gene_germline	0
OMIM:618349	DON_GEN	gene_germline	0
OMIM:618351	DON_GEN	gene_germline	0
OMIM:618352	CHUA_RO	khong_du_nguon	0
OMIM:618353	DON_GEN	gene_germline	0
OMIM:618354	DON_GEN	gene_germline	0
OMIM:618356	DON_GEN	gene_germline	0
OMIM:618357	CHUA_RO	khong_du_nguon	0
OMIM:618358	DON_GEN	gene_germline	0
OMIM:618360	DON_GEN	gene_germline	0
OMIM:618362	DON_GEN	gene_germline	0
OMIM:618363	DON_GEN	gene_germline	0
OMIM:618364	DON_GEN	gene_germline	0
OMIM:618367	DON_GEN	gene_germline	0
OMIM:618369	DON_GEN	gene_germline	0
OMIM:618371	DON_GEN	gene_germline	0
OMIM:618372	DON_GEN	gene_germline	0
OMIM:618373	DON_GEN	gene_germline	1
OMIM:618374	DON_GEN	gene_germline	0
OMIM:618377	CHUA_RO	khong_du_nguon	0
OMIM:618378	DON_GEN	gene_germline	0
OMIM:618379	DON_GEN	gene_germline	0
OMIM:618381	DON_GEN	gene_germline	0
OMIM:618383	DON_GEN	gene_germline	0
OMIM:618384	DON_GEN	gene_germline	0
OMIM:618386	DON_GEN	gene_germline	0
OMIM:618387	DON_GEN	gene_germline	0
OMIM:618388	DON_GEN	gene_germline	0
OMIM:618389	DON_GEN	gene_germline	0
OMIM:618392	DON_GEN	gene_germline	0
OMIM:618393	DON_GEN	gene_germline	0
OMIM:618394	DON_GEN	gene_germline	0
OMIM:618395	DON_GEN	gene_germline	0
OMIM:618396	DON_GEN	gene_germline	0
OMIM:618397	DON_GEN	gene_germline	0
OMIM:618398	DON_GEN	gene_germline	1
OMIM:618400	DON_GEN	gene_germline	0
OMIM:618402	DON_GEN	gene_germline	0
OMIM:618404	DON_GEN	gene_germline	0
OMIM:618406	DON_GEN	gene_germline	0
OMIM:618410	DON_GEN	gene_germline	0
OMIM:618412	DON_GEN	gene_germline	0
OMIM:618414	DON_GEN	gene_germline	0
OMIM:618415	DON_GEN	gene_germline	0
OMIM:618416	DON_GEN	gene_germline	0
OMIM:618418	DON_GEN	gene_germline	0
OMIM:618419	DON_GEN	gene_germline	0
OMIM:618420	DON_GEN	gene_germline	0
OMIM:618422	DON_GEN	gene_germline	0
OMIM:618425	DON_GEN	gene_germline	0
OMIM:618426	CHUA_RO	khong_du_nguon	0
OMIM:618428	DON_GEN	gene_germline	0
OMIM:618429	CHUA_RO	khong_du_nguon	0
OMIM:618430	DON_GEN	gene_germline	0
OMIM:618431	DON_GEN	gene_germline	0
OMIM:618432	DON_GEN	gene_germline	0
OMIM:618433	DON_GEN	gene_germline	0
OMIM:618434	DON_GEN	gene_germline	0
OMIM:618435	DON_GEN	gene_germline	0
OMIM:618436	DON_GEN	gene_germline	0
OMIM:618437	DON_GEN	gene_germline	0
OMIM:618438	DON_GEN	gene_germline	0
OMIM:618440	DON_GEN	gene_germline	0
OMIM:618443	CHUA_RO	khong_du_nguon	0
OMIM:618447	DON_GEN	gene_germline	0
OMIM:618449	DON_GEN	gene_germline	0
OMIM:618451	DON_GEN	gene_germline	0
OMIM:618453	DON_GEN	gene_germline	0
OMIM:618454	DON_GEN	gene_germline	0
OMIM:618456	DON_GEN	gene_germline	0
OMIM:618457	DON_GEN	gene_germline	0
OMIM:618458	DON_GEN	gene_germline	0
OMIM:618459	DON_GEN	gene_germline	0
OMIM:618460	DON_GEN	gene_germline	0
OMIM:618462	DON_GEN	gene_germline	0
OMIM:618463	DON_GEN	gene_germline	0
OMIM:618464	DON_GEN	gene_germline	0
OMIM:618468	DON_GEN	gene_germline	0
OMIM:618469	DON_GEN	gene_germline	0
OMIM:618470	DON_GEN	gene_germline	0
OMIM:618475	DON_GEN	gene_germline	0
OMIM:618476	DON_GEN	gene_germline	0
OMIM:618477	DON_GEN	gene_germline	0
OMIM:618479	DON_GEN	gene_germline	0
OMIM:618480	DON_GEN	gene_germline	0
OMIM:618481	DON_GEN	gene_germline	0
OMIM:618482	DON_GEN	gene_germline	0
OMIM:618484	DON_GEN	gene_germline	0
OMIM:618492	DON_GEN	gene_germline	0
OMIM:618493	CHUA_RO	khong_du_nguon	0
OMIM:618494	DON_GEN	gene_germline	0
OMIM:618495	DON_GEN	gene_germline	0
OMIM:618496	DON_GEN	gene_germline	0
OMIM:618497	DON_GEN	gene_germline	0
OMIM:618498	DON_GEN	gene_germline	0
OMIM:618499	DON_GEN	gene_germline	0
OMIM:618500	CHUA_RO	khong_du_nguon	0
OMIM:618501	DON_GEN	gene_germline	0
OMIM:618504	DON_GEN	gene_germline	0
OMIM:618505	DON_GEN	gene_germline	0
OMIM:618506	DON_GEN	gene_germline	0
OMIM:618511	DON_GEN	gene_germline	0
OMIM:618512	DON_GEN	gene_germline	0
OMIM:618513	DON_GEN	gene_germline	0
OMIM:618522	DON_GEN	gene_germline	0
OMIM:618523	DON_GEN	gene_germline	0
OMIM:618524	DON_GEN	gene_germline	0
OMIM:618527	DON_GEN	gene_germline	0
OMIM:618528	DON_GEN	gene_germline	0
OMIM:618529	DON_GEN	gene_germline	0
OMIM:618531	DON_GEN	gene_germline	0
OMIM:618533	DON_GEN	gene_germline	0
OMIM:618534	DON_GEN	gene_germline	0
OMIM:618535	DON_GEN	gene_germline	0
OMIM:618541	DON_GEN	gene_germline	0
OMIM:618546	DON_GEN	gene_germline	0
OMIM:618547	DON_GEN	gene_germline	0
OMIM:618548	DON_GEN	gene_germline	0
OMIM:618549	CHUA_RO	khong_du_nguon	0
OMIM:618550	DON_GEN	gene_germline	0
OMIM:618555	DON_GEN	gene_germline	0
OMIM:618557	DON_GEN	gene_germline	0
OMIM:618559	DON_GEN	gene_germline	0
OMIM:618564	DON_GEN	gene_germline	0
OMIM:618567	DON_GEN	gene_germline	0
OMIM:618569	DON_GEN	gene_germline	0
OMIM:618571	DON_GEN	gene_germline	0
OMIM:618572	DON_GEN	gene_germline	0
OMIM:618573	DON_GEN	gene_germline	0
OMIM:618577	DON_GEN	gene_germline	0
OMIM:618578	DON_GEN	gene_germline	0
OMIM:618580	DON_GEN	gene_germline	0
OMIM:618587	DON_GEN	gene_germline	0
OMIM:618590	DON_GEN	gene_germline	0
OMIM:618591	DON_GEN	gene_germline	0
OMIM:618594	DON_GEN	gene_germline	0
OMIM:618596	CHUA_RO	khong_du_nguon	0
OMIM:618598	DON_GEN	gene_germline	0
OMIM:618603	DON_GEN	gene_germline	0
OMIM:618604	DON_GEN	gene_germline	0
OMIM:618606	DON_GEN	gene_germline	0
OMIM:618608	DON_GEN	gene_germline	0
OMIM:618612	DON_GEN	gene_germline	0
OMIM:618613	DON_GEN	gene_germline	0
OMIM:618618	DON_GEN	gene_germline	0
OMIM:618619	DON_GEN	gene_germline	0
OMIM:618620	DON_GEN	gene_germline	0
OMIM:618622	DON_GEN	gene_germline	0
OMIM:618624	DON_GEN	gene_germline	0
OMIM:618625	DON_GEN	gene_germline	0
OMIM:618632	DON_GEN	gene_germline	0
OMIM:618635	DON_GEN	gene_germline	0
OMIM:618637	DON_GEN	gene_germline	0
OMIM:618641	DON_GEN	gene_germline	0
OMIM:618643	DON_GEN	gene_germline	0
OMIM:618644	DON_GEN	gene_germline	0
OMIM:618646	DON_GEN	gene_germline	0
OMIM:618648	DON_GEN	gene_germline	0
OMIM:618651	DON_GEN	gene_germline	0
OMIM:618652	DON_GEN	gene_germline	0
OMIM:618653	DON_GEN	gene_germline	0
OMIM:618654	DON_GEN	gene_germline	0
OMIM:618655	DON_GEN	gene_germline	0
OMIM:618658	DON_GEN	gene_germline	0
OMIM:618659	DON_GEN	gene_germline	0
OMIM:618660	DON_GEN	gene_germline	0
OMIM:618662	DON_GEN	gene_germline	0
OMIM:618663	DON_GEN	gene_germline	0
OMIM:618664	DON_GEN	gene_germline	0
OMIM:618665	CHUA_RO	khong_du_nguon	0
OMIM:618666	DON_GEN	gene_germline	0
OMIM:618667	DON_GEN	gene_germline	0
OMIM:618670	DON_GEN	gene_germline	0
OMIM:618672	DON_GEN	gene_germline	0
OMIM:618674	DON_GEN	gene_germline	0
OMIM:618677	DON_GEN	gene_germline	0
OMIM:618680	CHUA_RO	khong_du_nguon	0
OMIM:618681	DON_GEN	gene_germline	0
OMIM:618683	DON_GEN	gene_germline	0
OMIM:618687	DON_GEN	gene_germline	0
OMIM:618688	DON_GEN	gene_germline	0
OMIM:618695	DON_GEN	gene_germline	0
OMIM:618697	DON_GEN	gene_germline	0
OMIM:618699	DON_GEN	gene_germline	0
OMIM:618702	DON_GEN	gene_germline	0
OMIM:618707	DON_GEN	gene_germline	0
OMIM:618709	DON_GEN	gene_germline	0
OMIM:618718	DON_GEN	gene_germline	0
OMIM:618719	DON_GEN	gene_germline	0
OMIM:618721	DON_GEN	gene_germline	0
OMIM:618723	DON_GEN	gene_germline	0
OMIM:618724	DON_GEN	gene_germline	0
OMIM:618725	DON_GEN	gene_germline	0
OMIM:618727	DON_GEN	gene_germline	0
OMIM:618728	DON_GEN	gene_germline	0
OMIM:618729	DON_GEN	gene_germline	0
OMIM:618730	DON_GEN	gene_germline	0
OMIM:618731	DON_GEN	gene_germline	0
OMIM:618732	DON_GEN	gene_germline	0
OMIM:618733	DON_GEN	gene_germline	0
OMIM:618734	DON_GEN	gene_germline	0
OMIM:618736	DON_GEN	gene_germline	0
OMIM:618737	DON_GEN	gene_germline	0
OMIM:618741	DON_GEN	gene_germline	0
OMIM:618744	DON_GEN	gene_germline	0
OMIM:618745	DON_GEN	gene_germline	0
OMIM:618748	DON_GEN	gene_germline	0
OMIM:618751	DON_GEN	gene_germline	0
OMIM:618752	DON_GEN	gene_germline	0
OMIM:618760	DON_GEN	gene_germline	0
OMIM:618761	DON_GEN	gene_germline	0
OMIM:618763	DON_GEN	gene_germline	0
OMIM:618766	DON_GEN	gene_germline	0
OMIM:618767	DON_GEN	gene_germline	0
OMIM:618768	DON_GEN	gene_germline	0
OMIM:618770	DON_GEN	gene_germline	0
OMIM:618773	DON_GEN	gene_germline	0
OMIM:618774	DON_GEN	gene_germline	0
OMIM:618775	DON_GEN	gene_germline	0
OMIM:618776	DON_GEN	gene_germline	0
OMIM:618778	DON_GEN	gene_germline	0
OMIM:618779	DON_GEN	gene_germline	0
OMIM:618780	DON_GEN	gene_germline	0
OMIM:618781	DON_GEN	gene_germline	0
OMIM:618782	DON_GEN	gene_germline	0
OMIM:618786	DON_GEN	gene_germline	0
OMIM:618787	DON_GEN	gene_germline	0
OMIM:618792	DON_GEN	gene_germline	0
OMIM:618793	DON_GEN	gene_germline	0
OMIM:618795	DON_GEN	gene_germline	0
OMIM:618797	DON_GEN	gene_germline	0
OMIM:618798	DON_GEN	gene_germline	0
OMIM:618800	DON_GEN	gene_germline	0
OMIM:618801	DON_GEN	gene_germline	0
OMIM:618803	DON_GEN	gene_germline	0
OMIM:618804	DON_GEN	gene_germline	0
OMIM:618805	DON_GEN	gene_germline	0
OMIM:618806	DON_GEN	gene_germline	0
OMIM:618808	DON_GEN	gene_germline	0
OMIM:618810	DON_GEN	gene_germline	0
OMIM:618811	DON_GEN	gene_germline	0
OMIM:618815	CNV	ten_benh	0
OMIM:618820	DON_GEN	gene_germline	0
OMIM:618821	DON_GEN	gene_germline	0
OMIM:618822	DON_GEN	gene_germline	0
OMIM:618823	DON_GEN	gene_germline	0
OMIM:618824	DON_GEN	gene_germline	0
OMIM:618825	DON_GEN	gene_germline	0
OMIM:618826	DON_GEN	gene_germline	0
OMIM:618827	DON_GEN	gene_germline	0
OMIM:618828	DON_GEN	gene_germline	0
OMIM:618829	DON_GEN	gene_germline	0
OMIM:618830	CHUA_RO	khong_du_nguon	0
OMIM:618832	DON_GEN	gene_germline	0
OMIM:618835	DON_GEN	gene_germline	0
OMIM:618838	DON_GEN	gene_germline	0
OMIM:618839	DON_GEN	gene_germline	0
OMIM:618840	DON_GEN	gene_germline	0
OMIM:618841	DON_GEN	gene_germline	0
OMIM:618845	DON_GEN	gene_germline	0
OMIM:618846	DON_GEN	gene_germline	0
OMIM:618847	DON_GEN	gene_germline	0
OMIM:618848	DON_GEN	gene_germline	0
OMIM:618849	DON_GEN	gene_germline	0
OMIM:618850	DON_GEN	gene_germline	0
OMIM:618851	DON_GEN	gene_germline	0
OMIM:618852	DON_GEN	gene_germline	0
OMIM:618853	DON_GEN	gene_germline	0
OMIM:618855	DON_GEN	gene_germline	0
OMIM:618856	DON_GEN	gene_germline	0
OMIM:618857	DON_GEN	gene_germline	0
OMIM:618858	DON_GEN	gene_germline	0
OMIM:618859	DON_GEN	gene_germline	0
OMIM:618862	DON_GEN	gene_germline	0
OMIM:618863	DON_GEN	gene_germline	0
OMIM:618866	DON_GEN	gene_germline	0
OMIM:618868	DON_GEN	gene_germline	0
OMIM:618870	DON_GEN	gene_germline	0
OMIM:618872	DON_GEN	gene_germline	0
OMIM:618873	DON_GEN	gene_germline	0
OMIM:618874	CNV	ten_benh	0
OMIM:618875	DON_GEN	gene_germline	0
OMIM:618876	DON_GEN	gene_germline	0
OMIM:618877	DON_GEN	gene_germline	0
OMIM:618878	DON_GEN	gene_germline	0
OMIM:618879	DON_GEN	gene_germline	0
OMIM:618880	DON_GEN	gene_germline	0
OMIM:618881	DON_GEN	gene_germline	0
OMIM:618882	DON_GEN	gene_germline	0
OMIM:618883	DON_GEN	gene_germline	0
OMIM:618884	DON_GEN	gene_germline	0
OMIM:618885	DON_GEN	gene_germline	0
OMIM:618886	DON_GEN	gene_germline	0
OMIM:618889	DON_GEN	gene_germline	0
OMIM:618890	DON_GEN	gene_germline	0
OMIM:618891	DON_GEN	gene_germline	0
OMIM:618892	DON_GEN	gene_germline	0
OMIM:618901	DON_GEN	gene_germline	0
OMIM:618905	CNV	mondo_chromosomal_khac	0
OMIM:618906	DON_GEN	gene_germline	0
OMIM:618907	DON_GEN	mondo_chromosomal_mot_gene	1
OMIM:618908	DON_GEN	mondo_chromosomal_mot_gene	1
OMIM:618910	DON_GEN	gene_germline	0
OMIM:618912	DON_GEN	gene_germline	0
OMIM:618913	DON_GEN	gene_germline	0
OMIM:618914	DON_GEN	gene_germline	0
OMIM:618915	DON_GEN	gene_germline	0
OMIM:618916	DON_GEN	gene_germline	0
OMIM:618917	DON_GEN	gene_germline	0
OMIM:618918	DON_GEN	gene_germline	0
OMIM:618920	DON_GEN	gene_germline	0
OMIM:618922	DON_GEN	gene_germline	0
OMIM:618924	DON_GEN	gene_germline	0
OMIM:618929	DON_GEN	gene_germline	0
OMIM:618935	DON_GEN	gene_germline	0
OMIM:618939	DON_GEN	gene_germline	0
OMIM:618940	DON_GEN	gene_germline	0
OMIM:618944	DON_GEN	gene_germline	0
OMIM:618947	DON_GEN	gene_germline	0
OMIM:618948	DON_GEN	gene_germline	0
OMIM:618950	DON_GEN	gene_germline	0
OMIM:618951	DON_GEN	gene_germline	0
OMIM:618952	DON_GEN	gene_germline	0
OMIM:618955	DON_GEN	gene_germline	0
OMIM:618958	DON_GEN	gene_germline	0
OMIM:618959	DON_GEN	gene_germline	0
OMIM:618960	DON_GEN	gene_germline	0
OMIM:618961	DON_GEN	gene_germline	0
OMIM:618963	DON_GEN	gene_germline	0
OMIM:618969	DON_GEN	gene_germline	0
OMIM:618970	DON_GEN	gene_germline	0
OMIM:618971	DON_GEN	gene_germline	0
OMIM:618972	DON_GEN	gene_germline	0
OMIM:618973	DON_GEN	gene_germline	0
OMIM:618974	DON_GEN	gene_germline	0
OMIM:618975	DON_GEN	gene_germline	0
OMIM:618977	DON_GEN	gene_germline	0
OMIM:618982	DON_GEN	gene_germline	0
OMIM:618985	DON_GEN	gene_germline	0
OMIM:618986	DON_GEN	gene_germline	0
OMIM:618987	DON_GEN	gene_germline	0
OMIM:618992	DON_GEN	gene_germline	0
OMIM:618998	DON_GEN	gene_germline	0
OMIM:618999	DON_GEN	gene_germline	0
OMIM:619000	DON_GEN	gene_germline	0
OMIM:619003	DON_GEN	gene_germline	0
OMIM:619004	DON_GEN	gene_germline	0
OMIM:619005	DON_GEN	gene_germline	0
OMIM:619007	DON_GEN	gene_germline	0
OMIM:619009	DON_GEN	gene_germline	0
OMIM:619011	DON_GEN	gene_germline	0
OMIM:619012	DON_GEN	gene_germline	0
OMIM:619013	DON_GEN	gene_germline	0
OMIM:619016	DON_GEN	gene_germline	0
OMIM:619024	DON_GEN	gene_germline	0
OMIM:619025	DON_GEN	gene_germline	0
OMIM:619026	DON_GEN	gene_germline	0
OMIM:619027	DON_GEN	gene_germline	0
OMIM:619028	DON_GEN	gene_germline	0
OMIM:619031	DON_GEN	gene_germline	0
OMIM:619033	CHUA_RO	khong_du_nguon	0
OMIM:619036	DON_GEN	gene_germline	0
OMIM:619040	DON_GEN	gene_germline	0
OMIM:619041	DON_GEN	gene_germline	1
OMIM:619042	DON_GEN	gene_germline	0
OMIM:619044	DON_GEN	gene_germline	0
OMIM:619046	DON_GEN	gene_germline	0
OMIM:619048	DON_GEN	gene_germline	0
OMIM:619051	DON_GEN	gene_germline	0
OMIM:619052	DON_GEN	gene_germline	0
OMIM:619053	DON_GEN	gene_germline	0
OMIM:619054	DON_GEN	gene_germline	0
OMIM:619055	DON_GEN	gene_germline	0
OMIM:619056	DON_GEN	gene_germline	0
OMIM:619057	DON_GEN	gene_germline	0
OMIM:619058	DON_GEN	gene_germline	0
OMIM:619059	DON_GEN	gene_germline	0
OMIM:619060	DON_GEN	gene_germline	0
OMIM:619061	DON_GEN	gene_germline	0
OMIM:619062	DON_GEN	gene_germline	0
OMIM:619063	DON_GEN	gene_germline	0
OMIM:619064	DON_GEN	gene_germline	0
OMIM:619065	DON_GEN	gene_germline	0
OMIM:619071	CHUA_RO	khong_du_nguon	0
OMIM:619072	DON_GEN	gene_germline	0
OMIM:619073	DON_GEN	gene_germline	0
OMIM:619074	DON_GEN	gene_germline	0
OMIM:619075	DON_GEN	gene_germline	0
OMIM:619076	DON_GEN	gene_germline	0
OMIM:619079	DON_GEN	gene_germline	0
OMIM:619080	DON_GEN	gene_germline	0
OMIM:619081	DON_GEN	gene_germline	0
OMIM:619082	DON_GEN	gene_germline	0
OMIM:619083	DON_GEN	gene_germline	0
OMIM:619086	DON_GEN	gene_germline	0
OMIM:619087	DON_GEN	gene_germline	0
OMIM:619090	DON_GEN	gene_germline	0
OMIM:619091	DON_GEN	gene_germline	0
OMIM:619092	DON_GEN	gene_germline	0
OMIM:619093	DON_GEN	gene_germline	0
OMIM:619094	DON_GEN	gene_germline	0
OMIM:619095	DON_GEN	gene_germline	0
OMIM:619096	DON_GEN	gene_germline	1
OMIM:619097	DON_GEN	gene_germline	1
OMIM:619099	DON_GEN	gene_germline	0
OMIM:619101	DON_GEN	gene_germline	1
OMIM:619102	DON_GEN	gene_germline	0
OMIM:619103	DON_GEN	gene_germline	0
OMIM:619108	DON_GEN	gene_germline	0
OMIM:619110	DON_GEN	gene_germline	0
OMIM:619111	DON_GEN	gene_germline	0
OMIM:619112	DON_GEN	gene_germline	0
OMIM:619113	DON_GEN	gene_germline	0
OMIM:619115	DON_GEN	gene_germline	0
OMIM:619120	DON_GEN	gene_germline	0
OMIM:619121	DON_GEN	gene_germline	0
OMIM:619122	DON_GEN	gene_germline	0
OMIM:619123	DON_GEN	gene_germline	0
OMIM:619124	DON_GEN	gene_germline	0
OMIM:619125	DON_GEN	gene_germline	0
OMIM:619126	DON_GEN	gene_germline	0
OMIM:619127	DON_GEN	gene_germline	0
OMIM:619130	DON_GEN	gene_germline	0
OMIM:619131	DON_GEN	gene_germline	0
OMIM:619132	DON_GEN	gene_germline	0
OMIM:619133	DON_GEN	gene_germline	0
OMIM:619135	DON_GEN	gene_germline	0
OMIM:619141	DON_GEN	gene_germline	0
OMIM:619142	DON_GEN	gene_germline	0
OMIM:619143	DON_GEN	gene_germline	0
OMIM:619144	DON_GEN	gene_germline	0
OMIM:619145	DON_GEN	gene_germline	0
OMIM:619146	DON_GEN	gene_germline	0
OMIM:619147	DON_GEN	gene_germline	0
OMIM:619148	CNV	mondo_partial_del_dup	0
OMIM:619149	DON_GEN	gene_germline	0
OMIM:619150	DON_GEN	gene_germline	0
OMIM:619151	DON_GEN	gene_germline	0
OMIM:619155	DON_GEN	gene_germline	0
OMIM:619157	DON_GEN	gene_germline	0
OMIM:619161	DON_GEN	gene_germline	0
OMIM:619164	DON_GEN	gene_germline	0
OMIM:619165	DON_GEN	gene_germline	0
OMIM:619166	DON_GEN	gene_germline	0
OMIM:619167	DON_GEN	gene_germline	0
OMIM:619170	DON_GEN	gene_germline	0
OMIM:619172	DON_GEN	gene_germline	0
OMIM:619173	DON_GEN	gene_germline	0
OMIM:619174	DON_GEN	gene_germline	0
OMIM:619175	CHUA_RO	khong_du_nguon	0
OMIM:619176	DON_GEN	gene_germline	0
OMIM:619177	DON_GEN	gene_germline	0
OMIM:619178	DON_GEN	gene_germline	0
OMIM:619179	DON_GEN	gene_germline	0
OMIM:619180	DON_GEN	gene_germline	0
OMIM:619182	DON_GEN	gene_germline	1
OMIM:619183	DON_GEN	gene_germline	0
OMIM:619184	DON_GEN	gene_germline	0
OMIM:619185	DON_GEN	gene_germline	0
OMIM:619188	DON_GEN	gene_germline	0
OMIM:619189	DON_GEN	gene_germline	0
OMIM:619191	DON_GEN	gene_germline	0
OMIM:619194	DON_GEN	gene_germline	0
OMIM:619196	DON_GEN	gene_germline	0
OMIM:619201	DON_GEN	gene_germline	0
OMIM:619202	DON_GEN	gene_germline	0
OMIM:619203	DON_GEN	gene_germline	0
OMIM:619208	DON_GEN	gene_germline	0
OMIM:619209	DON_GEN	gene_germline	0
OMIM:619215	DON_GEN	gene_germline	0
OMIM:619216	DON_GEN	gene_germline	0
OMIM:619217	CHUA_RO	khong_du_nguon	0
OMIM:619218	DON_GEN	gene_germline	0
OMIM:619220	DON_GEN	gene_germline	0
OMIM:619221	DON_GEN	gene_germline	0
OMIM:619223	DON_GEN	gene_germline	0
OMIM:619224	DON_GEN	gene_germline	0
OMIM:619226	DON_GEN	gene_germline	0
OMIM:619227	DON_GEN	gene_germline	0
OMIM:619228	DON_GEN	gene_germline	0
OMIM:619229	DON_GEN	gene_germline	0
OMIM:619232	DON_GEN	gene_germline	0
OMIM:619234	DON_GEN	gene_germline	0
OMIM:619238	DON_GEN	gene_germline	0
OMIM:619239	DON_GEN	gene_germline	0
OMIM:619243	DON_GEN	gene_germline	0
OMIM:619244	DON_GEN	gene_germline	0
OMIM:619245	DON_GEN	gene_germline	0
OMIM:619248	DON_GEN	gene_germline	0
OMIM:619255	DON_GEN	gene_germline	0
OMIM:619256	DON_GEN	gene_germline	0
OMIM:619258	DON_GEN	gene_germline	0
OMIM:619259	DON_GEN	gene_germline	0
OMIM:619260	DON_GEN	gene_germline	0
OMIM:619263	DON_GEN	gene_germline	0
OMIM:619264	DON_GEN	gene_germline	0
OMIM:619267	DON_GEN	gene_germline	0
OMIM:619268	DON_GEN	gene_germline	0
OMIM:619269	DON_GEN	gene_germline	0
OMIM:619271	DON_GEN	gene_germline	0
OMIM:619272	DON_GEN	gene_germline	0
OMIM:619273	DON_GEN	gene_germline	0
OMIM:619274	DON_GEN	gene_germline	0
OMIM:619278	DON_GEN	gene_germline	0
OMIM:619279	DON_GEN	gene_germline	0
OMIM:619281	DON_GEN	gene_germline	0
OMIM:619286	DON_GEN	gene_germline	0
OMIM:619290	DON_GEN	gene_germline	0
OMIM:619291	DON_GEN	gene_germline	0
OMIM:619293	DON_GEN	gene_germline	0
OMIM:619297	DON_GEN	gene_germline	0
OMIM:619301	DON_GEN	gene_germline	0
OMIM:619302	DON_GEN	gene_germline	0
OMIM:619303	DON_GEN	gene_germline	0
OMIM:619304	DON_GEN	gene_germline	0
OMIM:619306	DON_GEN	gene_germline	0
OMIM:619310	DON_GEN	gene_germline	0
OMIM:619311	DON_GEN	gene_germline	0
OMIM:619312	DON_GEN	gene_germline	0
OMIM:619313	DON_GEN	gene_germline	0
OMIM:619314	DON_GEN	gene_germline	0
OMIM:619317	DON_GEN	gene_germline	0
OMIM:619318	DON_GEN	gene_germline	0
OMIM:619319	DON_GEN	gene_germline	0
OMIM:619320	DON_GEN	gene_germline	0
OMIM:619321	DON_GEN	gene_germline	0
OMIM:619322	DON_GEN	gene_germline	0
OMIM:619323	DON_GEN	gene_germline	0
OMIM:619324	DON_GEN	gene_germline	0
OMIM:619325	DON_GEN	gene_germline	0
OMIM:619326	DON_GEN	gene_germline	0
OMIM:619328	DON_GEN	gene_germline	0
OMIM:619329	DON_GEN	gene_germline	0
OMIM:619333	DON_GEN	gene_germline	0
OMIM:619334	DON_GEN	gene_germline	0
OMIM:619338	DON_GEN	gene_germline	0
OMIM:619339	DON_GEN	gene_germline	0
OMIM:619340	DON_GEN	gene_germline	0
OMIM:619343	CNV	ten_benh	0
OMIM:619345	CHUA_RO	khong_du_nguon	0
OMIM:619350	DON_GEN	gene_germline	0
OMIM:619351	DON_GEN	gene_germline	0
OMIM:619352	DON_GEN	gene_germline	0
OMIM:619354	DON_GEN	gene_germline	0
OMIM:619355	DON_GEN	gene_germline	0
OMIM:619356	DON_GEN	gene_germline	0
OMIM:619360	DON_GEN	gene_germline	0
OMIM:619361	DON_GEN	gene_germline	0
OMIM:619362	DON_GEN	gene_germline	0
OMIM:619363	DON_GEN	gene_germline	0
OMIM:619365	DON_GEN	gene_germline	0
OMIM:619366	DON_GEN	gene_germline	0
OMIM:619367	DON_GEN	gene_germline	0
OMIM:619369	DON_GEN	gene_germline	0
OMIM:619371	DON_GEN	gene_germline	0
OMIM:619373	DON_GEN	gene_germline	0
OMIM:619374	DON_GEN	gene_germline	0
OMIM:619375	DON_GEN	gene_germline	0
OMIM:619376	DON_GEN	gene_germline	0
OMIM:619377	DON_GEN	gene_germline	0
OMIM:619379	DON_GEN	gene_germline	0
OMIM:619380	DON_GEN	gene_germline	0
OMIM:619381	DON_GEN	gene_germline	0
OMIM:619382	CHUA_RO	khong_du_nguon	0
OMIM:619383	DON_GEN	gene_germline	0
OMIM:619386	DON_GEN	gene_germline	0
OMIM:619389	DON_GEN	gene_germline	0
OMIM:619396	CHUA_RO	khong_du_nguon	0
OMIM:619398	DON_GEN	gene_germline	0
OMIM:619401	DON_GEN	gene_germline	0
OMIM:619402	DON_GEN	gene_germline	0
OMIM:619405	DON_GEN	gene_germline	0
OMIM:619406	DON_GEN	gene_germline	0
OMIM:619407	DON_GEN	gene_germline	0
OMIM:619418	DON_GEN	gene_germline	0
OMIM:619420	DON_GEN	gene_germline	0
OMIM:619422	DON_GEN	gene_germline	0
OMIM:619423	DON_GEN	gene_germline	0
OMIM:619424	DON_GEN	gene_germline	0
OMIM:619425	DON_GEN	gene_germline	0
OMIM:619426	DON_GEN	gene_germline	0
OMIM:619428	DON_GEN	gene_germline	0
OMIM:619431	DON_GEN	gene_germline	0
OMIM:619433	DON_GEN	gene_germline	0
OMIM:619435	DON_GEN	gene_germline	0
OMIM:619436	DON_GEN	gene_germline	0
OMIM:619437	DON_GEN	gene_germline	0
OMIM:619441	CHUA_RO	khong_du_nguon	0
OMIM:619445	DON_GEN	gene_germline	0
OMIM:619446	DON_GEN	gene_germline	0
OMIM:619451	DON_GEN	gene_germline	0
OMIM:619452	DON_GEN	gene_germline	0
OMIM:619453	DON_GEN	gene_germline	0
OMIM:619460	DON_GEN	gene_germline	0
OMIM:619461	DON_GEN	gene_germline	0
OMIM:619462	CHUA_RO	khong_du_nguon	0
OMIM:619463	DON_GEN	gene_germline	0
OMIM:619464	DON_GEN	gene_germline	0
OMIM:619465	DON_GEN	gene_germline	0
OMIM:619466	DON_GEN	gene_germline	0
OMIM:619467	DON_GEN	gene_germline	0
OMIM:619468	DON_GEN	gene_germline	0
OMIM:619470	DON_GEN	gene_germline	0
OMIM:619471	DON_GEN	gene_germline	0
OMIM:619472	DON_GEN	gene_germline	0
OMIM:619473	DON_GEN	gene_germline	0
OMIM:619475	DON_GEN	gene_germline	0
OMIM:619476	DON_GEN	gene_germline	0
OMIM:619477	DON_GEN	gene_germline	0
OMIM:619478	DON_GEN	gene_germline	0
OMIM:619479	DON_GEN	gene_germline	0
OMIM:619480	DON_GEN	gene_germline	0
OMIM:619481	DON_GEN	gene_germline	0
OMIM:619482	DON_GEN	gene_germline	0
OMIM:619483	DON_GEN	gene_germline	0
OMIM:619484	DON_GEN	gene_germline	0
OMIM:619486	DON_GEN	gene_germline	0
OMIM:619487	DON_GEN	gene_germline	0
OMIM:619488	DON_GEN	gene_germline	0
OMIM:619489	DON_GEN	gene_germline	0
OMIM:619491	CHUA_RO	khong_du_nguon	0
OMIM:619492	DON_GEN	gene_germline	0
OMIM:619493	DON_GEN	gene_germline	0
OMIM:619500	DON_GEN	gene_germline	0
OMIM:619501	DON_GEN	gene_germline	0
OMIM:619503	DON_GEN	gene_germline	0
OMIM:619504	DON_GEN	gene_germline	0
OMIM:619510	DON_GEN	gene_germline	0
OMIM:619512	DON_GEN	gene_germline	0
OMIM:619515	DON_GEN	gene_germline	0
OMIM:619517	DON_GEN	gene_germline	0
OMIM:619518	DON_GEN	gene_germline	0
OMIM:619519	DON_GEN	gene_germline	0
OMIM:619521	CHUA_RO	khong_du_nguon	0
OMIM:619522	DON_GEN	gene_germline	0
OMIM:619523	DON_GEN	gene_germline	0
OMIM:619525	DON_GEN	gene_germline	0
OMIM:619527	DON_GEN	gene_germline	0
OMIM:619528	DON_GEN	gene_germline	0
OMIM:619531	DON_GEN	gene_germline	0
OMIM:619534	DON_GEN	gene_germline	0
OMIM:619538	DON_GEN	gene_germline	0
OMIM:619539	DON_GEN	gene_germline	0
OMIM:619542	DON_GEN	gene_germline	0
OMIM:619543	DON_GEN	gene_germline	0
OMIM:619545	CHUA_RO	khong_du_nguon	0
OMIM:619548	DON_GEN	gene_germline	0
OMIM:619549	DON_GEN	gene_germline	0
OMIM:619553	CHUA_RO	khong_du_nguon	0
OMIM:619555	DON_GEN	gene_germline	0
OMIM:619556	DON_GEN	gene_germline	0
OMIM:619557	DON_GEN	gene_germline	0
OMIM:619561	DON_GEN	gene_germline	0
OMIM:619562	DON_GEN	gene_germline	0
OMIM:619565	DON_GEN	gene_germline	0
OMIM:619566	DON_GEN	gene_germline	0
OMIM:619573	DON_GEN	gene_germline	0
OMIM:619574	DON_GEN	gene_germline	0
OMIM:619575	DON_GEN	gene_germline	0
OMIM:619576	DON_GEN	gene_germline	0
OMIM:619580	DON_GEN	gene_germline	0
OMIM:619582	DON_GEN	gene_germline	0
OMIM:619585	DON_GEN	gene_germline	0
OMIM:619588	DON_GEN	gene_germline	0
OMIM:619593	DON_GEN	gene_germline	0
OMIM:619594	DON_GEN	gene_germline	0
OMIM:619595	DON_GEN	gene_germline	0
OMIM:619598	DON_GEN	gene_germline	0
OMIM:619599	DON_GEN	gene_germline	0
OMIM:619602	DON_GEN	gene_germline	0
OMIM:619603	CHUA_RO	khong_du_nguon	0
OMIM:619605	DON_GEN	gene_germline	0
OMIM:619606	DON_GEN	gene_germline	0
OMIM:619607	DON_GEN	gene_germline	0
OMIM:619608	DON_GEN	gene_germline	0
OMIM:619609	DON_GEN	gene_germline	0
OMIM:619611	DON_GEN	gene_germline	0
OMIM:619613	DON_GEN	gene_germline	0
OMIM:619614	DON_GEN	gene_germline	0
OMIM:619615	DON_GEN	gene_germline	0
OMIM:619616	DON_GEN	gene_germline	0
OMIM:619621	DON_GEN	gene_germline	0
OMIM:619630	DON_GEN	gene_germline	0
OMIM:619632	DON_GEN	gene_germline	0
OMIM:619636	DON_GEN	gene_germline	0
OMIM:619637	DON_GEN	gene_germline	0
OMIM:619638	DON_GEN	gene_germline	0
OMIM:619639	DON_GEN	gene_germline	0
OMIM:619641	DON_GEN	gene_germline	0
OMIM:619643	DON_GEN	gene_germline	0
OMIM:619644	DON_GEN	gene_germline	0
OMIM:619645	DON_GEN	gene_germline	0
OMIM:619646	DON_GEN	gene_germline	0
OMIM:619647	DON_GEN	gene_germline	0
OMIM:619648	DON_GEN	gene_germline	0
OMIM:619649	CNV	ten_benh	0
OMIM:619651	DON_GEN	gene_germline	0
OMIM:619652	DON_GEN	gene_germline	0
OMIM:619653	DON_GEN	gene_germline	0
OMIM:619656	DON_GEN	gene_germline	0
OMIM:619657	DON_GEN	gene_germline	0
OMIM:619658	DON_GEN	gene_germline	0
OMIM:619661	DON_GEN	gene_germline	0
OMIM:619662	DON_GEN	gene_germline	0
OMIM:619665	DON_GEN	gene_germline	0
OMIM:619672	DON_GEN	gene_germline	0
OMIM:619673	DON_GEN	gene_germline	0
OMIM:619680	DON_GEN	gene_germline	0
OMIM:619681	DON_GEN	gene_germline	0
OMIM:619685	DON_GEN	gene_germline	0
OMIM:619686	DON_GEN	gene_germline	0
OMIM:619687	DON_GEN	gene_germline	0
OMIM:619688	DON_GEN	gene_germline	0
OMIM:619689	DON_GEN	gene_germline	0
OMIM:619690	DON_GEN	gene_germline	0
OMIM:619691	DON_GEN	gene_germline	0
OMIM:619692	DON_GEN	gene_germline	0
OMIM:619693	DON_GEN	gene_germline	0
OMIM:619694	DON_GEN	gene_germline	0
OMIM:619695	DON_GEN	gene_germline	0
OMIM:619696	DON_GEN	gene_germline	0
OMIM:619697	DON_GEN	gene_germline	0
OMIM:619698	DON_GEN	gene_germline	0
OMIM:619699	DON_GEN	gene_germline	0
OMIM:619701	CHUA_RO	khong_du_nguon	0
OMIM:619702	DON_GEN	gene_germline	0
OMIM:619705	DON_GEN	gene_germline	0
OMIM:619707	DON_GEN	gene_germline	0
OMIM:619708	DON_GEN	gene_germline	0
OMIM:619712	DON_GEN	gene_germline	0
OMIM:619714	DON_GEN	gene_germline	0
OMIM:619717	DON_GEN	gene_germline	0
OMIM:619718	DON_GEN	gene_germline	0
OMIM:619719	DON_GEN	gene_germline	0
OMIM:619720	DON_GEN	gene_germline	0
OMIM:619721	DON_GEN	gene_germline	0
OMIM:619724	DON_GEN	gene_germline	0
OMIM:619725	DON_GEN	gene_germline	0
OMIM:619727	DON_GEN	gene_germline	0
OMIM:619733	DON_GEN	gene_germline	0
OMIM:619735	DON_GEN	gene_germline	0
OMIM:619736	DON_GEN	gene_germline	0
OMIM:619737	DON_GEN	gene_germline	0
OMIM:619738	DON_GEN	gene_germline	0
OMIM:619742	DON_GEN	gene_germline	0
OMIM:619743	DON_GEN	gene_germline	0
OMIM:619745	DON_GEN	gene_germline	0
OMIM:619747	DON_GEN	gene_germline	0
OMIM:619750	DON_GEN	gene_germline	0
OMIM:619751	DON_GEN	gene_germline	0
OMIM:619752	DON_GEN	gene_germline	0
OMIM:619755	DON_GEN	gene_germline	0
OMIM:619758	DON_GEN	gene_germline	0
OMIM:619759	DON_GEN	gene_germline	0
OMIM:619761	DON_GEN	gene_germline	0
OMIM:619762	DON_GEN	gene_germline	0
OMIM:619764	DON_GEN	gene_germline	0
OMIM:619767	DON_GEN	gene_germline	0
OMIM:619769	DON_GEN	gene_germline	0
OMIM:619773	DON_GEN	gene_germline	0
OMIM:619774	DON_GEN	gene_germline	0
OMIM:619775	DON_GEN	gene_germline	0
OMIM:619777	DON_GEN	gene_germline	0
OMIM:619780	DON_GEN	gene_germline	0
OMIM:619781	DON_GEN	gene_germline	0
OMIM:619783	DON_GEN	gene_germline	0
OMIM:619784	DON_GEN	gene_germline	0
OMIM:619785	DON_GEN	gene_germline	0
OMIM:619786	DON_GEN	gene_germline	0
OMIM:619787	DON_GEN	gene_germline	0
OMIM:619789	DON_GEN	gene_germline	0
OMIM:619790	DON_GEN	gene_germline	0
OMIM:619793	DON_GEN	gene_germline	0
OMIM:619795	DON_GEN	gene_germline	0
OMIM:619797	DON_GEN	gene_germline	0
OMIM:619799	DON_GEN	gene_germline	0
OMIM:619802	DON_GEN	gene_germline	0
OMIM:619803	DON_GEN	gene_germline	0
OMIM:619804	DON_GEN	gene_germline	0
OMIM:619805	DON_GEN	gene_germline	0
OMIM:619806	DON_GEN	gene_germline	0
OMIM:619808	DON_GEN	gene_germline	0
OMIM:619810	DON_GEN	gene_germline	0
OMIM:619813	DON_GEN	gene_germline	0
OMIM:619814	DON_GEN	gene_germline	0
OMIM:619816	DON_GEN	gene_germline	0
OMIM:619817	DON_GEN	gene_germline	0
OMIM:619824	DON_GEN	gene_germline	0
OMIM:619825	DON_GEN	gene_germline	0
OMIM:619826	DON_GEN	gene_germline	0
OMIM:619827	DON_GEN	gene_germline	0
OMIM:619828	DON_GEN	gene_germline	0
OMIM:619831	DON_GEN	gene_germline	0
OMIM:619832	DON_GEN	gene_germline	0
OMIM:619833	DON_GEN	gene_germline	0
OMIM:619834	DON_GEN	gene_germline	0
OMIM:619835	DON_GEN	gene_germline	0
OMIM:619836	DON_GEN	gene_germline	0
OMIM:619840	DON_GEN	gene_germline	0
OMIM:619841	DON_GEN	gene_germline	0
OMIM:619844	DON_GEN	gene_germline	0
OMIM:619845	DON_GEN	gene_germline	0
OMIM:619846	DON_GEN	gene_germline	0
OMIM:619847	DON_GEN	gene_germline	0
OMIM:619849	DON_GEN	gene_germline	0
OMIM:619851	DON_GEN	gene_germline	0
OMIM:619854	DON_GEN	gene_germline	0
OMIM:619855	DON_GEN	gene_germline	0
OMIM:619858	DON_GEN	gene_germline	0
OMIM:619859	DON_GEN	gene_germline	0
OMIM:619862	DON_GEN	gene_germline	0
OMIM:619864	DON_GEN	gene_germline	0
OMIM:619867	DON_GEN	gene_germline	0
OMIM:619868	DON_GEN	gene_germline	0
OMIM:619869	DON_GEN	gene_germline	0
OMIM:619871	DON_GEN	gene_germline	0
OMIM:619872	DON_GEN	gene_germline	0
OMIM:619873	DON_GEN	gene_germline	0
OMIM:619874	DON_GEN	gene_germline	0
OMIM:619876	DON_GEN	gene_germline	0
OMIM:619877	DON_GEN	gene_germline	0
OMIM:619878	DON_GEN	gene_germline	0
OMIM:619879	DON_GEN	gene_germline	0
OMIM:619880	DON_GEN	gene_germline	0
OMIM:619881	DON_GEN	gene_germline	0
OMIM:619884	DON_GEN	gene_germline	0
OMIM:619887	DON_GEN	gene_germline	0
OMIM:619895	DON_GEN	gene_germline	0
OMIM:619897	DON_GEN	gene_germline	0
OMIM:619902	DON_GEN	gene_germline	0
OMIM:619903	DON_GEN	gene_germline	0
OMIM:619908	DON_GEN	gene_germline	0
OMIM:619909	DON_GEN	gene_germline	0
OMIM:619910	DON_GEN	gene_germline	0
OMIM:619911	DON_GEN	gene_germline	0
OMIM:619913	DON_GEN	gene_germline	0
OMIM:619921	DON_GEN	gene_germline	0
OMIM:619922	DON_GEN	gene_germline	0
OMIM:619924	DON_GEN	gene_germline	0
OMIM:619927	DON_GEN	gene_germline	0
OMIM:619931	DON_GEN	gene_germline	0
OMIM:619934	DON_GEN	gene_germline	0
OMIM:619935	DON_GEN	gene_germline	0
OMIM:619937	DON_GEN	gene_germline	0
OMIM:619938	DON_GEN	gene_germline	0
OMIM:619941	DON_GEN	gene_germline	0
OMIM:619947	DON_GEN	gene_germline	0
OMIM:619949	DON_GEN	gene_germline	0
OMIM:619950	DON_GEN	gene_germline	0
OMIM:619951	DON_GEN	gene_germline	0
OMIM:619955	DON_GEN	gene_germline	0
OMIM:619957	DON_GEN	gene_germline	0
OMIM:619959	DON_GEN	gene_germline	0
OMIM:619964	DON_GEN	gene_germline	0
OMIM:619966	DON_GEN	gene_germline	0
OMIM:619967	DON_GEN	gene_germline	0
OMIM:619970	DON_GEN	gene_germline	0
OMIM:619971	DON_GEN	gene_germline	0
OMIM:619972	DON_GEN	gene_germline	0
OMIM:619975	DON_GEN	gene_germline	1
OMIM:619977	DON_GEN	gene_germline	0
OMIM:619980	CHUA_RO	khong_du_nguon	0
OMIM:619981	DON_GEN	gene_germline	0
OMIM:619983	DON_GEN	gene_germline	0
OMIM:619985	DON_GEN	gene_germline	0
OMIM:619986	CHUA_RO	khong_du_nguon	0
OMIM:619988	DON_GEN	gene_germline	0
OMIM:619989	DON_GEN	gene_germline	0
OMIM:619991	DON_GEN	gene_germline	0
OMIM:619995	DON_GEN	gene_germline	0
OMIM:620001	DON_GEN	gene_germline	0
OMIM:620005	DON_GEN	gene_germline	0
OMIM:620007	DON_GEN	gene_germline	0
OMIM:620009	DON_GEN	gene_germline	0
OMIM:620010	DON_GEN	gene_germline	0
OMIM:620011	DON_GEN	gene_germline	0
OMIM:620012	DON_GEN	gene_germline	0
OMIM:620014	DON_GEN	gene_germline	0
OMIM:620015	DON_GEN	gene_germline	0
OMIM:620019	DON_GEN	gene_germline	0
OMIM:620021	DON_GEN	gene_germline	0
OMIM:620022	DON_GEN	gene_germline	0
OMIM:620023	DON_GEN	gene_germline	0
OMIM:620024	DON_GEN	gene_germline	0
OMIM:620025	DON_GEN	gene_germline	0
OMIM:620027	DON_GEN	gene_germline	0
OMIM:620028	DON_GEN	gene_germline	0
OMIM:620029	DON_GEN	gene_germline	0
OMIM:620032	DON_GEN	gene_germline	0
OMIM:620033	DON_GEN	gene_germline	0
OMIM:620038	DON_GEN	gene_germline	0
OMIM:620040	DON_GEN	gene_germline	0
OMIM:620044	DON_GEN	gene_germline	0
OMIM:620045	DON_GEN	gene_germline	0
OMIM:620047	DON_GEN	gene_germline	0
OMIM:620049	DON_GEN	gene_germline	0
OMIM:620056	DON_GEN	gene_germline	0
OMIM:620058	CNV	ten_benh	0
OMIM:620062	DON_GEN	gene_germline	0
OMIM:620065	DON_GEN	gene_germline	0
OMIM:620066	DON_GEN	gene_germline	0
OMIM:620067	DON_GEN	gene_germline	0
OMIM:620068	DON_GEN	gene_germline	0
OMIM:620070	DON_GEN	gene_germline	0
OMIM:620071	DON_GEN	gene_germline	0
OMIM:620072	DON_GEN	gene_germline	0
OMIM:620073	DON_GEN	gene_germline	0
OMIM:620075	DON_GEN	gene_germline	0
OMIM:620076	DON_GEN	gene_germline	0
OMIM:620080	DON_GEN	gene_germline	0
OMIM:620083	DON_GEN	gene_germline	0
OMIM:620084	DON_GEN	gene_germline	0
OMIM:620085	DON_GEN	gene_germline	0
OMIM:620086	DON_GEN	gene_germline	0
OMIM:620089	DON_GEN	gene_germline	0
OMIM:620094	DON_GEN	gene_germline	0
OMIM:620098	DON_GEN	gene_germline	0
OMIM:620099	DON_GEN	gene_germline	0
OMIM:620102	DON_GEN	gene_germline	0
OMIM:620103	DON_GEN	gene_germline	0
OMIM:620104	DON_GEN	gene_germline	0
OMIM:620106	DON_GEN	gene_germline	0
OMIM:620107	DON_GEN	gene_germline	0
OMIM:620111	DON_GEN	gene_germline	0
OMIM:620113	DON_GEN	gene_germline	0
OMIM:620114	DON_GEN	gene_germline	0
OMIM:620115	DON_GEN	gene_germline	0
OMIM:620121	CHUA_RO	khong_du_nguon	0
OMIM:620125	DON_GEN	gene_germline	0
OMIM:620126	DON_GEN	gene_germline	0
OMIM:620133	DON_GEN	gene_germline	0
OMIM:620135	DON_GEN	gene_germline	0
OMIM:620137	DON_GEN	gene_germline	0
OMIM:620138	DON_GEN	gene_germline	0
OMIM:620139	DON_GEN	gene_germline	0
OMIM:620141	DON_GEN	gene_germline	0
OMIM:620145	DON_GEN	gene_germline	0
OMIM:620148	DON_GEN	gene_germline	0
OMIM:620149	DON_GEN	gene_germline	0
OMIM:620150	DON_GEN	gene_germline	0
OMIM:620151	DON_GEN	gene_germline	0
OMIM:620152	DON_GEN	gene_germline	0
OMIM:620153	DON_GEN	gene_germline	1
OMIM:620154	DON_GEN	gene_germline	0
OMIM:620155	DON_GEN	gene_germline	0
OMIM:620156	DON_GEN	gene_germline	0
OMIM:620157	DON_GEN	gene_germline	0
OMIM:620158	DON_GEN	gene_germline	0
OMIM:620161	DON_GEN	gene_germline	0
OMIM:620166	DON_GEN	gene_germline	0
OMIM:620167	DON_GEN	gene_germline	0
OMIM:620170	DON_GEN	gene_germline	0
OMIM:620173	DON_GEN	gene_germline	0
OMIM:620174	DON_GEN	gene_germline	0
OMIM:620177	DON_GEN	gene_germline	0
OMIM:620183	DON_GEN	gene_germline	0
OMIM:620184	DON_GEN	gene_germline	0
OMIM:620185	DON_GEN	gene_germline	0
OMIM:620186	DON_GEN	gene_germline	0
OMIM:620189	DON_GEN	gene_germline	1
OMIM:620191	DON_GEN	gene_germline	0
OMIM:620192	DON_GEN	gene_germline	0
OMIM:620193	DON_GEN	gene_germline	0
OMIM:620194	DON_GEN	gene_germline	0
OMIM:620195	CHUA_RO	khong_du_nguon	0
OMIM:620196	DON_GEN	gene_germline	0
OMIM:620197	DON_GEN	gene_germline	0
OMIM:620198	DON_GEN	gene_germline	0
OMIM:620199	DON_GEN	gene_germline	0
OMIM:620200	DON_GEN	gene_germline	0
OMIM:620201	DON_GEN	gene_germline	0
OMIM:620203	DON_GEN	gene_germline	0
OMIM:620208	DON_GEN	gene_germline	0
OMIM:620210	DON_GEN	gene_germline	0
OMIM:620211	DON_GEN	gene_germline	0
OMIM:620221	DON_GEN	gene_germline	0
OMIM:620222	DON_GEN	gene_germline	0
OMIM:620224	DON_GEN	gene_germline	0
OMIM:620227	DON_GEN	gene_germline	0
OMIM:620228	DON_GEN	gene_germline	0
OMIM:620231	DON_GEN	gene_germline	0
OMIM:620232	DON_GEN	gene_germline	1
OMIM:620233	DON_GEN	gene_germline	0
OMIM:620235	CHUA_RO	khong_du_nguon	0
OMIM:620236	DON_GEN	gene_germline	0
OMIM:620237	DON_GEN	gene_germline	0
OMIM:620238	DON_GEN	gene_germline	0
OMIM:620240	DON_GEN	gene_germline	0
OMIM:620241	CHUA_RO	khong_du_nguon	0
OMIM:620242	DON_GEN	gene_germline	0
OMIM:620243	DON_GEN	gene_germline	0
OMIM:620244	DON_GEN	gene_germline	0
OMIM:620245	DON_GEN	gene_germline	0
OMIM:620246	DON_GEN	gene_germline	0
OMIM:620247	DON_GEN	gene_germline	0
OMIM:620249	DON_GEN	gene_germline	0
OMIM:620250	DON_GEN	gene_germline	0
OMIM:620253	DON_GEN	gene_germline	0
OMIM:620265	DON_GEN	gene_germline	0
OMIM:620269	DON_GEN	gene_germline	0
OMIM:620270	DON_GEN	gene_germline	0
OMIM:620275	DON_GEN	gene_germline	0
OMIM:620276	DON_GEN	gene_germline	0
OMIM:620277	DON_GEN	gene_germline	0
OMIM:620278	DON_GEN	gene_germline	0
OMIM:620280	DON_GEN	gene_germline	0
OMIM:620281	DON_GEN	gene_germline	0
OMIM:620282	DON_GEN	gene_germline	0
OMIM:620283	DON_GEN	gene_germline	0
OMIM:620284	DON_GEN	gene_germline	0
OMIM:620285	DON_GEN	gene_germline	0
OMIM:620286	DON_GEN	gene_germline	0
OMIM:620292	DON_GEN	gene_germline	0
OMIM:620294	DON_GEN	gene_germline	0
OMIM:620296	DON_GEN	gene_germline	0
OMIM:620300	DON_GEN	gene_germline	0
OMIM:620303	DON_GEN	gene_germline	0
OMIM:620305	DON_GEN	gene_germline	0
OMIM:620306	DON_GEN	gene_germline	0
OMIM:620310	DON_GEN	gene_germline	0
OMIM:620311	DON_GEN	gene_germline	0
OMIM:620312	DON_GEN	gene_germline	0
OMIM:620313	DON_GEN	gene_germline	0
OMIM:620314	DON_GEN	gene_germline	0
OMIM:620315	DON_GEN	gene_germline	0
OMIM:620316	DON_GEN	gene_germline	0
OMIM:620317	DON_GEN	gene_germline	0
OMIM:620319	DON_GEN	gene_germline	0
OMIM:620320	DON_GEN	gene_germline	0
OMIM:620321	DON_GEN	gene_germline	0
OMIM:620322	DON_GEN	gene_germline	0
OMIM:620323	DON_GEN	gene_germline	0
OMIM:620326	DON_GEN	gene_germline	0
OMIM:620327	DON_GEN	gene_germline	0
OMIM:620330	DON_GEN	gene_germline	0
OMIM:620331	DON_GEN	gene_germline	0
OMIM:620332	DON_GEN	gene_germline	0
OMIM:620333	DON_GEN	gene_germline	0
OMIM:620342	DON_GEN	gene_germline	0
OMIM:620343	DON_GEN	gene_germline	0
OMIM:620344	DON_GEN	gene_germline	0
OMIM:620351	DON_GEN	gene_germline	0
OMIM:620352	DON_GEN	gene_germline	0
OMIM:620353	DON_GEN	gene_germline	0
OMIM:620354	DON_GEN	gene_germline	0
OMIM:620356	DON_GEN	gene_germline	0
OMIM:620357	DON_GEN	gene_germline	0
OMIM:620358	DON_GEN	gene_germline	0
OMIM:620359	DON_GEN	gene_germline	0
OMIM:620364	DON_GEN	gene_germline	0
OMIM:620365	DON_GEN	gene_germline	0
OMIM:620366	DON_GEN	gene_germline	0
OMIM:620367	DON_GEN	gene_germline	0
OMIM:620368	DON_GEN	gene_germline	0
OMIM:620369	DON_GEN	gene_germline	0
OMIM:620370	DON_GEN	gene_germline	0
OMIM:620371	DON_GEN	gene_germline	0
OMIM:620372	DON_GEN	gene_germline	0
OMIM:620374	DON_GEN	gene_germline	0
OMIM:620375	DON_GEN	gene_germline	0
OMIM:620376	DON_GEN	gene_germline	0
OMIM:620378	CHUA_RO	khong_du_nguon	0
OMIM:620379	DON_GEN	gene_germline	0
OMIM:620383	DON_GEN	gene_germline	0
OMIM:620384	DON_GEN	gene_germline	0
OMIM:620386	DON_GEN	gene_germline	0
OMIM:620389	DON_GEN	gene_germline	0
OMIM:620393	DON_GEN	gene_germline	0
OMIM:620398	DON_GEN	gene_germline	0
OMIM:620400	DON_GEN	gene_germline	0
OMIM:620401	DON_GEN	gene_germline	0
OMIM:620402	DON_GEN	gene_germline	0
OMIM:620409	DON_GEN	gene_germline	0
OMIM:620411	DON_GEN	gene_germline	0
OMIM:620415	DON_GEN	gene_germline	0
OMIM:620416	DON_GEN	gene_germline	0
OMIM:620417	DON_GEN	gene_germline	0
OMIM:620422	DON_GEN	gene_germline	0
OMIM:620423	DON_GEN	gene_germline	0
OMIM:620425	DON_GEN	gene_germline	0
OMIM:620427	DON_GEN	gene_germline	0
OMIM:620428	DON_GEN	gene_germline	0
OMIM:620430	DON_GEN	gene_germline	0
OMIM:620438	DON_GEN	gene_germline	0
OMIM:620439	DON_GEN	gene_germline	0
OMIM:620442	CHUA_RO	khong_du_nguon	0
OMIM:620443	DON_GEN	gene_germline	0
OMIM:620444	DON_GEN	gene_germline	0
OMIM:620445	DON_GEN	gene_germline	0
OMIM:620447	DON_GEN	gene_germline	0
OMIM:620448	DON_GEN	gene_germline	0
OMIM:620449	DON_GEN	gene_germline	0
OMIM:620450	DON_GEN	gene_germline	0
OMIM:620451	DON_GEN	gene_germline	0
OMIM:620452	DON_GEN	gene_germline	0
OMIM:620453	DON_GEN	gene_germline	0
OMIM:620454	CHUA_RO	khong_du_nguon	0
OMIM:620455	DON_GEN	gene_germline	0
OMIM:620456	DON_GEN	gene_germline	0
OMIM:620457	DON_GEN	gene_germline	0
OMIM:620458	DON_GEN	gene_germline	0
OMIM:620459	DON_GEN	gene_germline	0
OMIM:620460	DON_GEN	gene_germline	0
OMIM:620461	CHUA_RO	khong_du_nguon	0
OMIM:620462	DON_GEN	gene_germline	0
OMIM:620465	DON_GEN	gene_germline	0
OMIM:620469	DON_GEN	gene_germline	0
OMIM:620470	DON_GEN	gene_germline	0
OMIM:620475	DON_GEN	gene_germline	0
OMIM:620478	DON_GEN	gene_germline	0
OMIM:620481	DON_GEN	gene_germline	0
OMIM:620482	DON_GEN	gene_germline	0
OMIM:620483	DON_GEN	gene_germline	0
OMIM:620484	DON_GEN	gene_germline	0
OMIM:620486	DON_GEN	gene_germline	0
OMIM:620489	DON_GEN	gene_germline	0
OMIM:620490	DON_GEN	gene_germline	0
OMIM:620494	DON_GEN	gene_germline	0
OMIM:620499	DON_GEN	gene_germline	0
OMIM:620500	DON_GEN	gene_germline	0
OMIM:620501	DON_GEN	gene_germline	0
OMIM:620502	DON_GEN	gene_germline	0
OMIM:620504	DON_GEN	gene_germline	0
OMIM:620507	DON_GEN	gene_germline	0
OMIM:620510	DON_GEN	gene_germline	0
OMIM:620511	DON_GEN	gene_germline	0
OMIM:620512	DON_GEN	gene_germline	0
OMIM:620514	DON_GEN	gene_germline	0
OMIM:620515	DON_GEN	gene_germline	0
OMIM:620519	DON_GEN	gene_germline	0
OMIM:620528	DON_GEN	gene_germline	0
OMIM:620532	DON_GEN	gene_germline	0
OMIM:620534	DON_GEN	gene_germline	0
OMIM:620535	CHUA_RO	khong_du_nguon	0
OMIM:620536	DON_GEN	gene_germline	0
OMIM:620537	DON_GEN	gene_germline	0
OMIM:620538	DON_GEN	gene_germline	0
OMIM:620540	DON_GEN	gene_germline	0
OMIM:620542	DON_GEN	gene_germline	0
OMIM:620545	DON_GEN	gene_germline	0
OMIM:620546	DON_GEN	gene_germline	0
OMIM:620547	DON_GEN	gene_germline	0
OMIM:620548	DON_GEN	gene_germline	0
OMIM:620550	DON_GEN	gene_germline	0
OMIM:620551	DON_GEN	gene_germline	0
OMIM:620558	DON_GEN	gene_germline	0
OMIM:620565	DON_GEN	gene_germline	0
OMIM:620568	DON_GEN	gene_germline	0
OMIM:620569	DON_GEN	gene_germline	0
OMIM:620570	DON_GEN	gene_germline	0
OMIM:620576	DON_GEN	gene_germline	0
OMIM:620583	DON_GEN	gene_germline	0
OMIM:620601	DON_GEN	gene_germline	0
OMIM:620602	DON_GEN	gene_germline	0
OMIM:620603	DON_GEN	gene_germline	0
OMIM:620606	DON_GEN	gene_germline	0
OMIM:620607	DON_GEN	gene_germline	0
OMIM:620609	DON_GEN	gene_germline	0
OMIM:620610	DON_GEN	gene_germline	0
OMIM:620629	DON_GEN	gene_germline	0
OMIM:620632	DON_GEN	gene_germline	0
OMIM:620635	DON_GEN	gene_germline	0
OMIM:620636	DON_GEN	gene_germline	0
OMIM:620639	DON_GEN	gene_germline	0
OMIM:620641	DON_GEN	gene_germline	0
OMIM:620642	DON_GEN	gene_germline	0
OMIM:620646	DON_GEN	gene_germline	0
OMIM:620647	DON_GEN	gene_germline	0
OMIM:620651	DON_GEN	gene_germline	0
OMIM:620653	DON_GEN	gene_germline	0
OMIM:620654	DON_GEN	gene_germline	0
OMIM:620655	DON_GEN	gene_germline	0
OMIM:620657	DON_GEN	gene_germline	0
OMIM:620658	DON_GEN	gene_germline	0
OMIM:620659	DON_GEN	gene_germline	0
OMIM:620662	DON_GEN	gene_germline	0
OMIM:620663	DON_GEN	gene_germline	0
OMIM:620666	DON_GEN	gene_germline	0
OMIM:620668	DON_GEN	gene_germline	0
OMIM:620669	DON_GEN	gene_germline	0
OMIM:620670	DON_GEN	gene_germline	0
OMIM:620674	DON_GEN	gene_germline	0
OMIM:620675	DON_GEN	gene_germline	0
OMIM:620679	DON_GEN	gene_germline	0
OMIM:620680	DON_GEN	gene_germline	0
OMIM:620681	DON_GEN	gene_germline	0
OMIM:620683	DON_GEN	gene_germline	0
OMIM:620686	DON_GEN	gene_germline	0
OMIM:620687	DON_GEN	gene_germline	0
OMIM:620688	DON_GEN	gene_germline	0
OMIM:620690	DON_GEN	gene_germline	0
OMIM:620698	DON_GEN	gene_germline	0
OMIM:620699	DON_GEN	gene_germline	0
OMIM:620700	DON_GEN	gene_germline	0
OMIM:620703	DON_GEN	gene_germline	0
OMIM:620704	DON_GEN	gene_germline	0
OMIM:620705	DON_GEN	gene_germline	0
OMIM:620707	DON_GEN	gene_germline	0
OMIM:620711	DON_GEN	gene_germline	0
OMIM:620712	DON_GEN	gene_germline	0
OMIM:620714	DON_GEN	gene_germline	0
OMIM:620715	DON_GEN	gene_germline	0
OMIM:620718	DON_GEN	gene_germline	0
OMIM:620719	DON_GEN	gene_germline	0
OMIM:620722	DON_GEN	gene_germline	0
OMIM:620725	DON_GEN	gene_germline	0
OMIM:620726	DON_GEN	gene_germline	0
OMIM:620727	DON_GEN	gene_germline	0
OMIM:620728	DON_GEN	gene_germline	0
OMIM:620729	DON_GEN	gene_germline	0
OMIM:620730	CHUA_RO	khong_du_nguon	0
OMIM:620731	DON_GEN	gene_germline	0
OMIM:620732	DON_GEN	gene_germline	0
OMIM:620734	DON_GEN	gene_germline	0
OMIM:620744	DON_GEN	gene_germline	0
OMIM:620745	DON_GEN	gene_germline	0
OMIM:620746	DON_GEN	gene_germline	0
OMIM:620747	DON_GEN	gene_germline	0
OMIM:620748	DON_GEN	gene_germline	0
OMIM:620755	DON_GEN	gene_germline	0
OMIM:620757	DON_GEN	gene_germline	0
OMIM:620762	DON_GEN	gene_germline	0
OMIM:620763	DON_GEN	gene_germline	0
OMIM:620767	DON_GEN	gene_germline	0
OMIM:620771	DON_GEN	gene_germline	0
OMIM:620772	DON_GEN	gene_germline	0
OMIM:620774	DON_GEN	gene_germline	0
OMIM:620775	DON_GEN	gene_germline	0
OMIM:620776	DON_GEN	gene_germline	0
OMIM:620777	DON_GEN	gene_germline	0
OMIM:620779	DON_GEN	gene_germline	0
OMIM:620780	DON_GEN	gene_germline	0
OMIM:620782	DON_GEN	gene_germline	0
OMIM:620783	DON_GEN	gene_germline	0
OMIM:620784	DON_GEN	gene_germline	0
OMIM:620785	DON_GEN	gene_germline	0
OMIM:620786	DON_GEN	gene_germline	0
OMIM:620789	DON_GEN	gene_germline	0
OMIM:620790	DON_GEN	gene_germline	0
OMIM:620792	DON_GEN	gene_germline	0
OMIM:620793	DON_GEN	gene_germline	0
OMIM:620794	DON_GEN	gene_germline	0
OMIM:620795	DON_GEN	gene_germline	0
OMIM:620796	DON_GEN	gene_germline	0
OMIM:620806	DON_GEN	gene_germline	0
OMIM:620807	CHUA_RO	khong_du_nguon	0
OMIM:620813	DON_GEN	gene_germline	0
OMIM:620814	DON_GEN	gene_germline	0
OMIM:620815	DON_GEN	gene_germline	0
OMIM:620816	DON_GEN	gene_germline	0
OMIM:620817	DON_GEN	gene_germline	0
OMIM:620818	DON_GEN	gene_germline	0
OMIM:620819	DON_GEN	gene_germline	0
OMIM:620820	DON_GEN	gene_germline	0
OMIM:620825	DON_GEN	gene_germline	0
OMIM:620830	DON_GEN	gene_germline	0
OMIM:620836	DON_GEN	gene_germline	0
OMIM:620838	DON_GEN	gene_germline	0
OMIM:620840	DON_GEN	gene_germline	0
OMIM:620848	DON_GEN	gene_germline	0
OMIM:620849	DON_GEN	gene_germline	0
OMIM:620850	DON_GEN	gene_germline	0
OMIM:620851	DON_GEN	gene_germline	0
OMIM:620852	DON_GEN	gene_germline	0
OMIM:620854	DON_GEN	gene_germline	0
OMIM:620865	DON_GEN	gene_germline	0
OMIM:620869	DON_GEN	gene_germline	0
OMIM:620877	DON_GEN	gene_germline	0
OMIM:620880	DON_GEN	gene_germline	0
OMIM:620887	DON_GEN	gene_germline	0
OMIM:620888	DON_GEN	gene_germline	0
OMIM:620894	DON_GEN	gene_germline	0
OMIM:620897	DON_GEN	gene_germline	0
OMIM:620901	DON_GEN	gene_germline	0
OMIM:620903	DON_GEN	gene_germline	0
OMIM:620908	DON_GEN	gene_germline	0
OMIM:620910	DON_GEN	gene_germline	0
OMIM:620911	CHUA_RO	khong_du_nguon	0
OMIM:620917	DON_GEN	gene_germline	0
OMIM:620923	CHUA_RO	khong_du_nguon	0
OMIM:620926	DON_GEN	gene_germline	0
OMIM:620931	DON_GEN	gene_germline	0
OMIM:620937	DON_GEN	gene_germline	0
OMIM:620938	DON_GEN	gene_germline	0
OMIM:620939	DON_GEN	gene_germline	0
OMIM:620940	DON_GEN	gene_germline	0
OMIM:620943	DON_GEN	gene_germline	0
OMIM:620947	DON_GEN	gene_germline	0
OMIM:620950	DON_GEN	gene_germline	0
OMIM:620952	DON_GEN	gene_germline	0
OMIM:620953	DON_GEN	gene_germline	0
OMIM:620958	DON_GEN	gene_germline	0
OMIM:620960	CHUA_RO	khong_du_nguon	0
OMIM:620962	DON_GEN	gene_germline	0
OMIM:620964	DON_GEN	gene_germline	0
OMIM:620968	DON_GEN	gene_germline	0
OMIM:620969	DON_GEN	gene_germline	0
OMIM:620971	DON_GEN	gene_germline	0
OMIM:620977	DON_GEN	gene_germline	0
OMIM:620978	DON_GEN	gene_germline	0
OMIM:620983	DON_GEN	gene_germline	0
OMIM:620984	DON_GEN	gene_germline	0
OMIM:620985	DON_GEN	gene_germline	0
OMIM:620987	DON_GEN	gene_germline	0
OMIM:620988	DON_GEN	gene_germline	0
OMIM:620990	CHUA_RO	khong_du_nguon	0
OMIM:620991	DON_GEN	gene_germline	0
OMIM:620996	DON_GEN	gene_germline	0
OMIM:620999	DON_GEN	gene_germline	0
OMIM:621001	DON_GEN	gene_germline	0
OMIM:621002	DON_GEN	gene_germline	0
OMIM:621004	DON_GEN	gene_germline	0
OMIM:621010	DON_GEN	gene_germline	0
OMIM:621012	DON_GEN	gene_germline	0
OMIM:621016	DON_GEN	gene_germline	0
OMIM:621018	DON_GEN	gene_germline	0
OMIM:621021	DON_GEN	gene_germline	0
OMIM:621030	DON_GEN	gene_germline	0
OMIM:621032	DON_GEN	gene_germline	0
OMIM:621034	DON_GEN	gene_germline	0
OMIM:621049	DON_GEN	gene_germline	0
OMIM:621056	DON_GEN	gene_germline	0
OMIM:621057	DON_GEN	gene_germline	0
OMIM:621060	DON_GEN	gene_germline	0
OMIM:621063	DON_GEN	gene_germline	0
OMIM:621065	DON_GEN	gene_germline	0
OMIM:621067	DON_GEN	gene_germline	0
OMIM:621068	DON_GEN	gene_germline	0
OMIM:621071	DON_GEN	gene_germline	0
OMIM:621078	DON_GEN	gene_germline	0
OMIM:621079	DON_GEN	gene_germline	0
OMIM:621080	DON_GEN	gene_germline	0
OMIM:621091	DON_GEN	gene_germline	0
OMIM:621093	DON_GEN	gene_germline	0
OMIM:621094	DON_GEN	gene_germline	0
OMIM:621095	DON_GEN	gene_germline	0
OMIM:621096	DON_GEN	gene_germline	0
OMIM:621097	DON_GEN	gene_germline	0
OMIM:621099	DON_GEN	gene_germline	0
OMIM:621100	DON_GEN	gene_germline	0
OMIM:621101	DON_GEN	gene_germline	0
OMIM:621102	DON_GEN	gene_germline	0
OMIM:621106	DON_GEN	gene_germline	0
OMIM:621122	DON_GEN	gene_germline	0
OMIM:621123	DON_GEN	gene_germline	0
OMIM:621124	DON_GEN	gene_germline	0
OMIM:621125	DON_GEN	gene_germline	0
OMIM:621129	DON_GEN	gene_germline	0
OMIM:621130	DON_GEN	gene_germline	0
OMIM:621140	DON_GEN	gene_germline	0
OMIM:621150	CHUA_RO	khong_du_nguon	0
OMIM:621152	DON_GEN	gene_germline	0
OMIM:621154	DON_GEN	gene_germline	0
OMIM:621160	DON_GEN	gene_germline	0
OMIM:621164	CHUA_RO	khong_du_nguon	0
OMIM:621169	DON_GEN	gene_germline	0
OMIM:621170	DON_GEN	gene_germline	0
OMIM:621179	DON_GEN	gene_germline	0
OMIM:621180	DON_GEN	gene_germline	0
OMIM:621182	DON_GEN	gene_germline	0
OMIM:621184	DON_GEN	gene_germline	0
OMIM:621185	DON_GEN	gene_germline	0
OMIM:621191	DON_GEN	gene_germline	0
OMIM:621192	DON_GEN	gene_germline	0
OMIM:621194	CHUA_RO	khong_du_nguon	0
OMIM:621195	CHUA_RO	khong_du_nguon	0
OMIM:621196	DON_GEN	gene_germline	0
OMIM:621199	DON_GEN	gene_germline	0
OMIM:621201	DON_GEN	gene_germline	0
OMIM:621209	DON_GEN	gene_germline	0
OMIM:621212	DON_GEN	gene_germline	0
OMIM:621214	DON_GEN	gene_germline	0
OMIM:621220	DON_GEN	gene_germline	0
OMIM:621224	DON_GEN	gene_germline	0
OMIM:621225	DON_GEN	gene_germline	0
OMIM:621226	DON_GEN	gene_germline	0
OMIM:621231	DON_GEN	gene_germline	0
OMIM:621232	DON_GEN	gene_germline	0
OMIM:621233	DON_GEN	gene_germline	0
OMIM:621234	DON_GEN	gene_germline	0
OMIM:621235	DON_GEN	gene_germline	0
OMIM:621236	CHUA_RO	khong_du_nguon	0
OMIM:621237	DON_GEN	gene_germline	0
OMIM:621248	DON_GEN	gene_germline	0
OMIM:621250	DON_GEN	gene_germline	0
OMIM:621251	DON_GEN	gene_germline	0
OMIM:621252	DON_GEN	gene_germline	0
OMIM:621254	DON_GEN	gene_germline	0
OMIM:621258	DON_GEN	gene_germline	0
OMIM:621259	DON_GEN	gene_germline	0
OMIM:621260	DON_GEN	gene_germline	0
OMIM:621261	DON_GEN	gene_germline	0
OMIM:621262	DON_GEN	gene_germline	0
OMIM:621263	DON_GEN	gene_germline	0
OMIM:621265	DON_GEN	gene_germline	0
OMIM:621268	DON_GEN	gene_germline	0
OMIM:621269	DON_GEN	gene_germline	0
OMIM:621270	DON_GEN	gene_germline	0
OMIM:621277	DON_GEN	gene_germline	0
OMIM:621280	DON_GEN	gene_germline	0
OMIM:621285	DON_GEN	gene_germline	0
OMIM:621295	DON_GEN	gene_germline	0
OMIM:621302	DON_GEN	gene_germline	0
OMIM:621304	DON_GEN	gene_germline	0
OMIM:621307	DON_GEN	gene_germline	0
OMIM:621311	DON_GEN	gene_germline	0
OMIM:621313	DON_GEN	gene_germline	0
OMIM:621314	DON_GEN	gene_germline	0
OMIM:621325	DON_GEN	gene_germline	0
OMIM:621328	DON_GEN	gene_germline	0
OMIM:621331	DON_GEN	gene_germline	0
OMIM:621332	DON_GEN	gene_germline	1
OMIM:621333	DON_GEN	gene_germline	0
OMIM:621336	DON_GEN	gene_germline	0
OMIM:621337	DON_GEN	gene_germline	0
OMIM:621343	DON_GEN	gene_germline	0
OMIM:621344	DON_GEN	gene_germline	0
OMIM:621345	DON_GEN	gene_germline	0
OMIM:621354	DON_GEN	gene_germline	0
OMIM:621367	DON_GEN	gene_germline	0
OMIM:621369	DON_GEN	gene_germline	0
OMIM:621371	DON_GEN	gene_germline	0
OMIM:621372	DON_GEN	gene_germline	0
OMIM:621373	DON_GEN	gene_germline	0
OMIM:621375	DON_GEN	gene_germline	0
OMIM:621377	DON_GEN	gene_germline	0
OMIM:621379	DON_GEN	gene_germline	0
OMIM:621381	DON_GEN	gene_germline	0
OMIM:621382	DON_GEN	gene_germline	0
OMIM:621384	DON_GEN	gene_germline	0
OMIM:621386	DON_GEN	gene_germline	0
OMIM:621387	DON_GEN	gene_germline	0
OMIM:621390	DON_GEN	gene_germline	0
OMIM:621393	DON_GEN	gene_germline	0
OMIM:621394	DON_GEN	gene_germline	0
OMIM:621400	DON_GEN	gene_germline	0
OMIM:621402	DON_GEN	gene_germline	0
OMIM:621405	DON_GEN	gene_germline	0
OMIM:621407	CHUA_RO	khong_du_nguon	0
OMIM:621409	DON_GEN	gene_germline	0
OMIM:621414	DON_GEN	gene_germline	0
OMIM:621415	DON_GEN	gene_germline	0
OMIM:621417	DON_GEN	gene_germline	0
OMIM:621421	DON_GEN	gene_germline	0
OMIM:621424	DON_GEN	gene_germline	0
OMIM:621428	CHUA_RO	khong_du_nguon	0
OMIM:621431	DON_GEN	gene_germline	0
OMIM:621433	DON_GEN	gene_germline	0
OMIM:621434	DON_GEN	gene_germline	0
OMIM:621435	DON_GEN	gene_germline	0
OMIM:621436	DON_GEN	gene_germline	0
OMIM:621439	DON_GEN	gene_germline	0
OMIM:621440	DON_GEN	gene_germline	0
OMIM:621446	DON_GEN	gene_germline	0
OMIM:621449	DON_GEN	gene_germline	0
OMIM:621452	DON_GEN	gene_germline	0
OMIM:621455	DON_GEN	gene_germline	0
OMIM:621456	DON_GEN	gene_germline	0
OMIM:621457	DON_GEN	gene_germline	0
OMIM:621460	DON_GEN	gene_germline	0
OMIM:621466	DON_GEN	gene_germline	0
OMIM:621468	DON_GEN	gene_germline	0
OMIM:621469	DON_GEN	gene_germline	0
OMIM:621471	DON_GEN	gene_germline	0
OMIM:621474	DON_GEN	gene_germline	0
OMIM:621475	DON_GEN	gene_germline	0
OMIM:621481	DON_GEN	gene_germline	0
OMIM:621482	DON_GEN	gene_germline	0
OMIM:621485	DON_GEN	gene_germline	0
OMIM:621487	DON_GEN	gene_germline	0
OMIM:621488	DON_GEN	gene_germline	0
OMIM:621490	DON_GEN	gene_germline	0
OMIM:621495	DON_GEN	gene_germline	0
OMIM:621499	DON_GEN	gene_germline	0
OMIM:621500	DON_GEN	gene_germline	0
OMIM:621502	CHUA_RO	khong_du_nguon	0
OMIM:621506	DON_GEN	gene_germline	0
OMIM:621507	DON_GEN	gene_germline	0
OMIM:621512	DON_GEN	gene_germline	0
OMIM:621523	DON_GEN	gene_germline	0
OMIM:621528	DON_GEN	gene_germline	0
OMIM:621533	DON_GEN	gene_germline	0
OMIM:621535	DON_GEN	gene_germline	0
OMIM:621539	DON_GEN	gene_germline	0
OMIM:621548	DON_GEN	gene_germline	0
OMIM:621552	DON_GEN	gene_germline	0
OMIM:621566	DON_GEN	gene_germline	0
OMIM:621567	DON_GEN	gene_germline	0
OMIM:621570	DON_GEN	gene_germline	0
OMIM:621585	DON_GEN	gene_germline	0
OMIM:621595	DON_GEN	gene_germline	0
OMIM:621600	DON_GEN	gene_germline	0
OMIM:621608	DON_GEN	gene_germline	0
ORPHA:10	NST	ten_benh	0
ORPHA:100	DON_GEN	gene_germline	0
ORPHA:1000	CHUA_RO	khong_du_nguon	0
ORPHA:100006	DON_GEN	gene_germline	0
ORPHA:100008	DON_GEN	gene_germline	0
ORPHA:100024	CHUA_RO	khong_du_nguon	0
ORPHA:100025	CHUA_RO	khong_du_nguon	0
ORPHA:100026	CHUA_RO	khong_du_nguon	0
ORPHA:100050	DON_GEN	gene_germline	0
ORPHA:100057	CHUA_RO	khong_du_nguon	0
ORPHA:100069	DON_GEN	gene_germline	0
ORPHA:100070	DON_GEN	gene_germline	0
ORPHA:100071	NST	mondo_aneuploidy	0
ORPHA:100073	CHUA_RO	khong_du_nguon	0
ORPHA:100075	CHUA_RO	khong_du_nguon	0
ORPHA:100078	CHUA_RO	khong_du_nguon	0
ORPHA:100079	CHUA_RO	khong_du_nguon	0
ORPHA:100080	CHUA_RO	khong_du_nguon	0
ORPHA:100081	CHUA_RO	khong_du_nguon	0
ORPHA:100082	CHUA_RO	khong_du_nguon	0
ORPHA:100083	CHUA_RO	khong_du_nguon	0
ORPHA:100084	CHUA_RO	khong_du_nguon	0
ORPHA:100085	CHUA_RO	khong_du_nguon	0
ORPHA:100086	CHUA_RO	khong_du_nguon	0
ORPHA:100093	CHUA_RO	khong_du_nguon	0
ORPHA:1001	CNV	mondo_partial_del_dup	1
ORPHA:1003	CHUA_RO	khong_du_nguon	0
ORPHA:1005	CHUA_RO	khong_du_nguon	0
ORPHA:1006	CHUA_RO	khong_du_nguon	0
ORPHA:1008	CHUA_RO	khong_du_nguon	0
ORPHA:100924	DON_GEN	gene_germline	0
ORPHA:100973	DON_GEN	gene_germline	0
ORPHA:100974	DON_GEN	gene_germline	0
ORPHA:100976	DON_GEN	gene_germline	0
ORPHA:100984	DON_GEN	gene_germline	0
ORPHA:100985	DON_GEN	gene_germline	0
ORPHA:100986	DON_GEN	gene_germline	0
ORPHA:100988	DON_GEN	gene_germline	0
ORPHA:100989	DON_GEN	gene_germline	0
ORPHA:100991	DON_GEN	gene_germline	0
ORPHA:100993	DON_GEN	gene_germline	0
ORPHA:100994	DON_GEN	gene_germline	0
ORPHA:100995	DON_GEN	gene_germline	0
ORPHA:100996	DON_GEN	gene_germline	0
ORPHA:100997	DON_GEN	gene_germline	0
ORPHA:100998	DON_GEN	gene_germline	0
ORPHA:100999	DON_GEN	gene_germline	0
ORPHA:101	DON_GEN	gene_germline	0
ORPHA:1010	DON_GEN	gene_germline	0
ORPHA:101000	DON_GEN	gene_germline	0
ORPHA:101001	DON_GEN	gene_germline	0
ORPHA:101003	DON_GEN	gene_germline	0
ORPHA:101004	DON_GEN	gene_germline	0
ORPHA:101005	DON_GEN	gene_germline	0
ORPHA:101006	DON_GEN	gene_germline	0
ORPHA:101007	DON_GEN	gene_germline	0
ORPHA:101008	DON_GEN	gene_germline	0
ORPHA:101009	DON_GEN	gene_germline	0
ORPHA:101010	DON_GEN	gene_germline	0
ORPHA:101011	DON_GEN	gene_germline	0
ORPHA:101016	DON_GEN	gene_germline	0
ORPHA:101023	CHUA_RO	khong_du_nguon	0
ORPHA:101028	DON_GEN	gene_germline	0
ORPHA:101029	CHUA_RO	khong_du_nguon	0
ORPHA:101030	CHUA_RO	khong_du_nguon	0
ORPHA:101041	DON_GEN	gene_germline	0
ORPHA:101046	DON_GEN	gene_germline	0
ORPHA:101070	DON_GEN	gene_germline	0
ORPHA:101071	CHUA_RO	khong_du_nguon	0
ORPHA:101075	DON_GEN	gene_germline	0
ORPHA:101076	CHUA_RO	khong_du_nguon	0
ORPHA:101077	CHUA_RO	khong_du_nguon	0
ORPHA:101078	DON_GEN	gene_germline	0
ORPHA:101081	CNV	mondo_partial_del_dup	1
ORPHA:101082	DON_GEN	gene_germline	0
ORPHA:101085	DON_GEN	gene_germline	0
ORPHA:101097	DON_GEN	gene_germline	0
ORPHA:101108	DON_GEN	gene_germline	0
ORPHA:101109	DON_GEN	gene_germline	0
ORPHA:101110	DON_GEN	gene_germline	0
ORPHA:101111	DON_GEN	gene_germline	0
ORPHA:101112	DON_GEN	gene_germline	0
ORPHA:101150	DON_GEN	gene_germline	0
ORPHA:101330	CHUA_RO	khong_du_nguon	0
ORPHA:1014	CHUA_RO	khong_du_nguon	0
ORPHA:1018	CNV	mondo_partial_del_dup	0
ORPHA:102	CHUA_RO	khong_du_nguon	0
ORPHA:1020	DON_GEN	gene_germline	0
ORPHA:1021	CHUA_RO	khong_du_nguon	0
ORPHA:1028	CHUA_RO	khong_du_nguon	0
ORPHA:1031	DON_GEN	gene_germline	0
ORPHA:1035	CHUA_RO	khong_du_nguon	0
ORPHA:103907	CHUA_RO	khong_du_nguon	0
ORPHA:103909	DON_GEN	gene_germline	0
ORPHA:103910	CHUA_RO	khong_du_nguon	0
ORPHA:103918	DON_GEN	gene_germline	0
ORPHA:104	DON_GEN	gene_germline	0
ORPHA:1040	DON_GEN	gene_germline	0
ORPHA:1041	CHUA_RO	khong_du_nguon	0
ORPHA:1046	CHUA_RO	khong_du_nguon	0
ORPHA:1048	DON_GEN	gene_germline	0
ORPHA:105	CHUA_RO	khong_du_nguon	0
ORPHA:1051	CHUA_RO	khong_du_nguon	0
ORPHA:1052	DON_GEN	gene_germline	1
ORPHA:1053	DON_GEN	gene_germline	0
ORPHA:1054	CHUA_RO	khong_du_nguon	0
ORPHA:1055	CHUA_RO	khong_du_nguon	0
ORPHA:1059	CHUA_RO	khong_du_nguon	0
ORPHA:1062	CHUA_RO	khong_du_nguon	0
ORPHA:1063	CHUA_RO	khong_du_nguon	0
ORPHA:1064	CHUA_RO	khong_du_nguon	0
ORPHA:1065	DON_GEN	gene_germline	0
ORPHA:1067	CHUA_RO	khong_du_nguon	0
ORPHA:1068	CHUA_RO	khong_du_nguon	0
ORPHA:1069	CHUA_RO	khong_du_nguon	0
ORPHA:107	DON_GEN	gene_germline	0
ORPHA:1071	DON_GEN	gene_germline	0
ORPHA:1072	DON_GEN	gene_germline	0
ORPHA:1074	CHUA_RO	khong_du_nguon	0
ORPHA:1077	CHUA_RO	khong_du_nguon	0
ORPHA:1078	CHUA_RO	khong_du_nguon	0
ORPHA:108	CHUA_RO	khong_du_nguon	0
ORPHA:1083	CHUA_RO	khong_du_nguon	0
ORPHA:1084	CHUA_RO	khong_du_nguon	0
ORPHA:109	DON_GEN	gene_germline	0
ORPHA:1094	CHUA_RO	khong_du_nguon	0
ORPHA:11	NST	mondo_aneuploidy	0
ORPHA:110	DON_GEN	gene_germline	0
ORPHA:1101	CHUA_RO	khong_du_nguon	0
ORPHA:1104	CHUA_RO	khong_du_nguon	0
ORPHA:1106	DON_GEN	gene_germline	0
ORPHA:111	DON_GEN	gene_germline	0
ORPHA:1110	CHUA_RO	khong_du_nguon	0
ORPHA:1112	CHUA_RO	khong_du_nguon	0
ORPHA:1113	CHUA_RO	khong_du_nguon	0
ORPHA:1114	DON_GEN	gene_germline	0
ORPHA:1116	CHUA_RO	khong_du_nguon	0
ORPHA:1117	CHUA_RO	khong_du_nguon	0
ORPHA:1118	CHUA_RO	khong_du_nguon	0
ORPHA:112	CHUA_RO	khong_du_nguon	0
ORPHA:1120	CHUA_RO	khong_du_nguon	0
ORPHA:1122	CHUA_RO	khong_du_nguon	0
ORPHA:1123	CHUA_RO	khong_du_nguon	0
ORPHA:1125	CHUA_RO	khong_du_nguon	0
ORPHA:1129	CHUA_RO	khong_du_nguon	0
ORPHA:113	CHUA_RO	khong_du_nguon	0
ORPHA:1131	CHUA_RO	khong_du_nguon	0
ORPHA:1133	CHUA_RO	khong_du_nguon	0
ORPHA:1134	CHUA_RO	khong_du_nguon	0
ORPHA:114	CHUA_RO	khong_du_nguon	0
ORPHA:1143	DON_GEN	gene_germline	0
ORPHA:1144	CHUA_RO	khong_du_nguon	0
ORPHA:1145	DON_GEN	gene_germline	0
ORPHA:1146	DON_GEN	gene_germline	0
ORPHA:1147	DON_GEN	gene_germline	0
ORPHA:1149	DON_GEN	gene_germline	0
ORPHA:115	DON_GEN	gene_germline	0
ORPHA:1150	CHUA_RO	khong_du_nguon	0
ORPHA:1154	DON_GEN	gene_germline	0
ORPHA:1159	DON_GEN	gene_germline	0
ORPHA:116	DON_GEN	gene_germline	0
ORPHA:1160	CHUA_RO	khong_du_nguon	0
ORPHA:1163	CHUA_RO	khong_du_nguon	0
ORPHA:1164	CHUA_RO	khong_du_nguon	0
ORPHA:1166	CNV	mondo_partial_del_dup	0
ORPHA:1168	DON_GEN	gene_germline	0
ORPHA:117	CHUA_RO	khong_du_nguon	0
ORPHA:1170	DON_GEN	gene_germline	0
ORPHA:1171	DON_GEN	gene_germline	0
ORPHA:1173	DON_GEN	gene_germline	0
ORPHA:1174	CHUA_RO	khong_du_nguon	0
ORPHA:1175	DON_GEN	gene_germline	0
ORPHA:1177	CHUA_RO	khong_du_nguon	0
ORPHA:1178	CHUA_RO	khong_du_nguon	0
ORPHA:1179	CHUA_RO	khong_du_nguon	0
ORPHA:118	DON_GEN	gene_germline	0
ORPHA:1180	DON_GEN	gene_germline	0
ORPHA:1182	CHUA_RO	khong_du_nguon	0
ORPHA:1183	CHUA_RO	khong_du_nguon	0
ORPHA:1184	CHUA_RO	khong_du_nguon	0
ORPHA:1185	CHUA_RO	khong_du_nguon	0
ORPHA:1186	DON_GEN	gene_germline	0
ORPHA:1187	DON_GEN	gene_germline	0
ORPHA:1188	CHUA_RO	khong_du_nguon	0
ORPHA:119	DON_GEN	gene_germline	0
ORPHA:1190	DON_GEN	gene_germline	0
ORPHA:1192	CHUA_RO	khong_du_nguon	0
ORPHA:1193	CHUA_RO	khong_du_nguon	0
ORPHA:1194	DON_GEN	gene_germline	0
ORPHA:1195	DON_GEN	gene_germline	0
ORPHA:1198	CHUA_RO	khong_du_nguon	0
ORPHA:1199	CHUA_RO	khong_du_nguon	0
ORPHA:1200	DON_GEN	gene_germline	0
ORPHA:1201	CHUA_RO	khong_du_nguon	0
ORPHA:1202	CHUA_RO	khong_du_nguon	0
ORPHA:1203	CHUA_RO	khong_du_nguon	0
ORPHA:1208	CHUA_RO	khong_du_nguon	0
ORPHA:1209	CHUA_RO	khong_du_nguon	0
ORPHA:1214	CHUA_RO	khong_du_nguon	0
ORPHA:1215	DON_GEN	gene_germline	0
ORPHA:1216	DON_GEN	gene_germline	0
ORPHA:122	DON_GEN	gene_germline	0
ORPHA:1221	CHUA_RO	khong_du_nguon	0
ORPHA:1225	DON_GEN	gene_germline	0
ORPHA:1226	DON_GEN	gene_germline	0
ORPHA:1227	CHUA_RO	khong_du_nguon	0
ORPHA:1228	CHUA_RO	khong_du_nguon	0
ORPHA:1229	DON_GEN	gene_germline	0
ORPHA:123	DON_GEN	gene_germline	0
ORPHA:1231	DON_GEN	gene_germline	0
ORPHA:1234	DON_GEN	gene_germline	0
ORPHA:1236	CHUA_RO	khong_du_nguon	0
ORPHA:1237	CHUA_RO	khong_du_nguon	0
ORPHA:124	DON_GEN	gene_germline	0
ORPHA:1241	CHUA_RO	khong_du_nguon	0
ORPHA:1243	DON_GEN	gene_germline	0
ORPHA:1248	CHUA_RO	khong_du_nguon	0
ORPHA:125	DON_GEN	gene_germline	0
ORPHA:1252	CHUA_RO	khong_du_nguon	0
ORPHA:1253	CHUA_RO	khong_du_nguon	0
ORPHA:1259	CHUA_RO	khong_du_nguon	0
ORPHA:126	DON_GEN	gene_germline	0
ORPHA:1261	CHUA_RO	khong_du_nguon	0
ORPHA:1262	CHUA_RO	khong_du_nguon	0
ORPHA:1263	DON_GEN	gene_germline	0
ORPHA:1264	CHUA_RO	khong_du_nguon	0
ORPHA:1267	CHUA_RO	khong_du_nguon	0
ORPHA:127	DON_GEN	gene_germline	0
ORPHA:1270	DON_GEN	gene_germline	0
ORPHA:1272	DON_GEN	gene_germline	0
ORPHA:1275	DON_GEN	gene_germline	0
ORPHA:1276	DON_GEN	gene_germline	0
ORPHA:1277	CHUA_RO	khong_du_nguon	0
ORPHA:1278	CHUA_RO	khong_du_nguon	0
ORPHA:129	CHUA_RO	khong_du_nguon	0
ORPHA:1292	CHUA_RO	khong_du_nguon	0
ORPHA:1295	CHUA_RO	khong_du_nguon	0
ORPHA:1296	CHUA_RO	khong_du_nguon	0
ORPHA:1297	DON_GEN	gene_germline	0
ORPHA:1299	DON_GEN	gene_germline	0
ORPHA:13	DON_GEN	gene_germline	0
ORPHA:130	DON_GEN	gene_germline	0
ORPHA:1300	DON_GEN	gene_germline	0
ORPHA:1302	CHUA_RO	khong_du_nguon	0
ORPHA:1303	CHUA_RO	khong_du_nguon	0
ORPHA:1304	CHUA_RO	khong_du_nguon	0
ORPHA:1305	CHUA_RO	khong_du_nguon	0
ORPHA:1307	CNV	mondo_partial_del_dup	0
ORPHA:1308	DON_GEN	gene_germline	0
ORPHA:1309	DON_GEN	gene_germline	0
ORPHA:131	CHUA_RO	khong_du_nguon	0
ORPHA:1310	DON_GEN	gene_germline	0
ORPHA:1313	CHUA_RO	khong_du_nguon	0
ORPHA:1314	CHUA_RO	khong_du_nguon	0
ORPHA:1318	CHUA_RO	khong_du_nguon	0
ORPHA:1319	CHUA_RO	khong_du_nguon	0
ORPHA:132	DON_GEN	gene_germline	0
ORPHA:1320	CHUA_RO	khong_du_nguon	0
ORPHA:1323	CHUA_RO	khong_du_nguon	0
ORPHA:1325	CHUA_RO	khong_du_nguon	0
ORPHA:1326	CHUA_RO	khong_du_nguon	0
ORPHA:1327	CHUA_RO	khong_du_nguon	0
ORPHA:1328	DON_GEN	gene_germline	0
ORPHA:1329	CHUA_RO	khong_du_nguon	0
ORPHA:133	CHUA_RO	khong_du_nguon	0
ORPHA:1330	CHUA_RO	khong_du_nguon	0
ORPHA:1332	CHUA_RO	khong_du_nguon	0
ORPHA:1333	DON_GEN	gene_germline	1
ORPHA:1334	DON_GEN	gene_germline	0
ORPHA:1335	CHUA_RO	khong_du_nguon	0
ORPHA:1336	CHUA_RO	khong_du_nguon	0
ORPHA:1338	DON_GEN	gene_germline	0
ORPHA:134	DON_GEN	gene_germline	0
ORPHA:1340	DON_GEN	gene_germline	0
ORPHA:1344	DON_GEN	gene_germline	0
ORPHA:1345	CHUA_RO	khong_du_nguon	0
ORPHA:1349	DON_GEN	gene_germline	0
ORPHA:135	DON_GEN	gene_germline	0
ORPHA:1350	CHUA_RO	khong_du_nguon	0
ORPHA:1352	CHUA_RO	khong_du_nguon	0
ORPHA:1354	CHUA_RO	khong_du_nguon	0
ORPHA:1355	CHUA_RO	khong_du_nguon	0
ORPHA:1358	DON_GEN	gene_germline	0
ORPHA:1359	DON_GEN	gene_germline	0
ORPHA:136	DON_GEN	gene_germline	0
ORPHA:1361	CHUA_RO	khong_du_nguon	0
ORPHA:1366	CHUA_RO	khong_du_nguon	0
ORPHA:1368	CHUA_RO	khong_du_nguon	0
ORPHA:1369	DON_GEN	gene_germline	0
ORPHA:1373	CHUA_RO	khong_du_nguon	0
ORPHA:1375	CHUA_RO	khong_du_nguon	0
ORPHA:137596	CHUA_RO	khong_du_nguon	0
ORPHA:137599	CHUA_RO	khong_du_nguon	0
ORPHA:137605	DON_GEN	gene_germline	0
ORPHA:137608	DON_GEN	gene_germline	0
ORPHA:137625	DON_GEN	gene_germline	0
ORPHA:137634	DON_GEN	gene_germline	0
ORPHA:137667	DON_GEN	gene_germline	0
ORPHA:137675	CHUA_RO	khong_du_nguon	0
ORPHA:137681	DON_GEN	gene_germline	0
ORPHA:137686	CHUA_RO	khong_du_nguon	0
ORPHA:137698	CHUA_RO	khong_du_nguon	0
ORPHA:1377	DON_GEN	gene_germline	0
ORPHA:137754	DON_GEN	gene_germline	0
ORPHA:137817	CHUA_RO	khong_du_nguon	0
ORPHA:137831	DON_GEN	gene_germline	0
ORPHA:137834	DON_GEN	gene_germline	0
ORPHA:137867	CHUA_RO	khong_du_nguon	0
ORPHA:137888	DON_GEN	gene_germline	0
ORPHA:137898	DON_GEN	gene_germline	0
ORPHA:137914	CHUA_RO	khong_du_nguon	0
ORPHA:137935	CHUA_RO	khong_du_nguon	0
ORPHA:138	DON_GEN	gene_germline	0
ORPHA:1380	CHUA_RO	khong_du_nguon	0
ORPHA:1383	CHUA_RO	khong_du_nguon	0
ORPHA:1387	DON_GEN	gene_germline	0
ORPHA:1388	DON_GEN	gene_germline	0
ORPHA:1389	CHUA_RO	khong_du_nguon	0
ORPHA:139	DON_GEN	gene_germline	0
ORPHA:1390	CHUA_RO	khong_du_nguon	0
ORPHA:1393	DON_GEN	gene_germline	0
ORPHA:139396	DON_GEN	gene_germline	0
ORPHA:139399	DON_GEN	gene_germline	0
ORPHA:1394	DON_GEN	gene_germline	0
ORPHA:139402	CHUA_RO	khong_du_nguon	0
ORPHA:139406	DON_GEN	gene_germline	0
ORPHA:139411	CHUA_RO	khong_du_nguon	0
ORPHA:139414	CHUA_RO	khong_du_nguon	0
ORPHA:139417	CHUA_RO	khong_du_nguon	0
ORPHA:139426	CHUA_RO	khong_du_nguon	0
ORPHA:139431	CHUA_RO	khong_du_nguon	0
ORPHA:139436	CHUA_RO	khong_du_nguon	0
ORPHA:139444	CHUA_RO	khong_du_nguon	0
ORPHA:139450	CHUA_RO	khong_du_nguon	0
ORPHA:139466	DON_GEN	gene_germline	0
ORPHA:139471	DON_GEN	gene_germline	0
ORPHA:139474	CNV	mondo_partial_del_dup	0
ORPHA:139480	DON_GEN	gene_germline	0
ORPHA:139485	DON_GEN	gene_germline	0
ORPHA:139507	CHUA_RO	khong_du_nguon	0
ORPHA:139536	DON_GEN	gene_germline	0
ORPHA:139578	DON_GEN	gene_germline	0
ORPHA:1397	CHUA_RO	khong_du_nguon	0
ORPHA:1398	DON_GEN	gene_germline	0
ORPHA:1399	CHUA_RO	khong_du_nguon	0
ORPHA:14	DON_GEN	gene_germline	0
ORPHA:140	DON_GEN	gene_germline	0
ORPHA:1401	DON_GEN	gene_germline	0
ORPHA:140286	CHUA_RO	khong_du_nguon	0
ORPHA:1406	CHUA_RO	khong_du_nguon	0
ORPHA:140896	CHUA_RO	khong_du_nguon	0
ORPHA:140905	DON_GEN	gene_germline	0
ORPHA:140908	DON_GEN	gene_germline	0
ORPHA:140927	DON_GEN	gene_germline	0
ORPHA:140933	CHUA_RO	khong_du_nguon	0
ORPHA:140936	CHUA_RO	khong_du_nguon	0
ORPHA:140941	DON_GEN	gene_germline	0
ORPHA:140944	DON_GEN	gene_germline	0
ORPHA:140952	DON_GEN	gene_germline	0
ORPHA:140957	DON_GEN	gene_germline	0
ORPHA:140966	DON_GEN	gene_germline	0
ORPHA:140976	DON_GEN	gene_germline	0
ORPHA:140989	CHUA_RO	khong_du_nguon	0
ORPHA:141	DON_GEN	gene_germline	0
ORPHA:1410	DON_GEN	gene_germline	0
ORPHA:141083	CHUA_RO	khong_du_nguon	0
ORPHA:141091	CHUA_RO	khong_du_nguon	0
ORPHA:141096	CHUA_RO	khong_du_nguon	0
ORPHA:141099	CHUA_RO	khong_du_nguon	0
ORPHA:141127	CHUA_RO	khong_du_nguon	0
ORPHA:141132	DON_GEN	gene_germline	0
ORPHA:141145	CHUA_RO	khong_du_nguon	0
ORPHA:141152	CHUA_RO	khong_du_nguon	0
ORPHA:141179	CHUA_RO	khong_du_nguon	0
ORPHA:141184	CHUA_RO	khong_du_nguon	0
ORPHA:1412	DON_GEN	gene_germline	0
ORPHA:141291	CHUA_RO	khong_du_nguon	0
ORPHA:141333	CHUA_RO	khong_du_nguon	0
ORPHA:1414	CHUA_RO	khong_du_nguon	0
ORPHA:1415	CHUA_RO	khong_du_nguon	0
ORPHA:1416	DON_GEN	gene_germline	0
ORPHA:142	CHUA_RO	khong_du_nguon	0
ORPHA:1422	DON_GEN	gene_germline	0
ORPHA:1423	CHUA_RO	khong_du_nguon	0
ORPHA:1425	DON_GEN	gene_germline	0
ORPHA:1426	DON_GEN	gene_germline	0
ORPHA:1427	DON_GEN	gene_germline	0
ORPHA:1429	DON_GEN	gene_germline	0
ORPHA:143	DON_GEN	gene_germline	1
ORPHA:1433	CHUA_RO	khong_du_nguon	0
ORPHA:1435	CNV	ten_benh	1
ORPHA:1436	CHUA_RO	khong_du_nguon	0
ORPHA:1437	NST	mondo_aneuploidy	0
ORPHA:1438	NST	mondo_aneuploidy	0
ORPHA:1439	NST	mondo_aneuploidy	0
ORPHA:144	DON_GEN	gene_germline	0
ORPHA:1440	NST	mondo_aneuploidy	0
ORPHA:1441	NST	mondo_aneuploidy	0
ORPHA:1442	NST	mondo_aneuploidy	0
ORPHA:1443	NST	mondo_aneuploidy	0
ORPHA:1444	NST	mondo_aneuploidy	0
ORPHA:1445	NST	mondo_aneuploidy	0
ORPHA:1446	NST	mondo_aneuploidy	0
ORPHA:1447	NST	mondo_aneuploidy	0
ORPHA:1448	NST	mondo_aneuploidy	0
ORPHA:1449	NST	mondo_aneuploidy	0
ORPHA:145	DON_GEN	gene_germline	1
ORPHA:1450	NST	mondo_aneuploidy	0
ORPHA:1451	DON_GEN	gene_germline	0
ORPHA:1452	DON_GEN	gene_germline	0
ORPHA:1453	CHUA_RO	khong_du_nguon	0
ORPHA:1454	DON_GEN	gene_germline	0
ORPHA:1457	CHUA_RO	khong_du_nguon	0
ORPHA:1458	DON_GEN	gene_germline	0
ORPHA:1461	CHUA_RO	khong_du_nguon	0
ORPHA:1464	CHUA_RO	khong_du_nguon	0
ORPHA:1465	DON_GEN	gene_germline	0
ORPHA:1466	DON_GEN	gene_germline	0
ORPHA:1467	CHUA_RO	khong_du_nguon	0
ORPHA:147	DON_GEN	gene_germline	0
ORPHA:1471	CHUA_RO	khong_du_nguon	0
ORPHA:1473	DON_GEN	gene_germline	0
ORPHA:1475	DON_GEN	gene_germline	0
ORPHA:1478	CHUA_RO	khong_du_nguon	0
ORPHA:1479	DON_GEN	gene_germline	0
ORPHA:1484	CHUA_RO	khong_du_nguon	0
ORPHA:1486	DON_GEN	gene_germline	0
ORPHA:1487	CHUA_RO	khong_du_nguon	0
ORPHA:1488	CHUA_RO	khong_du_nguon	0
ORPHA:1490	DON_GEN	gene_germline	0
ORPHA:1493	DON_GEN	gene_germline	0
ORPHA:1495	CHUA_RO	khong_du_nguon	0
ORPHA:1496	DON_GEN	gene_germline	0
ORPHA:1497	DON_GEN	gene_germline	0
ORPHA:15	DON_GEN	gene_germline	0
ORPHA:1501	CHUA_RO	khong_du_nguon	0
ORPHA:1506	CHUA_RO	khong_du_nguon	0
ORPHA:1507	DON_GEN	gene_germline	0
ORPHA:1508	CHUA_RO	khong_du_nguon	0
ORPHA:1509	DON_GEN	gene_germline	0
ORPHA:1512	CHUA_RO	khong_du_nguon	0
ORPHA:1513	DON_GEN	gene_germline	0
ORPHA:1514	CHUA_RO	khong_du_nguon	0
ORPHA:1515	DON_GEN	gene_germline	0
ORPHA:1516	CHUA_RO	khong_du_nguon	0
ORPHA:1517	DON_GEN	gene_germline	0
ORPHA:1519	DON_GEN	gene_germline	0
ORPHA:1520	DON_GEN	gene_germline	0
ORPHA:1521	CHUA_RO	khong_du_nguon	0
ORPHA:1522	DON_GEN	gene_germline	0
ORPHA:1525	DON_GEN	gene_germline	0
ORPHA:1527	CHUA_RO	khong_du_nguon	0
ORPHA:1528	CHUA_RO	khong_du_nguon	0
ORPHA:1529	DON_GEN	gene_germline	0
ORPHA:1532	CHUA_RO	khong_du_nguon	0
ORPHA:1538	CHUA_RO	khong_du_nguon	0
ORPHA:154	DON_GEN	gene_germline	0
ORPHA:1540	DON_GEN	gene_germline	0
ORPHA:1545	DON_GEN	gene_germline	0
ORPHA:1546	CHUA_RO	khong_du_nguon	0
ORPHA:1547	CHUA_RO	khong_du_nguon	0
ORPHA:1548	CHUA_RO	khong_du_nguon	0
ORPHA:1551	CHUA_RO	khong_du_nguon	0
ORPHA:1552	DON_GEN	gene_germline	0
ORPHA:1553	DON_GEN	gene_germline	0
ORPHA:1555	DON_GEN	gene_germline	0
ORPHA:1556	CHUA_RO	khong_du_nguon	0
ORPHA:155878	CHUA_RO	khong_du_nguon	0
ORPHA:156	DON_GEN	gene_germline	0
ORPHA:1560	CHUA_RO	khong_du_nguon	0
ORPHA:1563	CHUA_RO	khong_du_nguon	0
ORPHA:1566	CHUA_RO	khong_du_nguon	0
ORPHA:156728	DON_GEN	gene_germline	0
ORPHA:1568	DON_GEN	gene_germline	0
ORPHA:157	CHUA_RO	khong_du_nguon	0
ORPHA:1570	CHUA_RO	khong_du_nguon	0
ORPHA:1571	DON_GEN	gene_germline	0
ORPHA:157215	DON_GEN	gene_germline	0
ORPHA:1573	DON_GEN	gene_germline	0
ORPHA:1574	CHUA_RO	khong_du_nguon	0
ORPHA:157794	DON_GEN	gene_germline	0
ORPHA:157798	DON_GEN	gene_germline	0
ORPHA:1578	DON_GEN	gene_germline	0
ORPHA:157801	DON_GEN	gene_germline	0
ORPHA:157835	CHUA_RO	khong_du_nguon	0
ORPHA:157846	DON_GEN	gene_germline	0
ORPHA:157850	DON_GEN	gene_germline	0
ORPHA:157941	DON_GEN	gene_germline	0
ORPHA:157946	CHUA_RO	khong_du_nguon	0
ORPHA:157954	DON_GEN	gene_germline	0
ORPHA:157965	DON_GEN	gene_germline	0
ORPHA:157973	DON_GEN	gene_germline	0
ORPHA:157991	CHUA_RO	khong_du_nguon	0
ORPHA:157997	CHUA_RO	khong_du_nguon	0
ORPHA:158	DON_GEN	gene_germline	0
ORPHA:1580	CNV	mondo_partial_del_dup	0
ORPHA:158000	CHUA_RO	khong_du_nguon	0
ORPHA:158003	CHUA_RO	khong_du_nguon	0
ORPHA:158008	CHUA_RO	khong_du_nguon	0
ORPHA:158014	CHUA_RO	khong_du_nguon	0
ORPHA:158022	CHUA_RO	khong_du_nguon	0
ORPHA:158025	CHUA_RO	khong_du_nguon	0
ORPHA:158048	CHUA_RO	khong_du_nguon	0
ORPHA:158057	CHUA_RO	khong_du_nguon	0
ORPHA:158061	CHUA_RO	khong_du_nguon	0
ORPHA:1581	CNV	mondo_partial_del_dup	0
ORPHA:158668	DON_GEN	gene_germline	0
ORPHA:158673	DON_GEN	gene_germline	0
ORPHA:158676	DON_GEN	gene_germline	0
ORPHA:158681	DON_GEN	gene_germline	0
ORPHA:158684	DON_GEN	gene_germline	0
ORPHA:158687	DON_GEN	gene_germline	0
ORPHA:1587	CNV	mondo_partial_del_dup	0
ORPHA:159	DON_GEN	gene_germline	0
ORPHA:1590	CNV	mondo_partial_del_dup	0
ORPHA:1596	CNV	mondo_partial_del_dup	0
ORPHA:1597	CNV	mondo_partial_del_dup	0
ORPHA:1598	CNV	mondo_partial_del_dup	0
ORPHA:16	DON_GEN	gene_germline	0
ORPHA:160	CHUA_RO	khong_du_nguon	0
ORPHA:1600	CNV	mondo_partial_del_dup	0
ORPHA:160148	CHUA_RO	khong_du_nguon	0
ORPHA:1606	CNV	mondo_partial_del_dup	1
ORPHA:1617	CNV	mondo_partial_del_dup	0
ORPHA:1620	CNV	mondo_partial_del_dup	0
ORPHA:1621	CNV	mondo_partial_del_dup	0
ORPHA:1627	CNV	mondo_partial_del_dup	0
ORPHA:163	DON_GEN	gene_germline	0
ORPHA:163525	CHUA_RO	khong_du_nguon	0
ORPHA:163596	DON_GEN	gene_germline	0
ORPHA:1636	CNV	mondo_partial_del_dup	0
ORPHA:163634	CHUA_RO	khong_du_nguon	0
ORPHA:163649	DON_GEN	gene_germline	0
ORPHA:163654	CHUA_RO	khong_du_nguon	0
ORPHA:163665	CHUA_RO	khong_du_nguon	0
ORPHA:163681	DON_GEN	gene_germline	0
ORPHA:163690	CNV	mondo_partial_del_dup	0
ORPHA:163693	CNV	mondo_partial_del_dup	0
ORPHA:163703	CHUA_RO	khong_du_nguon	0
ORPHA:163721	DON_GEN	gene_germline	0
ORPHA:163727	DON_GEN	gene_germline	0
ORPHA:163746	DON_GEN	gene_germline	0
ORPHA:163921	CHUA_RO	khong_du_nguon	0
ORPHA:163934	CHUA_RO	khong_du_nguon	0
ORPHA:163937	DON_GEN	gene_germline	0
ORPHA:163956	DON_GEN	gene_germline	0
ORPHA:163961	CHUA_RO	khong_du_nguon	0
ORPHA:163966	DON_GEN	gene_germline	0
ORPHA:163971	CHUA_RO	khong_du_nguon	0
ORPHA:163976	DON_GEN	gene_germline	0
ORPHA:163979	CHUA_RO	khong_du_nguon	0
ORPHA:163985	DON_GEN	gene_germline	0
ORPHA:1642	CNV	mondo_partial_del_dup	0
ORPHA:1643	CNV	mondo_partial_del_dup	0
ORPHA:1646	CNV	mondo_partial_del_dup	0
ORPHA:1647	CHUA_RO	khong_du_nguon	0
ORPHA:1652	CHUA_RO	khong_du_nguon	0
ORPHA:1653	CHUA_RO	khong_du_nguon	0
ORPHA:1655	CHUA_RO	khong_du_nguon	0
ORPHA:1656	CHUA_RO	khong_du_nguon	0
ORPHA:1657	CHUA_RO	khong_du_nguon	0
ORPHA:1658	DON_GEN	gene_germline	0
ORPHA:1659	CHUA_RO	khong_du_nguon	0
ORPHA:1660	CHUA_RO	khong_du_nguon	0
ORPHA:166002	DON_GEN	gene_germline	0
ORPHA:166016	CHUA_RO	khong_du_nguon	0
ORPHA:166024	DON_GEN	gene_germline	0
ORPHA:166035	DON_GEN	gene_germline	0
ORPHA:166063	DON_GEN	gene_germline	0
ORPHA:1661	CHUA_RO	khong_du_nguon	0
ORPHA:166100	DON_GEN	gene_germline	0
ORPHA:166108	DON_GEN	gene_germline	0
ORPHA:166113	CHUA_RO	khong_du_nguon	0
ORPHA:166119	DON_GEN	gene_germline	0
ORPHA:1662	DON_GEN	gene_germline	0
ORPHA:166272	DON_GEN	gene_germline	0
ORPHA:166277	CHUA_RO	khong_du_nguon	0
ORPHA:1665	CHUA_RO	khong_du_nguon	0
ORPHA:1666	CHUA_RO	khong_du_nguon	0
ORPHA:1667	DON_GEN	gene_germline	0
ORPHA:167	DON_GEN	gene_germline	0
ORPHA:1671	CHUA_RO	khong_du_nguon	0
ORPHA:1672	CHUA_RO	khong_du_nguon	0
ORPHA:1675	DON_GEN	gene_germline	0
ORPHA:167635	CHUA_RO	khong_du_nguon	0
ORPHA:1677	CHUA_RO	khong_du_nguon	0
ORPHA:168	CHUA_RO	khong_du_nguon	0
ORPHA:1681	CHUA_RO	khong_du_nguon	0
ORPHA:1682	CHUA_RO	khong_du_nguon	0
ORPHA:168549	DON_GEN	gene_germline	0
ORPHA:168555	CHUA_RO	khong_du_nguon	0
ORPHA:168558	DON_GEN	gene_germline	0
ORPHA:168563	DON_GEN	gene_germline	0
ORPHA:168569	DON_GEN	gene_germline	0
ORPHA:168572	DON_GEN	gene_germline	0
ORPHA:168577	DON_GEN	gene_germline	0
ORPHA:168588	DON_GEN	gene_germline	0
ORPHA:168593	DON_GEN	gene_germline	0
ORPHA:1686	CHUA_RO	khong_du_nguon	0
ORPHA:168621	CHUA_RO	khong_du_nguon	0
ORPHA:168624	DON_GEN	gene_germline	0
ORPHA:168782	CHUA_RO	khong_du_nguon	0
ORPHA:168796	DON_GEN	gene_germline	0
ORPHA:168811	CHUA_RO	khong_du_nguon	0
ORPHA:168816	CHUA_RO	khong_du_nguon	0
ORPHA:168829	CHUA_RO	khong_du_nguon	0
ORPHA:168984	DON_GEN	gene_germline	0
ORPHA:169	CHUA_RO	khong_du_nguon	0
ORPHA:169079	DON_GEN	gene_germline	0
ORPHA:169090	CHUA_RO	khong_du_nguon	0
ORPHA:169095	DON_GEN	gene_germline	0
ORPHA:169105	CHUA_RO	khong_du_nguon	0
ORPHA:169154	DON_GEN	gene_germline	0
ORPHA:169160	DON_GEN	gene_germline	0
ORPHA:169186	DON_GEN	gene_germline	0
ORPHA:169189	DON_GEN	gene_germline	0
ORPHA:1692	NST	mondo_aneuploidy	0
ORPHA:1695	CNV	mondo_partial_del_dup	0
ORPHA:1698	NST	mondo_aneuploidy	0
ORPHA:169802	DON_GEN	gene_germline	0
ORPHA:169805	DON_GEN	gene_germline	0
ORPHA:1699	CNV	mondo_partial_del_dup	0
ORPHA:17	DON_GEN	gene_germline	0
ORPHA:170	DON_GEN	gene_germline	0
ORPHA:1702	CNV	mondo_partial_del_dup	0
ORPHA:1703	NST	mondo_aneuploidy	0
ORPHA:1705	CNV	mondo_partial_del_dup	0
ORPHA:1706	NST	mondo_aneuploidy	0
ORPHA:1707	CNV	mondo_partial_del_dup	0
ORPHA:1708	NST	mondo_aneuploidy	0
ORPHA:171	DON_GEN	gene_germline	0
ORPHA:1711	NST	mondo_aneuploidy	0
ORPHA:1713	CNV	mondo_partial_del_dup	1
ORPHA:171430	DON_GEN	gene_germline	0
ORPHA:171433	DON_GEN	gene_germline	0
ORPHA:171436	DON_GEN	gene_germline	0
ORPHA:171439	DON_GEN	gene_germline	0
ORPHA:171442	CHUA_RO	khong_du_nguon	0
ORPHA:171445	DON_GEN	gene_germline	0
ORPHA:1715	CNV	mondo_partial_del_dup	0
ORPHA:1716	CNV	mondo_partial_del_dup	0
ORPHA:171607	DON_GEN	gene_germline	0
ORPHA:171612	DON_GEN	gene_germline	0
ORPHA:171617	DON_GEN	gene_germline	0
ORPHA:171622	DON_GEN	gene_germline	0
ORPHA:171629	DON_GEN	gene_germline	0
ORPHA:171673	CHUA_RO	khong_du_nguon	0
ORPHA:171680	DON_GEN	gene_germline	0
ORPHA:171684	CHUA_RO	khong_du_nguon	0
ORPHA:171695	DON_GEN	gene_germline	0
ORPHA:171703	DON_GEN	gene_germline	0
ORPHA:171706	DON_GEN	gene_germline	0
ORPHA:171719	CHUA_RO	khong_du_nguon	0
ORPHA:171829	CNV	mondo_partial_del_dup	0
ORPHA:171839	CHUA_RO	khong_du_nguon	0
ORPHA:171844	CHUA_RO	khong_du_nguon	0
ORPHA:171851	DON_GEN	gene_germline	0
ORPHA:171863	DON_GEN	gene_germline	0
ORPHA:171866	DON_GEN	gene_germline	0
ORPHA:171876	DON_GEN	gene_germline	0
ORPHA:171881	DON_GEN	gene_germline	0
ORPHA:171929	CNV	mondo_partial_del_dup	0
ORPHA:172	CHUA_RO	khong_du_nguon	0
ORPHA:1723	NST	mondo_aneuploidy	0
ORPHA:1724	NST	mondo_aneuploidy	0
ORPHA:1727	CNV	mondo_partial_del_dup	0
ORPHA:173	CHUA_RO	khong_du_nguon	0
ORPHA:1738	CNV	mondo_partial_del_dup	0
ORPHA:174	DON_GEN	gene_germline	0
ORPHA:1742	CNV	mondo_partial_del_dup	0
ORPHA:1745	CNV	mondo_partial_del_dup	0
ORPHA:1747	NST	mondo_aneuploidy	0
ORPHA:175	DON_GEN	gene_germline	0
ORPHA:1752	CNV	mondo_partial_del_dup	0
ORPHA:1756	DON_GEN	gene_germline	0
ORPHA:1757	CHUA_RO	khong_du_nguon	0
ORPHA:1759	CHUA_RO	khong_du_nguon	0
ORPHA:1762	CNV	mondo_partial_del_dup	1
ORPHA:1764	DON_GEN	gene_germline	0
ORPHA:1766	DON_GEN	gene_germline	0
ORPHA:177	CHUA_RO	khong_du_nguon	0
ORPHA:1770	CHUA_RO	khong_du_nguon	0
ORPHA:1772	NST	mondo_aneuploidy	0
ORPHA:1775	DON_GEN	gene_germline	0
ORPHA:1777	DON_GEN	gene_germline	0
ORPHA:1778	CHUA_RO	khong_du_nguon	0
ORPHA:1779	CHUA_RO	khong_du_nguon	0
ORPHA:177901	CNV	mondo_partial_del_dup	0
ORPHA:177904	CNV	mondo_partial_del_dup	0
ORPHA:177907	CNV	mondo_chromosomal_khac	0
ORPHA:177910	CNV	mondo_chromosomal_khac	0
ORPHA:177926	DON_GEN	gene_germline	0
ORPHA:1780	CHUA_RO	khong_du_nguon	0
ORPHA:178029	CHUA_RO	khong_du_nguon	0
ORPHA:178145	DON_GEN	gene_germline	0
ORPHA:178148	CHUA_RO	khong_du_nguon	0
ORPHA:1782	DON_GEN	gene_germline	0
ORPHA:178303	CNV	mondo_partial_del_dup	0
ORPHA:178320	CHUA_RO	khong_du_nguon	0
ORPHA:178333	DON_GEN	gene_germline	0
ORPHA:178345	DON_GEN	gene_germline	0
ORPHA:178377	DON_GEN	gene_germline	0
ORPHA:178382	DON_GEN	gene_germline	0
ORPHA:1784	CHUA_RO	khong_du_nguon	0
ORPHA:178400	DON_GEN	gene_germline	0
ORPHA:178464	DON_GEN	gene_germline	0
ORPHA:178475	CHUA_RO	khong_du_nguon	0
ORPHA:178478	CHUA_RO	khong_du_nguon	0
ORPHA:178481	CHUA_RO	khong_du_nguon	0
ORPHA:178487	CHUA_RO	khong_du_nguon	0
ORPHA:178509	DON_GEN	gene_germline	0
ORPHA:1786	CHUA_RO	khong_du_nguon	0
ORPHA:1787	CHUA_RO	khong_du_nguon	0
ORPHA:1788	DON_GEN	gene_germline	0
ORPHA:179	CHUA_RO	khong_du_nguon	0
ORPHA:1790	CHUA_RO	khong_du_nguon	0
ORPHA:1791	CHUA_RO	khong_du_nguon	0
ORPHA:1794	CHUA_RO	khong_du_nguon	0
ORPHA:179494	DON_GEN	gene_germline	0
ORPHA:1797	DON_GEN	gene_germline	0
ORPHA:1798	CHUA_RO	khong_du_nguon	0
ORPHA:1799	CHUA_RO	khong_du_nguon	0
ORPHA:18	CHUA_RO	khong_du_nguon	0
ORPHA:180	DON_GEN	gene_germline	0
ORPHA:1801	DON_GEN	gene_germline	0
ORPHA:1802	DON_GEN	gene_germline	0
ORPHA:180229	CHUA_RO	khong_du_nguon	0
ORPHA:1803	CHUA_RO	khong_du_nguon	0
ORPHA:1806	CHUA_RO	khong_du_nguon	0
ORPHA:1807	DON_GEN	gene_germline	0
ORPHA:1808	CHUA_RO	khong_du_nguon	0
ORPHA:1809	CHUA_RO	khong_du_nguon	0
ORPHA:181	DON_GEN	gene_germline	0
ORPHA:1810	DON_GEN	gene_germline	0
ORPHA:1811	CHUA_RO	khong_du_nguon	0
ORPHA:1812	CHUA_RO	khong_du_nguon	0
ORPHA:1816	CHUA_RO	khong_du_nguon	0
ORPHA:1818	CHUA_RO	khong_du_nguon	0
ORPHA:182	CHUA_RO	khong_du_nguon	0
ORPHA:182050	DON_GEN	gene_germline	0
ORPHA:1822	CHUA_RO	khong_du_nguon	0
ORPHA:1824	DON_GEN	gene_germline	0
ORPHA:1825	CHUA_RO	khong_du_nguon	0
ORPHA:1826	DON_GEN	gene_germline	0
ORPHA:1827	DON_GEN	gene_germline	0
ORPHA:183	CHUA_RO	khong_du_nguon	0
ORPHA:1830	DON_GEN	gene_germline	0
ORPHA:1832	DON_GEN	gene_germline	0
ORPHA:1834	CHUA_RO	khong_du_nguon	0
ORPHA:1836	CHUA_RO	khong_du_nguon	0
ORPHA:183675	DON_GEN	gene_germline	0
ORPHA:1837	CHUA_RO	khong_du_nguon	0
ORPHA:183707	DON_GEN	gene_germline	0
ORPHA:1839	DON_GEN	gene_germline	0
ORPHA:184	DON_GEN	gene_germline	0
ORPHA:1842	CHUA_RO	khong_du_nguon	0
ORPHA:1848	DON_GEN	gene_germline	0
ORPHA:185	CHUA_RO	khong_du_nguon	0
ORPHA:1851	CHUA_RO	khong_du_nguon	0
ORPHA:1855	DON_GEN	gene_germline	0
ORPHA:1856	DON_GEN	gene_germline	0
ORPHA:1858	CHUA_RO	khong_du_nguon	0
ORPHA:186	CHUA_RO	khong_du_nguon	0
ORPHA:1860	DON_GEN	gene_germline	0
ORPHA:1861	CHUA_RO	khong_du_nguon	0
ORPHA:1865	DON_GEN	gene_germline	0
ORPHA:1867	CHUA_RO	khong_du_nguon	0
ORPHA:1871	DON_GEN	gene_germline	0
ORPHA:1872	DON_GEN	gene_germline	0
ORPHA:1873	DON_GEN	gene_germline	0
ORPHA:1875	CHUA_RO	khong_du_nguon	0
ORPHA:1876	CHUA_RO	khong_du_nguon	0
ORPHA:1878	DON_GEN	gene_germline	0
ORPHA:1879	DON_GEN	gene_germline	0
ORPHA:188	CHUA_RO	khong_du_nguon	0
ORPHA:1880	DON_GEN	gene_germline	0
ORPHA:1882	CHUA_RO	khong_du_nguon	0
ORPHA:1883	CHUA_RO	khong_du_nguon	0
ORPHA:1885	DON_GEN	gene_germline	0
ORPHA:189	DON_GEN	gene_germline	0
ORPHA:1891	CHUA_RO	khong_du_nguon	0
ORPHA:1892	CHUA_RO	khong_du_nguon	0
ORPHA:189427	DON_GEN	gene_germline	0
ORPHA:1895	CHUA_RO	khong_du_nguon	0
ORPHA:1896	DON_GEN	gene_germline	0
ORPHA:1897	DON_GEN	gene_germline	0
ORPHA:1899	DON_GEN	gene_germline	0
ORPHA:190	CHUA_RO	khong_du_nguon	0
ORPHA:1900	DON_GEN	gene_germline	0
ORPHA:1901	DON_GEN	gene_germline	0
ORPHA:1906	CHUA_RO	khong_du_nguon	0
ORPHA:1908	CHUA_RO	khong_du_nguon	0
ORPHA:1909	CHUA_RO	khong_du_nguon	0
ORPHA:191	CHUA_RO	khong_du_nguon	0
ORPHA:1910	CHUA_RO	khong_du_nguon	0
ORPHA:1911	CHUA_RO	khong_du_nguon	0
ORPHA:1912	CHUA_RO	khong_du_nguon	0
ORPHA:1913	CHUA_RO	khong_du_nguon	0
ORPHA:1914	CHUA_RO	khong_du_nguon	0
ORPHA:1915	CHUA_RO	khong_du_nguon	0
ORPHA:1916	CHUA_RO	khong_du_nguon	0
ORPHA:1917	CHUA_RO	khong_du_nguon	0
ORPHA:1918	CHUA_RO	khong_du_nguon	0
ORPHA:1919	CHUA_RO	khong_du_nguon	0
ORPHA:192	DON_GEN	gene_germline	0
ORPHA:1920	CHUA_RO	khong_du_nguon	0
ORPHA:1923	CHUA_RO	khong_du_nguon	0
ORPHA:1926	CHUA_RO	khong_du_nguon	0
ORPHA:1927	CHUA_RO	khong_du_nguon	0
ORPHA:1928	CHUA_RO	khong_du_nguon	0
ORPHA:1929	CHUA_RO	khong_du_nguon	0
ORPHA:193	DON_GEN	gene_germline	0
ORPHA:1930	CHUA_RO	khong_du_nguon	0
ORPHA:1931	CHUA_RO	khong_du_nguon	0
ORPHA:1933	DON_GEN	gene_germline	0
ORPHA:1934	DON_GEN	gene_germline	0
ORPHA:1937	CHUA_RO	khong_du_nguon	0
ORPHA:1941	CHUA_RO	khong_du_nguon	0
ORPHA:1942	DON_GEN	gene_germline	0
ORPHA:1945	DON_GEN	gene_germline	0
ORPHA:1946	DON_GEN	gene_germline	0
ORPHA:1947	DON_GEN	gene_germline	0
ORPHA:1948	CHUA_RO	khong_du_nguon	0
ORPHA:1949	DON_GEN	gene_germline	0
ORPHA:195	CNV	mondo_chromosomal_khac	0
ORPHA:1951	CHUA_RO	khong_du_nguon	0
ORPHA:1952	CHUA_RO	khong_du_nguon	0
ORPHA:1954	CHUA_RO	khong_du_nguon	0
ORPHA:1955	DON_GEN	gene_germline	0
ORPHA:1959	CHUA_RO	khong_du_nguon	0
ORPHA:1962	CHUA_RO	khong_du_nguon	0
ORPHA:1964	CHUA_RO	khong_du_nguon	0
ORPHA:1968	CHUA_RO	khong_du_nguon	0
ORPHA:1969	CHUA_RO	khong_du_nguon	0
ORPHA:1970	CHUA_RO	khong_du_nguon	0
ORPHA:1972	CHUA_RO	khong_du_nguon	0
ORPHA:1973	CHUA_RO	khong_du_nguon	0
ORPHA:1974	CHUA_RO	khong_du_nguon	0
ORPHA:1979	CHUA_RO	khong_du_nguon	0
ORPHA:198	DON_GEN	gene_germline	0
ORPHA:1980	DON_GEN	gene_germline	0
ORPHA:1986	CHUA_RO	khong_du_nguon	0
ORPHA:1988	CHUA_RO	khong_du_nguon	0
ORPHA:199	DON_GEN	gene_germline	0
ORPHA:199241	DON_GEN	gene_germline	0
ORPHA:199244	CHUA_RO	khong_du_nguon	0
ORPHA:199251	CHUA_RO	khong_du_nguon	0
ORPHA:199267	CHUA_RO	khong_du_nguon	0
ORPHA:199276	CHUA_RO	khong_du_nguon	0
ORPHA:199282	CHUA_RO	khong_du_nguon	0
ORPHA:199296	DON_GEN	gene_germline	0
ORPHA:199299	CHUA_RO	khong_du_nguon	0
ORPHA:1993	CHUA_RO	khong_du_nguon	0
ORPHA:199302	CHUA_RO	khong_du_nguon	0
ORPHA:199306	DON_GEN	gene_germline	0
ORPHA:199310	CNV	mondo_chromosomal_khac	0
ORPHA:199318	CNV	mondo_partial_del_dup	1
ORPHA:199343	DON_GEN	gene_germline	0
ORPHA:199351	DON_GEN	gene_germline	0
ORPHA:199354	DON_GEN	gene_germline	0
ORPHA:1997	DON_GEN	gene_germline	0
ORPHA:20	DON_GEN	gene_germline	0
ORPHA:200	CHUA_RO	khong_du_nguon	0
ORPHA:2001	CHUA_RO	khong_du_nguon	0
ORPHA:2003	CHUA_RO	khong_du_nguon	0
ORPHA:2004	CHUA_RO	khong_du_nguon	0
ORPHA:2007	CHUA_RO	khong_du_nguon	0
ORPHA:2008	CHUA_RO	khong_du_nguon	0
ORPHA:201	DON_GEN	gene_germline	0
ORPHA:2010	CHUA_RO	khong_du_nguon	0
ORPHA:2013	CHUA_RO	khong_du_nguon	0
ORPHA:2015	CHUA_RO	khong_du_nguon	0
ORPHA:2016	CHUA_RO	khong_du_nguon	0
ORPHA:2017	CHUA_RO	khong_du_nguon	0
ORPHA:2019	CHUA_RO	khong_du_nguon	0
ORPHA:2020	DON_GEN	gene_germline	0
ORPHA:2021	DON_GEN	gene_germline	0
ORPHA:2022	CHUA_RO	khong_du_nguon	0
ORPHA:2023	CHUA_RO	khong_du_nguon	0
ORPHA:2024	DON_GEN	gene_germline	0
ORPHA:2025	CHUA_RO	khong_du_nguon	0
ORPHA:2026	DON_GEN	gene_germline	0
ORPHA:2027	CHUA_RO	khong_du_nguon	0
ORPHA:2028	DON_GEN	gene_germline	0
ORPHA:2031	CHUA_RO	khong_du_nguon	0
ORPHA:2032	DON_GEN	gene_germline	0
ORPHA:2035	CHUA_RO	khong_du_nguon	0
ORPHA:2036	DON_GEN	gene_germline	0
ORPHA:2038	CHUA_RO	khong_du_nguon	0
ORPHA:204	CHUA_RO	khong_du_nguon	0
ORPHA:2040	CHUA_RO	khong_du_nguon	0
ORPHA:2041	CHUA_RO	khong_du_nguon	0
ORPHA:2044	DON_GEN	gene_germline	0
ORPHA:2045	CHUA_RO	khong_du_nguon	0
ORPHA:2047	CHUA_RO	khong_du_nguon	0
ORPHA:2048	CHUA_RO	khong_du_nguon	0
ORPHA:205	CHUA_RO	khong_du_nguon	0
ORPHA:2050	DON_GEN	gene_germline	0
ORPHA:2052	DON_GEN	gene_germline	0
ORPHA:2053	DON_GEN	gene_germline	0
ORPHA:2056	DON_GEN	gene_germline	0
ORPHA:2057	CHUA_RO	khong_du_nguon	0
ORPHA:2058	CHUA_RO	khong_du_nguon	0
ORPHA:2059	DON_GEN	gene_germline	0
ORPHA:2062	CHUA_RO	khong_du_nguon	0
ORPHA:2063	CHUA_RO	khong_du_nguon	0
ORPHA:2064	CHUA_RO	khong_du_nguon	0
ORPHA:206436	DON_GEN	gene_germline	0
ORPHA:206443	DON_GEN	gene_germline	0
ORPHA:206448	DON_GEN	gene_germline	0
ORPHA:206484	CHUA_RO	khong_du_nguon	0
ORPHA:2065	DON_GEN	gene_germline	0
ORPHA:206546	DON_GEN	gene_germline	0
ORPHA:206549	DON_GEN	gene_germline	0
ORPHA:206559	DON_GEN	gene_germline	0
ORPHA:206569	CHUA_RO	khong_du_nguon	0
ORPHA:206572	CHUA_RO	khong_du_nguon	0
ORPHA:206583	DON_GEN	gene_germline	0
ORPHA:206594	CHUA_RO	khong_du_nguon	0
ORPHA:206599	DON_GEN	gene_germline	0
ORPHA:2066	DON_GEN	gene_germline	0
ORPHA:2067	DON_GEN	gene_germline	0
ORPHA:2069	CHUA_RO	khong_du_nguon	0
ORPHA:207	DON_GEN	gene_germline	0
ORPHA:2070	CHUA_RO	khong_du_nguon	0
ORPHA:2072	DON_GEN	gene_germline	0
ORPHA:2073	CHUA_RO	khong_du_nguon	0
ORPHA:2074	CHUA_RO	khong_du_nguon	0
ORPHA:2075	CHUA_RO	khong_du_nguon	0
ORPHA:2077	CHUA_RO	khong_du_nguon	0
ORPHA:2078	DON_GEN	gene_germline	0
ORPHA:2083	CHUA_RO	khong_du_nguon	0
ORPHA:2084	DON_GEN	gene_germline	0
ORPHA:208441	DON_GEN	gene_germline	0
ORPHA:208444	CHUA_RO	khong_du_nguon	0
ORPHA:208447	DON_GEN	gene_germline	0
ORPHA:2085	CHUA_RO	khong_du_nguon	0
ORPHA:208513	DON_GEN	gene_germline	0
ORPHA:2086	CHUA_RO	khong_du_nguon	0
ORPHA:2088	DON_GEN	gene_germline	0
ORPHA:2089	DON_GEN	gene_germline	0
ORPHA:208999	CHUA_RO	khong_du_nguon	0
ORPHA:2090	CHUA_RO	khong_du_nguon	0
ORPHA:209004	CHUA_RO	khong_du_nguon	0
ORPHA:2091	CHUA_RO	khong_du_nguon	0
ORPHA:2092	DON_GEN	gene_germline	0
ORPHA:209335	DON_GEN	gene_germline	0
ORPHA:209370	DON_GEN	gene_germline	0
ORPHA:2095	DON_GEN	gene_germline	0
ORPHA:2097	CHUA_RO	khong_du_nguon	0
ORPHA:2098	DON_GEN	gene_germline	0
ORPHA:209902	DON_GEN	gene_germline	0
ORPHA:209905	DON_GEN	gene_germline	0
ORPHA:209908	DON_GEN	gene_germline	0
ORPHA:209919	CHUA_RO	khong_du_nguon	0
ORPHA:209943	CHUA_RO	khong_du_nguon	0
ORPHA:209951	DON_GEN	gene_germline	0
ORPHA:209956	CHUA_RO	khong_du_nguon	0
ORPHA:209959	CHUA_RO	khong_du_nguon	0
ORPHA:209964	CHUA_RO	khong_du_nguon	0
ORPHA:209967	DON_GEN	gene_germline	0
ORPHA:209970	CHUA_RO	khong_du_nguon	0
ORPHA:209981	DON_GEN	gene_germline	0
ORPHA:2101	CHUA_RO	khong_du_nguon	0
ORPHA:210110	DON_GEN	gene_germline	0
ORPHA:210122	DON_GEN	gene_germline	0
ORPHA:210128	DON_GEN	gene_germline	0
ORPHA:210136	CHUA_RO	khong_du_nguon	0
ORPHA:210272	CHUA_RO	khong_du_nguon	0
ORPHA:2104	CHUA_RO	khong_du_nguon	0
ORPHA:210548	DON_GEN	gene_germline	0
ORPHA:210571	DON_GEN	gene_germline	0
ORPHA:2107	CHUA_RO	khong_du_nguon	0
ORPHA:2108	CHUA_RO	khong_du_nguon	0
ORPHA:211	DON_GEN	gene_germline	0
ORPHA:2110	CHUA_RO	khong_du_nguon	0
ORPHA:211017	DON_GEN	gene_germline	0
ORPHA:211067	DON_GEN	gene_germline	0
ORPHA:2111	CHUA_RO	khong_du_nguon	0
ORPHA:2114	DON_GEN	gene_germline	0
ORPHA:2115	CHUA_RO	khong_du_nguon	0
ORPHA:2116	DON_GEN	gene_germline	0
ORPHA:2117	DON_GEN	gene_germline	0
ORPHA:2118	DON_GEN	gene_germline	0
ORPHA:2119	CHUA_RO	khong_du_nguon	0
ORPHA:212	DON_GEN	gene_germline	0
ORPHA:2122	CHUA_RO	khong_du_nguon	0
ORPHA:2123	CHUA_RO	khong_du_nguon	0
ORPHA:2126	CHUA_RO	khong_du_nguon	0
ORPHA:2128	DON_GEN	gene_germline	0
ORPHA:213	CHUA_RO	khong_du_nguon	0
ORPHA:2131	DON_GEN	gene_germline	0
ORPHA:2133	DON_GEN	gene_germline	0
ORPHA:2134	CHUA_RO	khong_du_nguon	0
ORPHA:2135	CHUA_RO	khong_du_nguon	0
ORPHA:2136	DON_GEN	gene_germline	0
ORPHA:2137	CHUA_RO	khong_du_nguon	0
ORPHA:2138	DON_GEN	gene_germline	0
ORPHA:2139	CHUA_RO	khong_du_nguon	0
ORPHA:214	DON_GEN	gene_germline	0
ORPHA:2140	CHUA_RO	khong_du_nguon	0
ORPHA:2141	CHUA_RO	khong_du_nguon	0
ORPHA:2143	DON_GEN	gene_germline	0
ORPHA:2145	CHUA_RO	khong_du_nguon	0
ORPHA:2148	DON_GEN	gene_germline	0
ORPHA:2149	CHUA_RO	khong_du_nguon	0
ORPHA:215	DON_GEN	gene_germline	0
ORPHA:2150	CHUA_RO	khong_du_nguon	0
ORPHA:2151	DON_GEN	gene_germline	0
ORPHA:2152	DON_GEN	gene_germline	0
ORPHA:2155	CHUA_RO	khong_du_nguon	0
ORPHA:2157	DON_GEN	gene_germline	0
ORPHA:2158	CHUA_RO	khong_du_nguon	0
ORPHA:2162	CHUA_RO	khong_du_nguon	0
ORPHA:2163	CHUA_RO	khong_du_nguon	0
ORPHA:2165	CHUA_RO	khong_du_nguon	0
ORPHA:2166	CHUA_RO	khong_du_nguon	0
ORPHA:216694	CHUA_RO	khong_du_nguon	0
ORPHA:2167	CHUA_RO	khong_du_nguon	0
ORPHA:216866	DON_GEN	gene_germline	0
ORPHA:216873	DON_GEN	gene_germline	0
ORPHA:2169	DON_GEN	gene_germline	0
ORPHA:217	CHUA_RO	khong_du_nguon	0
ORPHA:217008	CHUA_RO	khong_du_nguon	0
ORPHA:217012	DON_GEN	gene_germline	0
ORPHA:217017	CHUA_RO	khong_du_nguon	0
ORPHA:217059	DON_GEN	gene_germline	0
ORPHA:217067	CHUA_RO	khong_du_nguon	0
ORPHA:2172	CHUA_RO	khong_du_nguon	0
ORPHA:217253	CHUA_RO	khong_du_nguon	0
ORPHA:217260	CHUA_RO	khong_du_nguon	0
ORPHA:217266	DON_GEN	gene_germline	0
ORPHA:217335	DON_GEN	gene_germline	0
ORPHA:217340	CNV	mondo_partial_del_dup	0
ORPHA:217346	CNV	mondo_partial_del_dup	0
ORPHA:217377	CNV	mondo_partial_del_dup	0
ORPHA:217385	CNV	mondo_partial_del_dup	0
ORPHA:217390	DON_GEN	gene_germline	0
ORPHA:217563	DON_GEN	gene_germline	0
ORPHA:2176	DON_GEN	gene_germline	0
ORPHA:217622	DON_GEN	gene_germline	0
ORPHA:2177	DON_GEN	gene_germline	0
ORPHA:218	DON_GEN	gene_germline	0
ORPHA:2180	CHUA_RO	khong_du_nguon	0
ORPHA:2181	CHUA_RO	khong_du_nguon	0
ORPHA:2182	DON_GEN	gene_germline	0
ORPHA:2183	CHUA_RO	khong_du_nguon	0
ORPHA:2184	CHUA_RO	khong_du_nguon	0
ORPHA:2185	CHUA_RO	khong_du_nguon	0
ORPHA:2189	DON_GEN	gene_germline	0
ORPHA:219	DON_GEN	gene_germline	0
ORPHA:2196	DON_GEN	gene_germline	0
ORPHA:2197	DON_GEN	gene_germline	0
ORPHA:2198	DON_GEN	gene_germline	1
ORPHA:2199	DON_GEN	gene_germline	0
ORPHA:22	DON_GEN	gene_germline	0
ORPHA:220	DON_GEN	gene_germline	0
ORPHA:2200	CHUA_RO	khong_du_nguon	0
ORPHA:2201	CHUA_RO	khong_du_nguon	0
ORPHA:2202	DON_GEN	gene_germline	0
ORPHA:220295	DON_GEN	gene_germline	0
ORPHA:2203	DON_GEN	gene_germline	0
ORPHA:220386	DON_GEN	gene_germline	0
ORPHA:220393	CHUA_RO	khong_du_nguon	0
ORPHA:2204	CHUA_RO	khong_du_nguon	0
ORPHA:220402	CHUA_RO	khong_du_nguon	0
ORPHA:220460	CHUA_RO	khong_du_nguon	0
ORPHA:220493	DON_GEN	gene_germline	0
ORPHA:220497	DON_GEN	gene_germline	0
ORPHA:2206	CHUA_RO	khong_du_nguon	0
ORPHA:2209	DON_GEN	gene_germline	0
ORPHA:221	CHUA_RO	khong_du_nguon	0
ORPHA:221008	DON_GEN	gene_germline	0
ORPHA:221016	DON_GEN	gene_germline	0
ORPHA:221054	CHUA_RO	khong_du_nguon	0
ORPHA:221061	DON_GEN	gene_germline	0
ORPHA:221074	CHUA_RO	khong_du_nguon	0
ORPHA:221091	CHUA_RO	khong_du_nguon	0
ORPHA:221098	CHUA_RO	khong_du_nguon	0
ORPHA:2211	CHUA_RO	khong_du_nguon	0
ORPHA:221120	CHUA_RO	khong_du_nguon	0
ORPHA:221139	DON_GEN	gene_germline	0
ORPHA:2213	CHUA_RO	khong_du_nguon	0
ORPHA:2215	CHUA_RO	khong_du_nguon	0
ORPHA:2216	CHUA_RO	khong_du_nguon	0
ORPHA:2218	CHUA_RO	khong_du_nguon	0
ORPHA:222	CHUA_RO	khong_du_nguon	0
ORPHA:2220	CHUA_RO	khong_du_nguon	0
ORPHA:2221	CHUA_RO	khong_du_nguon	0
ORPHA:2222	CHUA_RO	khong_du_nguon	0
ORPHA:2224	DON_GEN	gene_germline	0
ORPHA:2228	DON_GEN	gene_germline	0
ORPHA:2229	DON_GEN	gene_germline	0
ORPHA:223	DON_GEN	gene_germline	0
ORPHA:2232	CHUA_RO	khong_du_nguon	0
ORPHA:2233	CHUA_RO	khong_du_nguon	0
ORPHA:2234	CHUA_RO	khong_du_nguon	0
ORPHA:2235	CHUA_RO	khong_du_nguon	0
ORPHA:2237	CNV	mondo_partial_del_dup	1
ORPHA:2238	CHUA_RO	khong_du_nguon	0
ORPHA:2239	DON_GEN	gene_germline	0
ORPHA:2241	DON_GEN	gene_germline	0
ORPHA:2246	CHUA_RO	khong_du_nguon	0
ORPHA:2248	CHUA_RO	khong_du_nguon	0
ORPHA:2249	CHUA_RO	khong_du_nguon	0
ORPHA:2250	DON_GEN	gene_germline	0
ORPHA:2251	CHUA_RO	khong_du_nguon	0
ORPHA:225147	CHUA_RO	khong_du_nguon	0
ORPHA:225154	DON_GEN	gene_germline	0
ORPHA:2252	CHUA_RO	khong_du_nguon	0
ORPHA:2253	DON_GEN	gene_germline	0
ORPHA:2254	DON_GEN	gene_germline	0
ORPHA:2255	DON_GEN	gene_germline	0
ORPHA:2256	CHUA_RO	khong_du_nguon	0
ORPHA:2257	CHUA_RO	khong_du_nguon	0
ORPHA:226	DON_GEN	gene_germline	0
ORPHA:2260	CHUA_RO	khong_du_nguon	0
ORPHA:2261	CHUA_RO	khong_du_nguon	0
ORPHA:226307	DON_GEN	gene_germline	0
ORPHA:226313	CHUA_RO	khong_du_nguon	0
ORPHA:226316	DON_GEN	gene_germline	0
ORPHA:2266	CHUA_RO	khong_du_nguon	0
ORPHA:2268	DON_GEN	gene_germline	0
ORPHA:2269	CHUA_RO	khong_du_nguon	0
ORPHA:227	CHUA_RO	khong_du_nguon	0
ORPHA:2271	CHUA_RO	khong_du_nguon	0
ORPHA:2273	DON_GEN	gene_germline	0
ORPHA:2274	CHUA_RO	khong_du_nguon	0
ORPHA:227510	CHUA_RO	khong_du_nguon	0
ORPHA:2278	CHUA_RO	khong_du_nguon	0
ORPHA:227982	CHUA_RO	khong_du_nguon	0
ORPHA:227990	CHUA_RO	khong_du_nguon	0
ORPHA:228113	CHUA_RO	khong_du_nguon	0
ORPHA:228116	CHUA_RO	khong_du_nguon	0
ORPHA:228119	CHUA_RO	khong_du_nguon	0
ORPHA:228123	CHUA_RO	khong_du_nguon	0
ORPHA:228169	DON_GEN	gene_germline	0
ORPHA:228190	CHUA_RO	khong_du_nguon	0
ORPHA:2282	CHUA_RO	khong_du_nguon	0
ORPHA:228240	CHUA_RO	khong_du_nguon	0
ORPHA:228277	CHUA_RO	khong_du_nguon	0
ORPHA:228302	DON_GEN	gene_germline	0
ORPHA:228305	DON_GEN	gene_germline	0
ORPHA:228308	DON_GEN	gene_germline	0
ORPHA:228371	CHUA_RO	khong_du_nguon	0
ORPHA:228384	CNV	mondo_partial_del_dup	0
ORPHA:228390	DON_GEN	gene_germline	0
ORPHA:228396	CHUA_RO	khong_du_nguon	0
ORPHA:228399	CNV	mondo_partial_del_dup	0
ORPHA:228402	CNV	mondo_partial_del_dup	0
ORPHA:228410	DON_GEN	gene_germline	0
ORPHA:228415	CNV	mondo_partial_del_dup	0
ORPHA:228423	DON_GEN	gene_germline	0
ORPHA:228426	DON_GEN	gene_germline	0
ORPHA:2285	CHUA_RO	khong_du_nguon	0
ORPHA:2287	CHUA_RO	khong_du_nguon	0
ORPHA:2289	DON_GEN	gene_germline	0
ORPHA:229	DON_GEN	gene_germline	0
ORPHA:2290	DON_GEN	gene_germline	0
ORPHA:2291	CHUA_RO	khong_du_nguon	0
ORPHA:2295	CHUA_RO	khong_du_nguon	0
ORPHA:2297	DON_GEN	gene_germline	0
ORPHA:229717	CHUA_RO	khong_du_nguon	0
ORPHA:2298	CHUA_RO	khong_du_nguon	0
ORPHA:2299	CHUA_RO	khong_du_nguon	0
ORPHA:23	DON_GEN	gene_germline	0
ORPHA:230	DON_GEN	gene_germline	0
ORPHA:2300	DON_GEN	gene_germline	0
ORPHA:2301	DON_GEN	gene_germline	0
ORPHA:2302	CHUA_RO	khong_du_nguon	0
ORPHA:2305	CHUA_RO	khong_du_nguon	0
ORPHA:2306	CHUA_RO	khong_du_nguon	0
ORPHA:2307	DON_GEN	gene_germline	0
ORPHA:2308	CNV	mondo_partial_del_dup	0
ORPHA:230800	CHUA_RO	khong_du_nguon	0
ORPHA:230839	DON_GEN	gene_germline	0
ORPHA:230851	DON_GEN	gene_germline	0
ORPHA:2309	DON_GEN	gene_germline	0
ORPHA:231	CHUA_RO	khong_du_nguon	0
ORPHA:2310	CHUA_RO	khong_du_nguon	0
ORPHA:231080	CHUA_RO	khong_du_nguon	0
ORPHA:2311	DON_GEN	gene_germline	0
ORPHA:231111	CHUA_RO	khong_du_nguon	0
ORPHA:231137	CNV	mondo_partial_del_dup	0
ORPHA:231140	CNV	mondo_chromosomal_khac	0
ORPHA:231144	CNV	mondo_partial_del_dup	0
ORPHA:231147	CNV	mondo_chromosomal_khac	0
ORPHA:231154	DON_GEN	gene_germline	0
ORPHA:231160	DON_GEN	gene_germline	0
ORPHA:231169	DON_GEN	gene_germline	0
ORPHA:231178	DON_GEN	gene_germline	0
ORPHA:231183	DON_GEN	gene_germline	0
ORPHA:231214	DON_GEN	gene_germline	0
ORPHA:231222	DON_GEN	gene_germline	0
ORPHA:231226	DON_GEN	gene_germline	0
ORPHA:231237	DON_GEN	gene_germline	0
ORPHA:231242	DON_GEN	gene_germline	0
ORPHA:231249	DON_GEN	gene_germline	0
ORPHA:231393	DON_GEN	gene_germline	0
ORPHA:2314	DON_GEN	gene_germline	0
ORPHA:231401	DON_GEN	gene_germline	0
ORPHA:231445	CHUA_RO	khong_du_nguon	0
ORPHA:2315	DON_GEN	gene_germline	0
ORPHA:231568	DON_GEN	gene_germline	0
ORPHA:231580	CHUA_RO	khong_du_nguon	0
ORPHA:2316	CHUA_RO	khong_du_nguon	0
ORPHA:231625	CHUA_RO	khong_du_nguon	0
ORPHA:231632	CHUA_RO	khong_du_nguon	0
ORPHA:231720	DON_GEN	gene_germline	0
ORPHA:231736	CHUA_RO	khong_du_nguon	0
ORPHA:2318	DON_GEN	gene_germline	0
ORPHA:2319	DON_GEN	gene_germline	0
ORPHA:232	DON_GEN	gene_germline	0
ORPHA:2321	CHUA_RO	khong_du_nguon	0
ORPHA:2322	DON_GEN	gene_germline	0
ORPHA:2323	DON_GEN	gene_germline	0
ORPHA:2324	CHUA_RO	khong_du_nguon	0
ORPHA:2325	CHUA_RO	khong_du_nguon	0
ORPHA:2326	CHUA_RO	khong_du_nguon	0
ORPHA:2328	CHUA_RO	khong_du_nguon	0
ORPHA:233	DON_GEN	gene_germline	0
ORPHA:2330	CHUA_RO	khong_du_nguon	0
ORPHA:2331	CHUA_RO	khong_du_nguon	0
ORPHA:2332	DON_GEN	gene_germline	0
ORPHA:2334	DON_GEN	gene_germline	0
ORPHA:2337	DON_GEN	gene_germline	0
ORPHA:2339	CHUA_RO	khong_du_nguon	0
ORPHA:234	DON_GEN	gene_germline	0
ORPHA:2340	DON_GEN	gene_germline	0
ORPHA:2342	DON_GEN	gene_germline	0
ORPHA:2345	DON_GEN	gene_germline	0
ORPHA:2347	CHUA_RO	khong_du_nguon	0
ORPHA:2348	DON_GEN	gene_germline	0
ORPHA:2349	CHUA_RO	khong_du_nguon	0
ORPHA:235	DON_GEN	gene_germline	0
ORPHA:2356	CHUA_RO	khong_du_nguon	0
ORPHA:2357	CHUA_RO	khong_du_nguon	0
ORPHA:236	CNV	mondo_partial_del_dup	0
ORPHA:2363	DON_GEN	gene_germline	0
ORPHA:2364	CHUA_RO	khong_du_nguon	0
ORPHA:2368	CHUA_RO	khong_du_nguon	0
ORPHA:2369	CHUA_RO	khong_du_nguon	0
ORPHA:237	CHUA_RO	khong_du_nguon	0
ORPHA:2370	CHUA_RO	khong_du_nguon	0
ORPHA:2373	CHUA_RO	khong_du_nguon	0
ORPHA:2374	CHUA_RO	khong_du_nguon	0
ORPHA:2375	CHUA_RO	khong_du_nguon	0
ORPHA:2377	DON_GEN	gene_germline	0
ORPHA:2378	DON_GEN	gene_germline	0
ORPHA:2379	DON_GEN	gene_germline	0
ORPHA:2380	DON_GEN	gene_germline	0
ORPHA:2382	DON_GEN	gene_germline	0
ORPHA:238329	DON_GEN	gene_germline	0
ORPHA:238446	CNV	mondo_partial_del_dup	0
ORPHA:238455	DON_GEN	gene_germline	0
ORPHA:238459	DON_GEN	gene_germline	0
ORPHA:238468	CHUA_RO	khong_du_nguon	0
ORPHA:238578	CNV	mondo_partial_del_dup	0
ORPHA:238583	CHUA_RO	khong_du_nguon	0
ORPHA:2386	CHUA_RO	khong_du_nguon	0
ORPHA:238606	CHUA_RO	khong_du_nguon	0
ORPHA:238624	CHUA_RO	khong_du_nguon	0
ORPHA:2387	DON_GEN	gene_germline	0
ORPHA:238722	DON_GEN	gene_germline	0
ORPHA:238750	CNV	mondo_partial_del_dup	0
ORPHA:238769	CNV	mondo_partial_del_dup	0
ORPHA:2388	DON_GEN	gene_germline	0
ORPHA:239	DON_GEN	gene_germline	0
ORPHA:2394	DON_GEN	gene_germline	0
ORPHA:2396	DON_GEN	gene_germline	0
ORPHA:2398	DON_GEN	gene_germline	0
ORPHA:2399	CHUA_RO	khong_du_nguon	0
ORPHA:24	DON_GEN	gene_germline	0
ORPHA:240	DON_GEN	gene_germline	0
ORPHA:2400	CHUA_RO	khong_du_nguon	0
ORPHA:240071	DON_GEN	gene_germline	0
ORPHA:240085	DON_GEN	gene_germline	0
ORPHA:240094	CHUA_RO	khong_du_nguon	0
ORPHA:240103	CHUA_RO	khong_du_nguon	0
ORPHA:240112	CHUA_RO	khong_du_nguon	0
ORPHA:2406	CHUA_RO	khong_du_nguon	0
ORPHA:2407	DON_GEN	gene_germline	0
ORPHA:2408	CHUA_RO	khong_du_nguon	0
ORPHA:2409	CHUA_RO	khong_du_nguon	0
ORPHA:241	DON_GEN	gene_germline	0
ORPHA:2410	CHUA_RO	khong_du_nguon	0
ORPHA:2412	CHUA_RO	khong_du_nguon	0
ORPHA:2414	CHUA_RO	khong_du_nguon	0
ORPHA:242	DON_GEN	gene_germline	0
ORPHA:2429	CHUA_RO	khong_du_nguon	0
ORPHA:243	DON_GEN	gene_germline	0
ORPHA:2430	CHUA_RO	khong_du_nguon	0
ORPHA:2432	CHUA_RO	khong_du_nguon	0
ORPHA:243343	DON_GEN	gene_germline	0
ORPHA:2435	CHUA_RO	khong_du_nguon	0
ORPHA:2437	CHUA_RO	khong_du_nguon	0
ORPHA:2438	DON_GEN	gene_germline	0
ORPHA:2439	CHUA_RO	khong_du_nguon	0
ORPHA:244	DON_GEN	gene_germline	0
ORPHA:2440	DON_GEN	gene_germline	0
ORPHA:244242	CHUA_RO	khong_du_nguon	0
ORPHA:244310	DON_GEN	gene_germline	0
ORPHA:2444	CHUA_RO	khong_du_nguon	0
ORPHA:245	DON_GEN	gene_germline	0
ORPHA:2456	CHUA_RO	khong_du_nguon	0
ORPHA:2457	CHUA_RO	khong_du_nguon	0
ORPHA:246	DON_GEN	gene_germline	0
ORPHA:2460	DON_GEN	gene_germline	0
ORPHA:2461	DON_GEN	gene_germline	0
ORPHA:2462	DON_GEN	gene_germline	0
ORPHA:2463	CHUA_RO	khong_du_nguon	0
ORPHA:2466	DON_GEN	gene_germline	0
ORPHA:2470	DON_GEN	gene_germline	0
ORPHA:2471	CHUA_RO	khong_du_nguon	0
ORPHA:247234	CHUA_RO	khong_du_nguon	0
ORPHA:247245	CHUA_RO	khong_du_nguon	0
ORPHA:247257	CHUA_RO	khong_du_nguon	0
ORPHA:247262	DON_GEN	gene_germline	0
ORPHA:2473	DON_GEN	gene_germline	0
ORPHA:247353	DON_GEN	gene_germline	0
ORPHA:2475	CHUA_RO	khong_du_nguon	0
ORPHA:247525	DON_GEN	gene_germline	0
ORPHA:247585	DON_GEN	gene_germline	0
ORPHA:247598	DON_GEN	gene_germline	0
ORPHA:2476	CHUA_RO	khong_du_nguon	0
ORPHA:247604	DON_GEN	gene_germline	0
ORPHA:247691	DON_GEN	gene_germline	0
ORPHA:2477	CHUA_RO	khong_du_nguon	0
ORPHA:247768	DON_GEN	gene_germline	0
ORPHA:247798	DON_GEN	gene_germline	0
ORPHA:2478	DON_GEN	gene_germline	0
ORPHA:247815	DON_GEN	gene_germline	0
ORPHA:2479	CHUA_RO	khong_du_nguon	0
ORPHA:248	DON_GEN	gene_germline	0
ORPHA:2481	DON_GEN	gene_germline	0
ORPHA:248111	DON_GEN	gene_germline	0
ORPHA:2483	CHUA_RO	khong_du_nguon	0
ORPHA:2484	DON_GEN	gene_germline	0
ORPHA:2485	DON_GEN	gene_germline	0
ORPHA:2487	CHUA_RO	khong_du_nguon	0
ORPHA:2489	CHUA_RO	khong_du_nguon	0
ORPHA:249	CHUA_RO	khong_du_nguon	0
ORPHA:2491	CHUA_RO	khong_du_nguon	0
ORPHA:2492	CHUA_RO	khong_du_nguon	0
ORPHA:2494	CHUA_RO	khong_du_nguon	0
ORPHA:2495	DON_GEN	gene_germline	0
ORPHA:2496	CNV	mondo_partial_del_dup	0
ORPHA:2497	CHUA_RO	khong_du_nguon	0
ORPHA:2499	DON_GEN	gene_germline	0
ORPHA:25	DON_GEN	gene_germline	0
ORPHA:2500	DON_GEN	gene_germline	0
ORPHA:2501	DON_GEN	gene_germline	0
ORPHA:2502	CHUA_RO	khong_du_nguon	0
ORPHA:2505	DON_GEN	gene_germline	0
ORPHA:2508	DON_GEN	gene_germline	0
ORPHA:250923	DON_GEN	gene_germline	0
ORPHA:250972	DON_GEN	gene_germline	0
ORPHA:250977	DON_GEN	gene_germline	0
ORPHA:250984	DON_GEN	gene_germline	0
ORPHA:250989	CNV	mondo_partial_del_dup	1
ORPHA:250994	CNV	mondo_partial_del_dup	0
ORPHA:250999	CNV	mondo_partial_del_dup	0
ORPHA:2510	DON_GEN	gene_germline	0
ORPHA:251004	CNV	mondo_chromosomal_khac	0
ORPHA:251009	CNV	mondo_chromosomal_khac	0
ORPHA:251014	CNV	mondo_partial_del_dup	0
ORPHA:251019	CNV	mondo_partial_del_dup	1
ORPHA:251028	CNV	mondo_partial_del_dup	0
ORPHA:251038	CNV	mondo_partial_del_dup	0
ORPHA:251046	CNV	mondo_partial_del_dup	0
ORPHA:251056	CNV	mondo_partial_del_dup	0
ORPHA:251061	CNV	mondo_partial_del_dup	0
ORPHA:251066	CNV	mondo_partial_del_dup	0
ORPHA:251071	CNV	mondo_partial_del_dup	0
ORPHA:251076	CNV	mondo_partial_del_dup	0
ORPHA:2511	CHUA_RO	khong_du_nguon	0
ORPHA:2512	DON_GEN	gene_germline	0
ORPHA:251274	DON_GEN	gene_germline	0
ORPHA:251282	DON_GEN	gene_germline	0
ORPHA:2513	CHUA_RO	khong_du_nguon	0
ORPHA:251347	DON_GEN	gene_germline	0
ORPHA:251380	DON_GEN	gene_germline	0
ORPHA:251383	DON_GEN	gene_germline	0
ORPHA:251393	DON_GEN	gene_germline	0
ORPHA:2514	DON_GEN	gene_germline	0
ORPHA:2515	CHUA_RO	khong_du_nguon	0
ORPHA:251510	DON_GEN	gene_germline	0
ORPHA:2516	CHUA_RO	khong_du_nguon	0
ORPHA:251623	CHUA_RO	khong_du_nguon	0
ORPHA:251636	CHUA_RO	khong_du_nguon	0
ORPHA:251639	CHUA_RO	khong_du_nguon	0
ORPHA:251643	CHUA_RO	khong_du_nguon	0
ORPHA:2518	DON_GEN	gene_germline	0
ORPHA:2519	CHUA_RO	khong_du_nguon	0
ORPHA:251909	CHUA_RO	khong_du_nguon	0
ORPHA:251912	CHUA_RO	khong_du_nguon	0
ORPHA:251915	CHUA_RO	khong_du_nguon	0
ORPHA:251937	CHUA_RO	khong_du_nguon	0
ORPHA:251992	CHUA_RO	khong_du_nguon	0
ORPHA:252054	CHUA_RO	khong_du_nguon	0
ORPHA:2521	CHUA_RO	khong_du_nguon	0
ORPHA:252164	CHUA_RO	khong_du_nguon	0
ORPHA:252183	CHUA_RO	khong_du_nguon	0
ORPHA:2522	CHUA_RO	khong_du_nguon	0
ORPHA:2523	CHUA_RO	khong_du_nguon	0
ORPHA:2524	DON_GEN	gene_germline	0
ORPHA:2526	DON_GEN	gene_germline	0
ORPHA:2528	CHUA_RO	khong_du_nguon	0
ORPHA:2533	CHUA_RO	khong_du_nguon	0
ORPHA:2536	CHUA_RO	khong_du_nguon	0
ORPHA:2538	CHUA_RO	khong_du_nguon	0
ORPHA:254343	DON_GEN	gene_germline	0
ORPHA:254346	CNV	mondo_partial_del_dup	0
ORPHA:254351	CNV	mondo_partial_del_dup	0
ORPHA:254361	DON_GEN	gene_germline	0
ORPHA:254478	CHUA_RO	khong_du_nguon	0
ORPHA:254504	CHUA_RO	khong_du_nguon	0
ORPHA:254509	CHUA_RO	khong_du_nguon	0
ORPHA:254516	CHUA_RO	khong_du_nguon	0
ORPHA:254519	CHUA_RO	khong_du_nguon	0
ORPHA:254525	CNV	mondo_partial_del_dup	0
ORPHA:254528	CNV	ten_benh	0
ORPHA:254531	CHUA_RO	khong_du_nguon	0
ORPHA:254534	CHUA_RO	khong_du_nguon	0
ORPHA:2547	CHUA_RO	khong_du_nguon	0
ORPHA:254704	DON_GEN	gene_germline	0
ORPHA:254854	CHUA_RO	khong_du_nguon	0
ORPHA:254857	DON_GEN	gene_germline	0
ORPHA:254864	DON_GEN	gene_germline	0
ORPHA:254875	DON_GEN	gene_germline	0
ORPHA:254881	DON_GEN	gene_germline	0
ORPHA:254886	DON_GEN	gene_germline	0
ORPHA:254892	DON_GEN	gene_germline	0
ORPHA:2549	CHUA_RO	khong_du_nguon	0
ORPHA:254913	DON_GEN	gene_germline	0
ORPHA:254930	DON_GEN	gene_germline	0
ORPHA:255138	DON_GEN	gene_germline	0
ORPHA:255182	DON_GEN	gene_germline	0
ORPHA:2552	CHUA_RO	khong_du_nguon	0
ORPHA:255210	DON_GEN	gene_germline	0
ORPHA:2554	DON_GEN	gene_germline	0
ORPHA:2556	DON_GEN	gene_germline	0
ORPHA:2557	CHUA_RO	khong_du_nguon	0
ORPHA:256	DON_GEN	gene_germline	0
ORPHA:2560	CHUA_RO	khong_du_nguon	0
ORPHA:2563	CHUA_RO	khong_du_nguon	0
ORPHA:2564	CHUA_RO	khong_du_nguon	0
ORPHA:257	DON_GEN	gene_germline	0
ORPHA:2570	DON_GEN	gene_germline	0
ORPHA:2571	CHUA_RO	khong_du_nguon	0
ORPHA:2572	CHUA_RO	khong_du_nguon	0
ORPHA:2573	CHUA_RO	khong_du_nguon	0
ORPHA:2575	CHUA_RO	khong_du_nguon	0
ORPHA:2576	DON_GEN	gene_germline	0
ORPHA:2578	CHUA_RO	khong_du_nguon	0
ORPHA:2579	CHUA_RO	khong_du_nguon	0
ORPHA:258	DON_GEN	gene_germline	0
ORPHA:2582	CHUA_RO	khong_du_nguon	0
ORPHA:2583	CHUA_RO	khong_du_nguon	0
ORPHA:2584	CHUA_RO	khong_du_nguon	0
ORPHA:2585	DON_GEN	gene_germline	0
ORPHA:2588	DON_GEN	gene_germline	0
ORPHA:2589	CHUA_RO	khong_du_nguon	0
ORPHA:2590	DON_GEN	gene_germline	0
ORPHA:2591	DON_GEN	gene_germline	0
ORPHA:2593	DON_GEN	gene_germline	0
ORPHA:2596	DON_GEN	gene_germline	0
ORPHA:25968	CHUA_RO	khong_du_nguon	0
ORPHA:2597	DON_GEN	gene_germline	0
ORPHA:2598	DON_GEN	gene_germline	0
ORPHA:26	CHUA_RO	khong_du_nguon	0
ORPHA:2604	DON_GEN	gene_germline	0
ORPHA:2608	CHUA_RO	khong_du_nguon	0
ORPHA:2609	DON_GEN	gene_germline	0
ORPHA:261	CHUA_RO	khong_du_nguon	0
ORPHA:2611	CHUA_RO	khong_du_nguon	0
ORPHA:261102	CNV	mondo_partial_del_dup	0
ORPHA:261112	CNV	mondo_partial_del_dup	0
ORPHA:261120	CNV	mondo_partial_del_dup	0
ORPHA:261144	CNV	mondo_partial_del_dup	0
ORPHA:261183	CNV	mondo_partial_del_dup	0
ORPHA:261190	CNV	mondo_partial_del_dup	0
ORPHA:261197	CNV	mondo_partial_del_dup	0
ORPHA:2612	DON_GEN	gene_germline	0
ORPHA:261204	CNV	mondo_partial_del_dup	0
ORPHA:261211	CNV	mondo_partial_del_dup	0
ORPHA:261222	CNV	mondo_partial_del_dup	0
ORPHA:261229	CNV	mondo_partial_del_dup	0
ORPHA:261236	CNV	mondo_partial_del_dup	0
ORPHA:261243	CNV	mondo_partial_del_dup	0
ORPHA:261250	CNV	mondo_partial_del_dup	0
ORPHA:261265	CNV	mondo_partial_del_dup	0
ORPHA:261272	CNV	mondo_partial_del_dup	0
ORPHA:261279	CNV	mondo_partial_del_dup	0
ORPHA:261290	CNV	mondo_partial_del_dup	0
ORPHA:261295	CNV	mondo_partial_del_dup	0
ORPHA:2613	DON_GEN	gene_germline	0
ORPHA:261304	CNV	mondo_partial_del_dup	0
ORPHA:261311	CNV	mondo_partial_del_dup	0
ORPHA:261318	CNV	mondo_partial_del_dup	0
ORPHA:261323	CNV	mondo_partial_del_dup	1
ORPHA:261330	CNV	mondo_partial_del_dup	0
ORPHA:261337	CNV	mondo_partial_del_dup	0
ORPHA:261344	CNV	mondo_partial_del_dup	0
ORPHA:261349	CNV	mondo_partial_del_dup	0
ORPHA:26137	CHUA_RO	khong_du_nguon	0
ORPHA:2614	DON_GEN	gene_germline	0
ORPHA:261476	CNV	mondo_partial_del_dup	0
ORPHA:261483	CNV	mondo_partial_del_dup	0
ORPHA:261494	CHUA_RO	khong_du_nguon	0
ORPHA:261519	CNV	mondo_chromosomal_khac	0
ORPHA:261524	CNV	mondo_chromosomal_khac	0
ORPHA:261529	NST	ten_benh	0
ORPHA:261534	NST	ten_benh	0
ORPHA:261537	CNV	mondo_partial_del_dup	0
ORPHA:261552	DON_GEN	gene_germline	0
ORPHA:261584	CNV	mondo_partial_del_dup	0
ORPHA:2616	DON_GEN	gene_germline	0
ORPHA:261652	DON_GEN	gene_germline	0
ORPHA:2617	CHUA_RO	khong_du_nguon	0
ORPHA:2619	CHUA_RO	khong_du_nguon	0
ORPHA:2623	DON_GEN	gene_germline	0
ORPHA:2631	CHUA_RO	khong_du_nguon	0
ORPHA:2632	DON_GEN	gene_germline	0
ORPHA:263297	DON_GEN	gene_germline	0
ORPHA:2633	CHUA_RO	khong_du_nguon	0
ORPHA:2634	CHUA_RO	khong_du_nguon	0
ORPHA:263410	DON_GEN	gene_germline	0
ORPHA:263432	CHUA_RO	khong_du_nguon	0
ORPHA:263455	DON_GEN	gene_germline	0
ORPHA:263458	DON_GEN	gene_germline	0
ORPHA:263463	DON_GEN	gene_germline	0
ORPHA:263479	CHUA_RO	khong_du_nguon	0
ORPHA:263487	DON_GEN	gene_germline	0
ORPHA:263494	DON_GEN	gene_germline	0
ORPHA:2635	DON_GEN	gene_germline	0
ORPHA:263501	DON_GEN	gene_germline	0
ORPHA:263508	DON_GEN	gene_germline	0
ORPHA:263516	DON_GEN	gene_germline	0
ORPHA:263534	DON_GEN	gene_germline	0
ORPHA:2636	DON_GEN	gene_germline	0
ORPHA:263665	CHUA_RO	khong_du_nguon	0
ORPHA:2637	DON_GEN	gene_germline	0
ORPHA:2639	DON_GEN	gene_germline	0
ORPHA:264200	CNV	mondo_partial_del_dup	0
ORPHA:2643	CHUA_RO	khong_du_nguon	0
ORPHA:264450	CNV	mondo_partial_del_dup	0
ORPHA:2645	DON_GEN	gene_germline	0
ORPHA:264580	DON_GEN	gene_germline	0
ORPHA:264675	DON_GEN	gene_germline	0
ORPHA:2655	CHUA_RO	khong_du_nguon	0
ORPHA:2658	DON_GEN	gene_germline	0
ORPHA:2662	DON_GEN	gene_germline	0
ORPHA:2663	CHUA_RO	khong_du_nguon	0
ORPHA:2668	CHUA_RO	khong_du_nguon	0
ORPHA:2669	CHUA_RO	khong_du_nguon	0
ORPHA:267	DON_GEN	gene_germline	0
ORPHA:2670	DON_GEN	gene_germline	0
ORPHA:2671	CHUA_RO	khong_du_nguon	0
ORPHA:2672	CHUA_RO	khong_du_nguon	0
ORPHA:2673	CHUA_RO	khong_du_nguon	0
ORPHA:2678	CHUA_RO	khong_du_nguon	0
ORPHA:26790	CHUA_RO	khong_du_nguon	0
ORPHA:26791	DON_GEN	gene_germline	0
ORPHA:26792	DON_GEN	gene_germline	0
ORPHA:26793	DON_GEN	gene_germline	0
ORPHA:268	DON_GEN	gene_germline	0
ORPHA:2680	DON_GEN	gene_germline	0
ORPHA:268249	CHUA_RO	khong_du_nguon	0
ORPHA:268261	CNV	mondo_partial_del_dup	0
ORPHA:2686	DON_GEN	gene_germline	0
ORPHA:2688	DON_GEN	gene_germline	0
ORPHA:268810	CHUA_RO	khong_du_nguon	0
ORPHA:268882	DON_GEN	gene_germline	0
ORPHA:268940	CHUA_RO	khong_du_nguon	0
ORPHA:268943	CHUA_RO	khong_du_nguon	0
ORPHA:268947	CHUA_RO	khong_du_nguon	0
ORPHA:269	DON_GEN	gene_germline	0
ORPHA:2690	CHUA_RO	khong_du_nguon	0
ORPHA:2695	CHUA_RO	khong_du_nguon	0
ORPHA:2697	DON_GEN	gene_germline	0
ORPHA:2698	DON_GEN	gene_germline	0
ORPHA:27	DON_GEN	gene_germline	0
ORPHA:270	DON_GEN	gene_germline	0
ORPHA:2701	DON_GEN	gene_germline	0
ORPHA:2703	CHUA_RO	khong_du_nguon	0
ORPHA:2704	DON_GEN	gene_germline	0
ORPHA:2707	DON_GEN	gene_germline	0
ORPHA:2709	CHUA_RO	khong_du_nguon	0
ORPHA:2710	DON_GEN	gene_germline	0
ORPHA:2712	DON_GEN	gene_germline	0
ORPHA:2714	CHUA_RO	khong_du_nguon	0
ORPHA:2715	CHUA_RO	khong_du_nguon	0
ORPHA:2717	DON_GEN	gene_germline	0
ORPHA:271861	CHUA_RO	khong_du_nguon	0
ORPHA:2719	CHUA_RO	khong_du_nguon	0
ORPHA:272	DON_GEN	gene_germline	0
ORPHA:2720	CHUA_RO	khong_du_nguon	0
ORPHA:2722	CHUA_RO	khong_du_nguon	0
ORPHA:2724	CHUA_RO	khong_du_nguon	0
ORPHA:2728	DON_GEN	gene_germline	0
ORPHA:273	DON_GEN	gene_germline	0
ORPHA:2730	CHUA_RO	khong_du_nguon	0
ORPHA:2732	CHUA_RO	khong_du_nguon	0
ORPHA:2736	CHUA_RO	khong_du_nguon	0
ORPHA:274	DON_GEN	gene_germline	0
ORPHA:2741	CHUA_RO	khong_du_nguon	0
ORPHA:2743	CHUA_RO	khong_du_nguon	0
ORPHA:2744	DON_GEN	gene_germline	0
ORPHA:2745	DON_GEN	gene_germline	0
ORPHA:2746	DON_GEN	gene_germline	0
ORPHA:275	DON_GEN	gene_germline	0
ORPHA:2750	DON_GEN	gene_germline	0
ORPHA:2751	DON_GEN	gene_germline	0
ORPHA:2753	DON_GEN	gene_germline	0
ORPHA:2754	DON_GEN	gene_germline	0
ORPHA:275543	CHUA_RO	khong_du_nguon	0
ORPHA:275555	CHUA_RO	khong_du_nguon	0
ORPHA:275761	DON_GEN	gene_germline	0
ORPHA:275766	CHUA_RO	khong_du_nguon	0
ORPHA:275864	DON_GEN	gene_germline	0
ORPHA:275872	DON_GEN	gene_germline	0
ORPHA:2759	CHUA_RO	khong_du_nguon	0
ORPHA:276	DON_GEN	gene_germline	0
ORPHA:2760	CHUA_RO	khong_du_nguon	0
ORPHA:276152	DON_GEN	gene_germline	0
ORPHA:276183	DON_GEN	gene_germline	0
ORPHA:276193	DON_GEN	gene_germline	0
ORPHA:276198	DON_GEN	gene_germline	0
ORPHA:2762	DON_GEN	gene_germline	0
ORPHA:276238	DON_GEN	gene_germline	0
ORPHA:276241	DON_GEN	gene_germline	0
ORPHA:276244	DON_GEN	gene_germline	0
ORPHA:276280	CHUA_RO	khong_du_nguon	0
ORPHA:276399	DON_GEN	gene_germline	0
ORPHA:2764	DON_GEN	gene_germline	0
ORPHA:276413	CNV	mondo_partial_del_dup	0
ORPHA:276422	CNV	mondo_partial_del_dup	0
ORPHA:276432	DON_GEN	gene_germline	0
ORPHA:276435	DON_GEN	gene_germline	0
ORPHA:276556	DON_GEN	gene_germline	0
ORPHA:276575	DON_GEN	gene_germline	0
ORPHA:276580	DON_GEN	gene_germline	0
ORPHA:276608	CHUA_RO	khong_du_nguon	0
ORPHA:276621	DON_GEN	gene_germline	0
ORPHA:276630	DON_GEN	gene_germline	0
ORPHA:2768	CHUA_RO	khong_du_nguon	0
ORPHA:2769	CHUA_RO	khong_du_nguon	0
ORPHA:277	DON_GEN	gene_germline	0
ORPHA:2770	DON_GEN	gene_germline	0
ORPHA:2771	DON_GEN	gene_germline	0
ORPHA:2772	CHUA_RO	khong_du_nguon	0
ORPHA:2773	CHUA_RO	khong_du_nguon	0
ORPHA:2774	DON_GEN	gene_germline	0
ORPHA:2776	CHUA_RO	khong_du_nguon	0
ORPHA:2777	CHUA_RO	khong_du_nguon	0
ORPHA:2779	CHUA_RO	khong_du_nguon	0
ORPHA:2780	DON_GEN	gene_germline	0
ORPHA:2785	DON_GEN	gene_germline	0
ORPHA:2786	CHUA_RO	khong_du_nguon	0
ORPHA:2788	DON_GEN	gene_germline	0
ORPHA:2789	DON_GEN	gene_germline	0
ORPHA:2790	DON_GEN	gene_germline	0
ORPHA:2791	CNV	mondo_partial_del_dup	0
ORPHA:2792	DON_GEN	gene_germline	0
ORPHA:2793	CHUA_RO	khong_du_nguon	0
ORPHA:2795	CHUA_RO	khong_du_nguon	0
ORPHA:2796	DON_GEN	gene_germline	0
ORPHA:2798	CHUA_RO	khong_du_nguon	0
ORPHA:279882	CHUA_RO	khong_du_nguon	0
ORPHA:279914	CHUA_RO	khong_du_nguon	0
ORPHA:279947	CHUA_RO	khong_du_nguon	0
ORPHA:28	CHUA_RO	khong_du_nguon	0
ORPHA:280	CNV	mondo_partial_del_dup	1
ORPHA:280062	CHUA_RO	khong_du_nguon	0
ORPHA:280071	DON_GEN	gene_germline	0
ORPHA:2801	DON_GEN	gene_germline	0
ORPHA:280195	DON_GEN	gene_germline	0
ORPHA:2802	DON_GEN	gene_germline	0
ORPHA:280200	DON_GEN	gene_germline	0
ORPHA:280210	DON_GEN	gene_germline	0
ORPHA:280219	DON_GEN	gene_germline	0
ORPHA:280224	DON_GEN	gene_germline	0
ORPHA:280229	DON_GEN	gene_germline	0
ORPHA:280234	DON_GEN	gene_germline	0
ORPHA:280333	DON_GEN	gene_germline	0
ORPHA:280356	DON_GEN	gene_germline	0
ORPHA:280365	DON_GEN	gene_germline	0
ORPHA:280384	DON_GEN	gene_germline	0
ORPHA:280397	DON_GEN	gene_germline	0
ORPHA:2804	CHUA_RO	khong_du_nguon	0
ORPHA:2806	CHUA_RO	khong_du_nguon	0
ORPHA:280633	DON_GEN	gene_germline	0
ORPHA:280679	CHUA_RO	khong_du_nguon	0
ORPHA:2807	DON_GEN	gene_germline	0
ORPHA:280763	DON_GEN	gene_germline	0
ORPHA:280779	CHUA_RO	khong_du_nguon	0
ORPHA:280785	DON_GEN	gene_germline	0
ORPHA:280794	DON_GEN	gene_germline	0
ORPHA:2808	CHUA_RO	khong_du_nguon	0
ORPHA:280921	CHUA_RO	khong_du_nguon	0
ORPHA:281	CNV	mondo_partial_del_dup	0
ORPHA:281090	CHUA_RO	khong_du_nguon	0
ORPHA:281122	DON_GEN	gene_germline	0
ORPHA:281127	DON_GEN	gene_germline	0
ORPHA:2812	CHUA_RO	khong_du_nguon	0
ORPHA:281201	DON_GEN	gene_germline	0
ORPHA:2815	CHUA_RO	khong_du_nguon	0
ORPHA:2818	CHUA_RO	khong_du_nguon	0
ORPHA:2819	CHUA_RO	khong_du_nguon	0
ORPHA:2820	CHUA_RO	khong_du_nguon	0
ORPHA:2821	CHUA_RO	khong_du_nguon	0
ORPHA:282166	DON_GEN	gene_germline	0
ORPHA:2822	DON_GEN	gene_germline	0
ORPHA:2824	CHUA_RO	khong_du_nguon	0
ORPHA:2826	CHUA_RO	khong_du_nguon	0
ORPHA:2828	DON_GEN	gene_germline	0
ORPHA:2831	CHUA_RO	khong_du_nguon	0
ORPHA:2833	DON_GEN	gene_germline	0
ORPHA:2834	DON_GEN	gene_germline	0
ORPHA:2835	CHUA_RO	khong_du_nguon	0
ORPHA:2836	DON_GEN	gene_germline	0
ORPHA:28378	DON_GEN	gene_germline	0
ORPHA:2838	CHUA_RO	khong_du_nguon	0
ORPHA:2839	CHUA_RO	khong_du_nguon	0
ORPHA:284	CHUA_RO	khong_du_nguon	0
ORPHA:2840	CHUA_RO	khong_du_nguon	0
ORPHA:2841	DON_GEN	gene_germline	0
ORPHA:284160	CNV	mondo_partial_del_dup	0
ORPHA:284169	CNV	mondo_partial_del_dup	0
ORPHA:284180	CNV	mondo_partial_del_dup	0
ORPHA:2842	CHUA_RO	khong_du_nguon	0
ORPHA:284227	CHUA_RO	khong_du_nguon	0
ORPHA:284271	DON_GEN	gene_germline	0
ORPHA:284282	DON_GEN	gene_germline	0
ORPHA:284289	DON_GEN	gene_germline	0
ORPHA:2843	DON_GEN	gene_germline	0
ORPHA:284324	DON_GEN	gene_germline	0
ORPHA:284332	CHUA_RO	khong_du_nguon	0
ORPHA:284339	DON_GEN	gene_germline	0
ORPHA:284388	CHUA_RO	khong_du_nguon	0
ORPHA:284400	CHUA_RO	khong_du_nguon	0
ORPHA:284417	DON_GEN	gene_germline	0
ORPHA:284426	DON_GEN	gene_germline	0
ORPHA:284454	CHUA_RO	khong_du_nguon	0
ORPHA:2847	CHUA_RO	khong_du_nguon	0
ORPHA:2848	DON_GEN	gene_germline	0
ORPHA:2849	DON_GEN	gene_germline	0
ORPHA:284979	DON_GEN	gene_germline	0
ORPHA:284984	DON_GEN	gene_germline	0
ORPHA:285	CHUA_RO	khong_du_nguon	0
ORPHA:2850	DON_GEN	gene_germline	0
ORPHA:2855	DON_GEN	gene_germline	0
ORPHA:2856	DON_GEN	gene_germline	0
ORPHA:286	DON_GEN	gene_germline	0
ORPHA:2863	CHUA_RO	khong_du_nguon	0
ORPHA:2865	CHUA_RO	khong_du_nguon	0
ORPHA:2866	CHUA_RO	khong_du_nguon	0
ORPHA:2867	CHUA_RO	khong_du_nguon	0
ORPHA:2868	CHUA_RO	khong_du_nguon	0
ORPHA:2869	DON_GEN	gene_germline	0
ORPHA:287	DON_GEN	gene_germline	0
ORPHA:2871	CHUA_RO	khong_du_nguon	0
ORPHA:2872	CHUA_RO	khong_du_nguon	0
ORPHA:2874	CHUA_RO	khong_du_nguon	0
ORPHA:2875	CHUA_RO	khong_du_nguon	0
ORPHA:2876	CHUA_RO	khong_du_nguon	0
ORPHA:2879	DON_GEN	gene_germline	0
ORPHA:288	DON_GEN	gene_germline	0
ORPHA:2880	DON_GEN	gene_germline	0
ORPHA:2882	DON_GEN	gene_germline	0
ORPHA:2884	DON_GEN	gene_germline	0
ORPHA:2885	CHUA_RO	khong_du_nguon	0
ORPHA:2886	DON_GEN	gene_germline	0
ORPHA:2889	CHUA_RO	khong_du_nguon	0
ORPHA:289	DON_GEN	gene_germline	0
ORPHA:2890	CHUA_RO	khong_du_nguon	0
ORPHA:2891	DON_GEN	gene_germline	0
ORPHA:289157	DON_GEN	gene_germline	0
ORPHA:289176	DON_GEN	gene_germline	0
ORPHA:289266	DON_GEN	gene_germline	0
ORPHA:289390	CHUA_RO	khong_du_nguon	0
ORPHA:289483	CHUA_RO	khong_du_nguon	0
ORPHA:289494	CHUA_RO	khong_du_nguon	0
ORPHA:289504	DON_GEN	gene_germline	0
ORPHA:289522	CNV	mondo_partial_del_dup	0
ORPHA:289548	DON_GEN	gene_germline	0
ORPHA:289560	DON_GEN	gene_germline	0
ORPHA:289596	CHUA_RO	khong_du_nguon	0
ORPHA:2896	DON_GEN	gene_germline	0
ORPHA:289601	DON_GEN	gene_germline	0
ORPHA:2897	DON_GEN	gene_germline	0
ORPHA:2898	CHUA_RO	khong_du_nguon	0
ORPHA:289916	DON_GEN	gene_germline	0
ORPHA:29	DON_GEN	gene_germline	0
ORPHA:290	CHUA_RO	khong_du_nguon	0
ORPHA:2900	CHUA_RO	khong_du_nguon	0
ORPHA:2901	CHUA_RO	khong_du_nguon	0
ORPHA:2902	CHUA_RO	khong_du_nguon	0
ORPHA:2903	DON_GEN	gene_germline	0
ORPHA:2905	CHUA_RO	khong_du_nguon	0
ORPHA:2907	CHUA_RO	khong_du_nguon	0
ORPHA:29072	DON_GEN	gene_germline	0
ORPHA:29073	CHUA_RO	khong_du_nguon	0
ORPHA:2908	DON_GEN	gene_germline	0
ORPHA:2909	CHUA_RO	khong_du_nguon	0
ORPHA:291	CHUA_RO	khong_du_nguon	0
ORPHA:2911	CHUA_RO	khong_du_nguon	0
ORPHA:2912	CHUA_RO	khong_du_nguon	0
ORPHA:2916	CHUA_RO	khong_du_nguon	0
ORPHA:2917	CHUA_RO	khong_du_nguon	0
ORPHA:2919	DON_GEN	gene_germline	0
ORPHA:292	CHUA_RO	khong_du_nguon	0
ORPHA:2920	CHUA_RO	khong_du_nguon	0
ORPHA:29207	CHUA_RO	khong_du_nguon	0
ORPHA:2921	CHUA_RO	khong_du_nguon	0
ORPHA:2924	DON_GEN	gene_germline	0
ORPHA:2926	CHUA_RO	khong_du_nguon	0
ORPHA:2928	CHUA_RO	khong_du_nguon	0
ORPHA:2929	DON_GEN	gene_germline	0
ORPHA:293	CHUA_RO	khong_du_nguon	0
ORPHA:2930	CHUA_RO	khong_du_nguon	0
ORPHA:293168	DON_GEN	gene_germline	0
ORPHA:293173	CHUA_RO	khong_du_nguon	0
ORPHA:293181	DON_GEN	gene_germline	0
ORPHA:2932	CHUA_RO	khong_du_nguon	0
ORPHA:293381	DON_GEN	gene_germline	0
ORPHA:2934	CHUA_RO	khong_du_nguon	0
ORPHA:2935	CHUA_RO	khong_du_nguon	0
ORPHA:293603	DON_GEN	gene_germline	0
ORPHA:293621	CHUA_RO	khong_du_nguon	0
ORPHA:293707	DON_GEN	gene_germline	0
ORPHA:293725	CHUA_RO	khong_du_nguon	0
ORPHA:293807	CHUA_RO	khong_du_nguon	0
ORPHA:293812	CHUA_RO	khong_du_nguon	0
ORPHA:293843	DON_GEN	gene_germline	0
ORPHA:293939	CNV	mondo_partial_del_dup	0
ORPHA:293948	CNV	mondo_partial_del_dup	0
ORPHA:293964	DON_GEN	gene_germline	0
ORPHA:293967	CHUA_RO	khong_du_nguon	0
ORPHA:293978	DON_GEN	gene_germline	0
ORPHA:293987	CHUA_RO	khong_du_nguon	0
ORPHA:294	CHUA_RO	khong_du_nguon	0
ORPHA:2940	CHUA_RO	khong_du_nguon	0
ORPHA:294023	DON_GEN	gene_germline	0
ORPHA:2942	CHUA_RO	khong_du_nguon	0
ORPHA:294415	DON_GEN	gene_germline	0
ORPHA:294975	CHUA_RO	khong_du_nguon	0
ORPHA:295	CHUA_RO	khong_du_nguon	0
ORPHA:295000	CHUA_RO	khong_du_nguon	0
ORPHA:295036	CHUA_RO	khong_du_nguon	0
ORPHA:295044	CHUA_RO	khong_du_nguon	0
ORPHA:295047	CHUA_RO	khong_du_nguon	0
ORPHA:2953	DON_GEN	gene_germline	0
ORPHA:2956	CHUA_RO	khong_du_nguon	0
ORPHA:2958	DON_GEN	gene_germline	0
ORPHA:2959	CHUA_RO	khong_du_nguon	0
ORPHA:296	DON_GEN	gene_germline	0
ORPHA:2962	CHUA_RO	khong_du_nguon	0
ORPHA:2963	DON_GEN	gene_germline	0
ORPHA:2964	CHUA_RO	khong_du_nguon	0
ORPHA:2965	CHUA_RO	khong_du_nguon	0
ORPHA:2968	CHUA_RO	khong_du_nguon	0
ORPHA:2969	DON_GEN	gene_germline	0
ORPHA:297	CHUA_RO	khong_du_nguon	0
ORPHA:2970	DON_GEN	gene_germline	0
ORPHA:2971	DON_GEN	gene_germline	0
ORPHA:2972	CHUA_RO	khong_du_nguon	0
ORPHA:2973	CHUA_RO	khong_du_nguon	0
ORPHA:2975	CHUA_RO	khong_du_nguon	0
ORPHA:2976	CHUA_RO	khong_du_nguon	0
ORPHA:2978	CHUA_RO	khong_du_nguon	0
ORPHA:298	DON_GEN	gene_germline	0
ORPHA:2980	CHUA_RO	khong_du_nguon	0
ORPHA:29822	CHUA_RO	khong_du_nguon	0
ORPHA:2983	CHUA_RO	khong_du_nguon	0
ORPHA:2985	CHUA_RO	khong_du_nguon	0
ORPHA:2988	CHUA_RO	khong_du_nguon	0
ORPHA:2989	CHUA_RO	khong_du_nguon	0
ORPHA:2990	DON_GEN	gene_germline	0
ORPHA:2994	CHUA_RO	khong_du_nguon	0
ORPHA:2995	DON_GEN	gene_germline	0
ORPHA:2997	CHUA_RO	khong_du_nguon	0
ORPHA:30	DON_GEN	gene_germline	0
ORPHA:3000	DON_GEN	gene_germline	0
ORPHA:300179	DON_GEN	gene_germline	0
ORPHA:3002	CHUA_RO	khong_du_nguon	0
ORPHA:300298	DON_GEN	gene_germline	0
ORPHA:3003	CHUA_RO	khong_du_nguon	0
ORPHA:300305	CNV	mondo_partial_del_dup	0
ORPHA:300373	CHUA_RO	khong_du_nguon	0
ORPHA:300385	CHUA_RO	khong_du_nguon	0
ORPHA:3004	CHUA_RO	khong_du_nguon	0
ORPHA:300493	CHUA_RO	khong_du_nguon	0
ORPHA:3005	DON_GEN	gene_germline	0
ORPHA:300536	DON_GEN	gene_germline	0
ORPHA:300570	DON_GEN	gene_germline	0
ORPHA:300573	DON_GEN	gene_germline	0
ORPHA:3006	DON_GEN	gene_germline	0
ORPHA:300605	DON_GEN	gene_germline	0
ORPHA:300751	DON_GEN	gene_germline	0
ORPHA:3008	DON_GEN	gene_germline	0
ORPHA:3010	CHUA_RO	khong_du_nguon	0
ORPHA:3011	CHUA_RO	khong_du_nguon	0
ORPHA:3015	CHUA_RO	khong_du_nguon	0
ORPHA:3016	CHUA_RO	khong_du_nguon	0
ORPHA:3019	DON_GEN	gene_germline	0
ORPHA:302	DON_GEN	gene_germline	0
ORPHA:3021	DON_GEN	gene_germline	0
ORPHA:3023	CHUA_RO	khong_du_nguon	0
ORPHA:3027	DON_GEN	gene_germline	0
ORPHA:3032	DON_GEN	gene_germline	0
ORPHA:3033	CHUA_RO	khong_du_nguon	0
ORPHA:3034	CHUA_RO	khong_du_nguon	0
ORPHA:3035	CHUA_RO	khong_du_nguon	0
ORPHA:3038	CHUA_RO	khong_du_nguon	0
ORPHA:30391	CHUA_RO	khong_du_nguon	0
ORPHA:3041	CHUA_RO	khong_du_nguon	0
ORPHA:3042	DON_GEN	gene_germline	0
ORPHA:3044	CHUA_RO	khong_du_nguon	0
ORPHA:3047	DON_GEN	gene_germline	0
ORPHA:3051	DON_GEN	gene_germline	0
ORPHA:3052	CHUA_RO	khong_du_nguon	0
ORPHA:3055	CHUA_RO	khong_du_nguon	0
ORPHA:3057	DON_GEN	gene_germline	0
ORPHA:306	DON_GEN	gene_germline	0
ORPHA:3063	DON_GEN	gene_germline	0
ORPHA:306511	DON_GEN	gene_germline	0
ORPHA:306542	DON_GEN	gene_germline	0
ORPHA:306550	DON_GEN	gene_germline	0
ORPHA:306617	DON_GEN	gene_germline	0
ORPHA:306669	CHUA_RO	khong_du_nguon	0
ORPHA:306674	DON_GEN	gene_germline	0
ORPHA:306682	CHUA_RO	khong_du_nguon	0
ORPHA:306686	CHUA_RO	khong_du_nguon	0
ORPHA:306692	CHUA_RO	khong_du_nguon	0
ORPHA:306731	CHUA_RO	khong_du_nguon	0
ORPHA:306734	DON_GEN	gene_germline	0
ORPHA:306741	CHUA_RO	khong_du_nguon	0
ORPHA:3068	CHUA_RO	khong_du_nguon	0
ORPHA:307	DON_GEN	gene_germline	0
ORPHA:3071	DON_GEN	gene_germline	0
ORPHA:3074	CHUA_RO	khong_du_nguon	0
ORPHA:3077	DON_GEN	gene_germline	0
ORPHA:3078	DON_GEN	gene_germline	0
ORPHA:3079	CHUA_RO	khong_du_nguon	0
ORPHA:308	DON_GEN	gene_germline	0
ORPHA:3080	CHUA_RO	khong_du_nguon	0
ORPHA:3082	CHUA_RO	khong_du_nguon	0
ORPHA:3085	CHUA_RO	khong_du_nguon	0
ORPHA:308552	DON_GEN	gene_germline	0
ORPHA:3088	DON_GEN	gene_germline	0
ORPHA:309031	DON_GEN	gene_germline	0
ORPHA:309108	CHUA_RO	khong_du_nguon	0
ORPHA:309155	DON_GEN	gene_germline	0
ORPHA:309162	DON_GEN	gene_germline	0
ORPHA:309169	DON_GEN	gene_germline	0
ORPHA:3092	CHUA_RO	khong_du_nguon	0
ORPHA:309246	DON_GEN	gene_germline	0
ORPHA:30925	DON_GEN	gene_germline	0
ORPHA:309252	DON_GEN	gene_germline	0
ORPHA:309256	DON_GEN	gene_germline	0
ORPHA:309263	DON_GEN	gene_germline	0
ORPHA:309271	DON_GEN	gene_germline	0
ORPHA:309282	DON_GEN	gene_germline	0
ORPHA:309288	DON_GEN	gene_germline	0
ORPHA:3093	CHUA_RO	khong_du_nguon	0
ORPHA:3095	DON_GEN	gene_germline	0
ORPHA:3097	DON_GEN	gene_germline	0
ORPHA:3098	CHUA_RO	khong_du_nguon	0
ORPHA:309854	DON_GEN	gene_germline	0
ORPHA:3099	CHUA_RO	khong_du_nguon	0
ORPHA:31	DON_GEN	gene_germline	0
ORPHA:3101	CHUA_RO	khong_du_nguon	0
ORPHA:3102	DON_GEN	gene_germline	0
ORPHA:3103	DON_GEN	gene_germline	0
ORPHA:3104	CHUA_RO	khong_du_nguon	0
ORPHA:3107	DON_GEN	gene_germline	0
ORPHA:3109	CHUA_RO	khong_du_nguon	0
ORPHA:3111	DON_GEN	gene_germline	0
ORPHA:31112	CHUA_RO	khong_du_nguon	0
ORPHA:3115	DON_GEN	gene_germline	0
ORPHA:31150	DON_GEN	gene_germline	0
ORPHA:312	DON_GEN	gene_germline	0
ORPHA:31202	CHUA_RO	khong_du_nguon	0
ORPHA:31204	CHUA_RO	khong_du_nguon	0
ORPHA:31205	CHUA_RO	khong_du_nguon	0
ORPHA:3121	CHUA_RO	khong_du_nguon	0
ORPHA:3124	DON_GEN	gene_germline	0
ORPHA:3129	DON_GEN	gene_germline	0
ORPHA:313	DON_GEN	gene_germline	0
ORPHA:3130	CHUA_RO	khong_du_nguon	0
ORPHA:3132	CHUA_RO	khong_du_nguon	0
ORPHA:3134	CHUA_RO	khong_du_nguon	0
ORPHA:3137	CHUA_RO	khong_du_nguon	0
ORPHA:313772	DON_GEN	gene_germline	0
ORPHA:313781	CNV	mondo_partial_del_dup	0
ORPHA:3138	DON_GEN	gene_germline	0
ORPHA:313855	DON_GEN	gene_germline	0
ORPHA:313892	DON_GEN	gene_germline	0
ORPHA:313906	CHUA_RO	khong_du_nguon	0
ORPHA:313947	CNV	mondo_partial_del_dup	0
ORPHA:314	CHUA_RO	khong_du_nguon	0
ORPHA:314034	CNV	mondo_partial_del_dup	0
ORPHA:3143	CHUA_RO	khong_du_nguon	0
ORPHA:314389	CNV	mondo_partial_del_dup	0
ORPHA:3144	DON_GEN	gene_germline	0
ORPHA:314404	DON_GEN	gene_germline	0
ORPHA:314473	CHUA_RO	khong_du_nguon	0
ORPHA:314478	CHUA_RO	khong_du_nguon	0
ORPHA:3145	CHUA_RO	khong_du_nguon	0
ORPHA:314575	CHUA_RO	khong_du_nguon	0
ORPHA:314585	CNV	mondo_partial_del_dup	0
ORPHA:314588	CNV	mondo_partial_del_dup	0
ORPHA:314603	DON_GEN	gene_germline	0
ORPHA:314621	CHUA_RO	khong_du_nguon	0
ORPHA:314632	DON_GEN	gene_germline	0
ORPHA:314647	DON_GEN	gene_germline	0
ORPHA:314652	DON_GEN	gene_germline	0
ORPHA:314655	CNV	mondo_partial_del_dup	0
ORPHA:314662	CHUA_RO	khong_du_nguon	0
ORPHA:314679	DON_GEN	gene_germline	0
ORPHA:314769	CHUA_RO	khong_du_nguon	0
ORPHA:314795	DON_GEN	gene_germline	0
ORPHA:314802	DON_GEN	gene_germline	0
ORPHA:314811	DON_GEN	gene_germline	0
ORPHA:314911	DON_GEN	gene_germline	0
ORPHA:314918	DON_GEN	gene_germline	0
ORPHA:314978	DON_GEN	gene_germline	0
ORPHA:315	CHUA_RO	khong_du_nguon	0
ORPHA:3151	CHUA_RO	khong_du_nguon	0
ORPHA:3152	DON_GEN	gene_germline	0
ORPHA:3156	DON_GEN	gene_germline	0
ORPHA:3157	DON_GEN	gene_germline	0
ORPHA:316	DON_GEN	gene_germline	0
ORPHA:3162	CHUA_RO	khong_du_nguon	0
ORPHA:3163	DON_GEN	gene_germline	0
ORPHA:3164	CHUA_RO	khong_du_nguon	0
ORPHA:3165	CHUA_RO	khong_du_nguon	0
ORPHA:3166	DON_GEN	gene_germline	0
ORPHA:3168	CHUA_RO	khong_du_nguon	0
ORPHA:3169	CHUA_RO	khong_du_nguon	0
ORPHA:317	DON_GEN	gene_germline	0
ORPHA:3173	CHUA_RO	khong_du_nguon	0
ORPHA:3175	DON_GEN	gene_germline	0
ORPHA:3176	CHUA_RO	khong_du_nguon	0
ORPHA:3177	CHUA_RO	khong_du_nguon	0
ORPHA:318	CHUA_RO	khong_du_nguon	0
ORPHA:3180	CHUA_RO	khong_du_nguon	0
ORPHA:3181	CHUA_RO	khong_du_nguon	0
ORPHA:31824	CHUA_RO	khong_du_nguon	0
ORPHA:31825	CHUA_RO	khong_du_nguon	0
ORPHA:31826	CHUA_RO	khong_du_nguon	0
ORPHA:3186	CHUA_RO	khong_du_nguon	0
ORPHA:3189	CHUA_RO	khong_du_nguon	0
ORPHA:3191	CHUA_RO	khong_du_nguon	0
ORPHA:319171	CNV	mondo_partial_del_dup	0
ORPHA:319182	DON_GEN	gene_germline	0
ORPHA:319195	CHUA_RO	khong_du_nguon	0
ORPHA:319199	DON_GEN	gene_germline	0
ORPHA:319213	CHUA_RO	khong_du_nguon	0
ORPHA:319218	CHUA_RO	khong_du_nguon	0
ORPHA:319251	CHUA_RO	khong_du_nguon	0
ORPHA:3193	DON_GEN	gene_germline	0
ORPHA:319332	DON_GEN	gene_germline	0
ORPHA:3194	CHUA_RO	khong_du_nguon	0
ORPHA:319487	DON_GEN	gene_germline	1
ORPHA:319514	DON_GEN	gene_germline	0
ORPHA:319552	DON_GEN	gene_germline	0
ORPHA:3196	CHUA_RO	khong_du_nguon	0
ORPHA:319600	DON_GEN	gene_germline	0
ORPHA:319671	DON_GEN	gene_germline	0
ORPHA:319675	DON_GEN	gene_germline	0
ORPHA:3197	DON_GEN	gene_germline	0
ORPHA:3198	CHUA_RO	khong_du_nguon	0
ORPHA:3199	CHUA_RO	khong_du_nguon	0
ORPHA:32	CHUA_RO	khong_du_nguon	0
ORPHA:320	DON_GEN	gene_germline	0
ORPHA:3201	CHUA_RO	khong_du_nguon	0
ORPHA:3202	DON_GEN	gene_germline	0
ORPHA:3203	DON_GEN	gene_germline	0
ORPHA:320355	DON_GEN	gene_germline	0
ORPHA:320360	DON_GEN	gene_germline	0
ORPHA:320365	DON_GEN	gene_germline	0
ORPHA:320370	DON_GEN	gene_germline	0
ORPHA:320375	DON_GEN	gene_germline	0
ORPHA:320380	DON_GEN	gene_germline	0
ORPHA:320385	DON_GEN	gene_germline	0
ORPHA:320391	DON_GEN	gene_germline	0
ORPHA:320396	DON_GEN	gene_germline	0
ORPHA:3204	DON_GEN	gene_germline	0
ORPHA:320401	DON_GEN	gene_germline	0
ORPHA:320406	DON_GEN	gene_germline	0
ORPHA:320411	DON_GEN	gene_germline	0
ORPHA:3205	DON_GEN	gene_germline	0
ORPHA:3206	DON_GEN	gene_germline	0
ORPHA:3207	CHUA_RO	khong_du_nguon	0
ORPHA:3208	DON_GEN	gene_germline	0
ORPHA:321	DON_GEN	gene_germline	0
ORPHA:3214	CHUA_RO	khong_du_nguon	0
ORPHA:3216	CHUA_RO	khong_du_nguon	0
ORPHA:3217	CHUA_RO	khong_du_nguon	0
ORPHA:3218	CHUA_RO	khong_du_nguon	0
ORPHA:3219	CHUA_RO	khong_du_nguon	0
ORPHA:322	CHUA_RO	khong_du_nguon	0
ORPHA:3220	DON_GEN	gene_germline	0
ORPHA:3222	DON_GEN	gene_germline	0
ORPHA:3224	CHUA_RO	khong_du_nguon	0
ORPHA:3225	CHUA_RO	khong_du_nguon	0
ORPHA:3230	CHUA_RO	khong_du_nguon	0
ORPHA:3232	CHUA_RO	khong_du_nguon	0
ORPHA:3233	CHUA_RO	khong_du_nguon	0
ORPHA:3235	CHUA_RO	khong_du_nguon	0
ORPHA:3236	CHUA_RO	khong_du_nguon	0
ORPHA:3237	DON_GEN	gene_germline	0
ORPHA:3238	DON_GEN	gene_germline	0
ORPHA:3239	CHUA_RO	khong_du_nguon	0
ORPHA:324	DON_GEN	gene_germline	0
ORPHA:3240	CHUA_RO	khong_du_nguon	0
ORPHA:3241	CHUA_RO	khong_du_nguon	0
ORPHA:3242	DON_GEN	gene_germline	0
ORPHA:324262	DON_GEN	gene_germline	0
ORPHA:324290	DON_GEN	gene_germline	0
ORPHA:3243	DON_GEN	gene_germline	0
ORPHA:324313	CNV	mondo_partial_del_dup	0
ORPHA:324410	DON_GEN	gene_germline	0
ORPHA:324416	CHUA_RO	khong_du_nguon	0
ORPHA:324422	DON_GEN	gene_germline	0
ORPHA:324442	DON_GEN	gene_germline	0
ORPHA:324525	DON_GEN	gene_germline	0
ORPHA:324540	CHUA_RO	khong_du_nguon	0
ORPHA:324575	DON_GEN	gene_germline	0
ORPHA:324581	DON_GEN	gene_germline	0
ORPHA:324588	DON_GEN	gene_germline	0
ORPHA:3246	CHUA_RO	khong_du_nguon	0
ORPHA:324604	DON_GEN	gene_germline	0
ORPHA:324625	CHUA_RO	khong_du_nguon	0
ORPHA:324636	CHUA_RO	khong_du_nguon	0
ORPHA:324703	DON_GEN	gene_germline	0
ORPHA:324708	DON_GEN	gene_germline	0
ORPHA:324713	DON_GEN	gene_germline	0
ORPHA:324723	DON_GEN	gene_germline	0
ORPHA:324737	DON_GEN	gene_germline	0
ORPHA:3248	CHUA_RO	khong_du_nguon	0
ORPHA:324964	DON_GEN	gene_germline	0
ORPHA:325	DON_GEN	gene_germline	0
ORPHA:3250	DON_GEN	gene_germline	0
ORPHA:325124	CHUA_RO	khong_du_nguon	0
ORPHA:3253	DON_GEN	gene_germline	0
ORPHA:325345	CHUA_RO	khong_du_nguon	0
ORPHA:3255	DON_GEN	gene_germline	0
ORPHA:3258	DON_GEN	gene_germline	0
ORPHA:326	DON_GEN	gene_germline	0
ORPHA:3260	DON_GEN	gene_germline	0
ORPHA:3261	DON_GEN	gene_germline	0
ORPHA:3265	CHUA_RO	khong_du_nguon	0
ORPHA:3266	CHUA_RO	khong_du_nguon	0
ORPHA:3268	CHUA_RO	khong_du_nguon	0
ORPHA:3269	CHUA_RO	khong_du_nguon	0
ORPHA:327	DON_GEN	gene_germline	0
ORPHA:3270	CHUA_RO	khong_du_nguon	0
ORPHA:3275	DON_GEN	gene_germline	0
ORPHA:328	DON_GEN	gene_germline	0
ORPHA:3282	CHUA_RO	khong_du_nguon	0
ORPHA:3283	CHUA_RO	khong_du_nguon	0
ORPHA:3286	DON_GEN	gene_germline	0
ORPHA:3287	CHUA_RO	khong_du_nguon	0
ORPHA:329	DON_GEN	gene_germline	0
ORPHA:329178	DON_GEN	gene_germline	0
ORPHA:329224	DON_GEN	gene_germline	0
ORPHA:329228	DON_GEN	gene_germline	0
ORPHA:329249	DON_GEN	gene_germline	0
ORPHA:329284	DON_GEN	gene_germline	0
ORPHA:329308	DON_GEN	gene_germline	0
ORPHA:329314	CNV	ten_benh	1
ORPHA:329329	CHUA_RO	khong_du_nguon	0
ORPHA:329336	DON_GEN	gene_germline	0
ORPHA:3294	CHUA_RO	khong_du_nguon	0
ORPHA:329466	DON_GEN	gene_germline	0
ORPHA:329475	DON_GEN	gene_germline	0
ORPHA:329478	DON_GEN	gene_germline	0
ORPHA:32960	DON_GEN	gene_germline	1
ORPHA:3299	CHUA_RO	khong_du_nguon	0
ORPHA:329918	CHUA_RO	khong_du_nguon	0
ORPHA:329967	CHUA_RO	khong_du_nguon	0
ORPHA:329971	DON_GEN	gene_germline	0
ORPHA:33	DON_GEN	gene_germline	0
ORPHA:330	DON_GEN	gene_germline	0
ORPHA:330001	CHUA_RO	khong_du_nguon	0
ORPHA:33001	DON_GEN	gene_germline	0
ORPHA:330012	CHUA_RO	khong_du_nguon	0
ORPHA:330015	CHUA_RO	khong_du_nguon	0
ORPHA:330021	CHUA_RO	khong_du_nguon	0
ORPHA:330050	DON_GEN	gene_germline	0
ORPHA:330054	DON_GEN	gene_germline	0
ORPHA:330058	CHUA_RO	khong_du_nguon	0
ORPHA:330064	CHUA_RO	khong_du_nguon	0
ORPHA:3301	DON_GEN	gene_germline	0
ORPHA:3303	DON_GEN	gene_germline	0
ORPHA:3304	CHUA_RO	khong_du_nguon	0
ORPHA:3305	NST	mondo_aneuploidy	0
ORPHA:3306	CNV	mondo_chromosomal_khac	0
ORPHA:33067	DON_GEN	gene_germline	0
ORPHA:33069	DON_GEN	gene_germline	0
ORPHA:3307	CNV	mondo_partial_del_dup	0
ORPHA:3309	CNV	mondo_partial_del_dup	0
ORPHA:331	DON_GEN	gene_germline	0
ORPHA:3310	CNV	mondo_partial_del_dup	0
ORPHA:33110	DON_GEN	gene_germline	0
ORPHA:33111	CHUA_RO	khong_du_nguon	0
ORPHA:3312	CHUA_RO	khong_du_nguon	0
ORPHA:331206	DON_GEN	gene_germline	0
ORPHA:331235	CHUA_RO	khong_du_nguon	0
ORPHA:3314	CHUA_RO	khong_du_nguon	0
ORPHA:3316	CHUA_RO	khong_du_nguon	0
ORPHA:3318	CHUA_RO	khong_du_nguon	0
ORPHA:3319	DON_GEN	gene_germline	0
ORPHA:332	DON_GEN	gene_germline	0
ORPHA:3320	CNV	mondo_partial_del_dup	1
ORPHA:33208	CHUA_RO	khong_du_nguon	0
ORPHA:3322	DON_GEN	gene_germline	0
ORPHA:33226	CHUA_RO	khong_du_nguon	0
ORPHA:3325	CHUA_RO	khong_du_nguon	0
ORPHA:3327	CHUA_RO	khong_du_nguon	0
ORPHA:33276	CHUA_RO	khong_du_nguon	0
ORPHA:3329	CHUA_RO	khong_du_nguon	0
ORPHA:333	DON_GEN	gene_germline	0
ORPHA:33314	CHUA_RO	khong_du_nguon	0
ORPHA:33355	DON_GEN	gene_germline	0
ORPHA:33364	DON_GEN	gene_germline	0
ORPHA:3337	DON_GEN	gene_germline	0
ORPHA:3338	DON_GEN	gene_germline	0
ORPHA:3339	DON_GEN	gene_germline	0
ORPHA:334	DON_GEN	gene_germline	0
ORPHA:33402	CHUA_RO	khong_du_nguon	0
ORPHA:33408	CHUA_RO	khong_du_nguon	0
ORPHA:3342	DON_GEN	gene_germline	0
ORPHA:3344	CHUA_RO	khong_du_nguon	0
ORPHA:33445	DON_GEN	gene_germline	0
ORPHA:3346	CHUA_RO	khong_du_nguon	0
ORPHA:3347	CHUA_RO	khong_du_nguon	0
ORPHA:33475	CHUA_RO	khong_du_nguon	0
ORPHA:3348	CHUA_RO	khong_du_nguon	0
ORPHA:335	CHUA_RO	khong_du_nguon	0
ORPHA:3350	CHUA_RO	khong_du_nguon	0
ORPHA:3352	DON_GEN	gene_germline	0
ORPHA:3353	CHUA_RO	khong_du_nguon	0
ORPHA:33543	CHUA_RO	khong_du_nguon	0
ORPHA:33572	DON_GEN	gene_germline	0
ORPHA:33573	DON_GEN	gene_germline	0
ORPHA:33574	DON_GEN	gene_germline	0
ORPHA:33577	CHUA_RO	khong_du_nguon	0
ORPHA:3361	CHUA_RO	khong_du_nguon	0
ORPHA:3363	DON_GEN	gene_germline	0
ORPHA:3366	DON_GEN	gene_germline	0
ORPHA:3369	CHUA_RO	khong_du_nguon	0
ORPHA:337	DON_GEN	gene_germline	0
ORPHA:3374	CHUA_RO	khong_du_nguon	0
ORPHA:3375	NST	mondo_aneuploidy	0
ORPHA:3376	NST	mondo_aneuploidy	0
ORPHA:3377	DON_GEN	gene_germline	0
ORPHA:3378	NST	mondo_aneuploidy	0
ORPHA:3379	CNV	mondo_partial_del_dup	0
ORPHA:3380	NST	mondo_aneuploidy	0
ORPHA:3384	DON_GEN	gene_germline	0
ORPHA:3385	CHUA_RO	khong_du_nguon	0
ORPHA:3386	CHUA_RO	khong_du_nguon	0
ORPHA:3392	CHUA_RO	khong_du_nguon	0
ORPHA:340	CHUA_RO	khong_du_nguon	0
ORPHA:3400	CHUA_RO	khong_du_nguon	0
ORPHA:3403	CHUA_RO	khong_du_nguon	0
ORPHA:3404	CHUA_RO	khong_du_nguon	0
ORPHA:3405	CHUA_RO	khong_du_nguon	0
ORPHA:3406	CHUA_RO	khong_du_nguon	0
ORPHA:3408	CHUA_RO	khong_du_nguon	0
ORPHA:3409	CHUA_RO	khong_du_nguon	0
ORPHA:3411	CHUA_RO	khong_du_nguon	0
ORPHA:3412	DON_GEN	gene_germline	0
ORPHA:34145	CHUA_RO	khong_du_nguon	0
ORPHA:3416	DON_GEN	gene_germline	0
ORPHA:342	DON_GEN	gene_germline	0
ORPHA:34217	DON_GEN	gene_germline	0
ORPHA:3424	CHUA_RO	khong_du_nguon	0
ORPHA:3426	CHUA_RO	khong_du_nguon	0
ORPHA:3427	CHUA_RO	khong_du_nguon	0
ORPHA:3429	CHUA_RO	khong_du_nguon	0
ORPHA:343	DON_GEN	gene_germline	0
ORPHA:3433	CHUA_RO	khong_du_nguon	0
ORPHA:3434	CHUA_RO	khong_du_nguon	0
ORPHA:3437	CHUA_RO	khong_du_nguon	0
ORPHA:3439	CHUA_RO	khong_du_nguon	0
ORPHA:3440	CHUA_RO	khong_du_nguon	0
ORPHA:3447	DON_GEN	gene_germline	0
ORPHA:3448	CHUA_RO	khong_du_nguon	0
ORPHA:3449	DON_GEN	gene_germline	0
ORPHA:345	CHUA_RO	khong_du_nguon	0
ORPHA:34515	DON_GEN	gene_germline	0
ORPHA:34516	DON_GEN	gene_germline	0
ORPHA:3452	DON_GEN	gene_germline	0
ORPHA:3453	DON_GEN	gene_germline	0
ORPHA:3454	DON_GEN	gene_germline	0
ORPHA:3455	DON_GEN	gene_germline	0
ORPHA:3456	CHUA_RO	khong_du_nguon	0
ORPHA:34587	DON_GEN	gene_germline	0
ORPHA:3459	DON_GEN	gene_germline	0
ORPHA:346	CHUA_RO	khong_du_nguon	0
ORPHA:3463	DON_GEN	gene_germline	0
ORPHA:3464	DON_GEN	gene_germline	0
ORPHA:3465	CHUA_RO	khong_du_nguon	0
ORPHA:3467	CHUA_RO	khong_du_nguon	0
ORPHA:3469	CHUA_RO	khong_du_nguon	0
ORPHA:347	DON_GEN	gene_germline	0
ORPHA:3471	DON_GEN	gene_germline	0
ORPHA:3472	DON_GEN	gene_germline	0
ORPHA:3473	DON_GEN	gene_germline	0
ORPHA:3474	DON_GEN	gene_germline	0
ORPHA:348	DON_GEN	gene_germline	0
ORPHA:349	DON_GEN	gene_germline	0
ORPHA:35	DON_GEN	gene_germline	0
ORPHA:35062	CHUA_RO	khong_du_nguon	0
ORPHA:35069	DON_GEN	gene_germline	0
ORPHA:35078	DON_GEN	gene_germline	0
ORPHA:35093	DON_GEN	gene_germline	0
ORPHA:35099	DON_GEN	gene_germline	0
ORPHA:351	DON_GEN	gene_germline	0
ORPHA:35107	DON_GEN	gene_germline	0
ORPHA:35122	DON_GEN	gene_germline	0
ORPHA:35125	CHUA_RO	khong_du_nguon	0
ORPHA:35173	DON_GEN	gene_germline	0
ORPHA:352403	DON_GEN	gene_germline	0
ORPHA:352447	DON_GEN	gene_germline	0
ORPHA:352470	CNV	ten_benh	1
ORPHA:352479	DON_GEN	gene_germline	0
ORPHA:352490	DON_GEN	gene_germline	0
ORPHA:352530	DON_GEN	gene_germline	0
ORPHA:352540	CHUA_RO	khong_du_nguon	0
ORPHA:352577	DON_GEN	gene_germline	0
ORPHA:352582	DON_GEN	gene_germline	0
ORPHA:352596	DON_GEN	gene_germline	0
ORPHA:352641	DON_GEN	gene_germline	0
ORPHA:352649	DON_GEN	gene_germline	0
ORPHA:352665	CNV	mondo_partial_del_dup	0
ORPHA:352675	DON_GEN	gene_germline	0
ORPHA:352682	DON_GEN	gene_germline	0
ORPHA:352723	DON_GEN	gene_germline	0
ORPHA:352731	CHUA_RO	khong_du_nguon	0
ORPHA:353	DON_GEN	gene_germline	0
ORPHA:353253	CHUA_RO	khong_du_nguon	0
ORPHA:353277	DON_GEN	gene_germline	0
ORPHA:353281	CNV	mondo_partial_del_dup	0
ORPHA:353284	DON_GEN	gene_germline	0
ORPHA:353298	DON_GEN	gene_germline	0
ORPHA:353327	DON_GEN	gene_germline	0
ORPHA:354	CHUA_RO	khong_du_nguon	0
ORPHA:355	CHUA_RO	khong_du_nguon	0
ORPHA:356	DON_GEN	gene_germline	0
ORPHA:35612	DON_GEN	gene_germline	0
ORPHA:35664	DON_GEN	gene_germline	0
ORPHA:35687	CHUA_RO	khong_du_nguon	0
ORPHA:35689	DON_GEN	gene_germline	0
ORPHA:356961	DON_GEN	gene_germline	0
ORPHA:356996	DON_GEN	gene_germline	0
ORPHA:357001	CNV	mondo_partial_del_dup	0
ORPHA:35701	DON_GEN	gene_germline	0
ORPHA:35704	DON_GEN	gene_germline	0
ORPHA:357043	DON_GEN	gene_germline	0
ORPHA:357058	DON_GEN	gene_germline	0
ORPHA:35706	DON_GEN	gene_germline	0
ORPHA:357074	DON_GEN	gene_germline	0
ORPHA:35708	DON_GEN	gene_germline	0
ORPHA:35710	DON_GEN	gene_germline	0
ORPHA:357154	CHUA_RO	khong_du_nguon	0
ORPHA:357175	CHUA_RO	khong_du_nguon	0
ORPHA:357225	CHUA_RO	khong_du_nguon	0
ORPHA:35737	CHUA_RO	khong_du_nguon	0
ORPHA:358	DON_GEN	gene_germline	0
ORPHA:35858	DON_GEN	gene_germline	0
ORPHA:35878	DON_GEN	gene_germline	0
ORPHA:35909	DON_GEN	gene_germline	0
ORPHA:36	DON_GEN	gene_germline	0
ORPHA:360	CHUA_RO	khong_du_nguon	0
ORPHA:361	DON_GEN	gene_germline	0
ORPHA:36234	CHUA_RO	khong_du_nguon	0
ORPHA:36237	CHUA_RO	khong_du_nguon	0
ORPHA:36238	CHUA_RO	khong_du_nguon	0
ORPHA:36258	CHUA_RO	khong_du_nguon	0
ORPHA:363400	DON_GEN	gene_germline	0
ORPHA:363417	DON_GEN	gene_germline	0
ORPHA:363429	CHUA_RO	khong_du_nguon	0
ORPHA:363432	DON_GEN	gene_germline	0
ORPHA:363444	DON_GEN	gene_germline	0
ORPHA:363454	DON_GEN	gene_germline	0
ORPHA:363523	DON_GEN	gene_germline	0
ORPHA:363528	DON_GEN	gene_germline	0
ORPHA:363549	CHUA_RO	khong_du_nguon	0
ORPHA:363558	CHUA_RO	khong_du_nguon	0
ORPHA:363611	DON_GEN	gene_germline	0
ORPHA:363618	DON_GEN	gene_germline	0
ORPHA:363623	DON_GEN	gene_germline	0
ORPHA:363654	DON_GEN	gene_germline	0
ORPHA:363659	CNV	mondo_partial_del_dup	0
ORPHA:36367	CNV	mondo_partial_del_dup	0
ORPHA:363686	DON_GEN	gene_germline	0
ORPHA:363700	DON_GEN	gene_germline	0
ORPHA:363705	CHUA_RO	khong_du_nguon	0
ORPHA:363710	DON_GEN	gene_germline	0
ORPHA:363717	DON_GEN	gene_germline	0
ORPHA:363722	DON_GEN	gene_germline	0
ORPHA:363741	CHUA_RO	khong_du_nguon	0
ORPHA:36386	DON_GEN	gene_germline	0
ORPHA:36387	DON_GEN	gene_germline	0
ORPHA:36397	CHUA_RO	khong_du_nguon	0
ORPHA:364	CHUA_RO	khong_du_nguon	0
ORPHA:364028	DON_GEN	gene_germline	0
ORPHA:364055	DON_GEN	gene_germline	0
ORPHA:36412	DON_GEN	gene_germline	0
ORPHA:36426	CHUA_RO	khong_du_nguon	0
ORPHA:364577	CHUA_RO	khong_du_nguon	0
ORPHA:365	DON_GEN	gene_germline	0
ORPHA:366	DON_GEN	gene_germline	0
ORPHA:367	DON_GEN	gene_germline	0
ORPHA:368	DON_GEN	gene_germline	0
ORPHA:36899	DON_GEN	gene_germline	0
ORPHA:369	DON_GEN	gene_germline	0
ORPHA:36913	CHUA_RO	khong_du_nguon	0
ORPHA:369837	DON_GEN	gene_germline	0
ORPHA:369840	DON_GEN	gene_germline	0
ORPHA:369847	DON_GEN	gene_germline	0
ORPHA:369873	DON_GEN	gene_germline	0
ORPHA:369891	DON_GEN	gene_germline	0
ORPHA:369929	DON_GEN	gene_germline	0
ORPHA:369939	CNV	mondo_partial_del_dup	1
ORPHA:369942	CHUA_RO	khong_du_nguon	0
ORPHA:369950	CNV	mondo_chromosomal_khac	0
ORPHA:37	DON_GEN	gene_germline	0
ORPHA:370010	CHUA_RO	khong_du_nguon	0
ORPHA:370022	DON_GEN	gene_germline	0
ORPHA:370079	CNV	mondo_partial_del_dup	0
ORPHA:370091	CHUA_RO	khong_du_nguon	0
ORPHA:370097	DON_GEN	gene_germline	0
ORPHA:370103	DON_GEN	gene_germline	0
ORPHA:370348	CHUA_RO	khong_du_nguon	0
ORPHA:37042	DON_GEN	gene_germline	0
ORPHA:370921	DON_GEN	gene_germline	0
ORPHA:370924	DON_GEN	gene_germline	0
ORPHA:370927	DON_GEN	gene_germline	0
ORPHA:370930	DON_GEN	gene_germline	0
ORPHA:370943	DON_GEN	gene_germline	0
ORPHA:370959	DON_GEN	gene_germline	0
ORPHA:370968	DON_GEN	gene_germline	0
ORPHA:370980	DON_GEN	gene_germline	0
ORPHA:370997	DON_GEN	gene_germline	0
ORPHA:371	DON_GEN	gene_germline	0
ORPHA:371364	DON_GEN	gene_germline	0
ORPHA:371428	DON_GEN	gene_germline	0
ORPHA:37202	CHUA_RO	khong_du_nguon	0
ORPHA:373	DON_GEN	gene_germline	0
ORPHA:375	CHUA_RO	khong_du_nguon	0
ORPHA:37553	DON_GEN	gene_germline	0
ORPHA:376	DON_GEN	gene_germline	0
ORPHA:37612	DON_GEN	gene_germline	0
ORPHA:377	DON_GEN	gene_germline	0
ORPHA:37748	CHUA_RO	khong_du_nguon	0
ORPHA:379	DON_GEN	gene_germline	0
ORPHA:38	CHUA_RO	khong_du_nguon	0
ORPHA:380	DON_GEN	gene_germline	0
ORPHA:381	CHUA_RO	khong_du_nguon	0
ORPHA:382	DON_GEN	gene_germline	0
ORPHA:384	DON_GEN	gene_germline	0
ORPHA:388	DON_GEN	gene_germline	0
ORPHA:38874	DON_GEN	gene_germline	0
ORPHA:389	CHUA_RO	khong_du_nguon	0
ORPHA:39041	DON_GEN	gene_germline	0
ORPHA:39044	DON_GEN	gene_germline	0
ORPHA:391	CHUA_RO	khong_du_nguon	0
ORPHA:391307	DON_GEN	gene_germline	0
ORPHA:391372	DON_GEN	gene_germline	0
ORPHA:391408	DON_GEN	gene_germline	0
ORPHA:391411	DON_GEN	gene_germline	0
ORPHA:391417	DON_GEN	gene_germline	0
ORPHA:391428	DON_GEN	gene_germline	0
ORPHA:391457	DON_GEN	gene_germline	0
ORPHA:391474	DON_GEN	gene_germline	0
ORPHA:391487	DON_GEN	gene_germline	0
ORPHA:391641	DON_GEN	gene_germline	0
ORPHA:391646	DON_GEN	gene_germline	0
ORPHA:391665	DON_GEN	gene_germline	0
ORPHA:391673	CHUA_RO	khong_du_nguon	0
ORPHA:392	DON_GEN	gene_germline	0
ORPHA:393	DON_GEN	gene_germline	0
ORPHA:394	DON_GEN	gene_germline	0
ORPHA:395	DON_GEN	gene_germline	0
ORPHA:396	CHUA_RO	khong_du_nguon	0
ORPHA:397	CHUA_RO	khong_du_nguon	0
ORPHA:397590	DON_GEN	gene_germline	0
ORPHA:397596	DON_GEN	gene_germline	0
ORPHA:397612	DON_GEN	gene_germline	0
ORPHA:397685	DON_GEN	gene_germline	0
ORPHA:397709	DON_GEN	gene_germline	0
ORPHA:397715	DON_GEN	gene_germline	0
ORPHA:397725	DON_GEN	gene_germline	0
ORPHA:397744	DON_GEN	gene_germline	0
ORPHA:397933	DON_GEN	gene_germline	0
ORPHA:397941	DON_GEN	gene_germline	0
ORPHA:397946	DON_GEN	gene_germline	0
ORPHA:397951	DON_GEN	gene_germline	0
ORPHA:397973	CHUA_RO	khong_du_nguon	0
ORPHA:398063	CHUA_RO	khong_du_nguon	0
ORPHA:398069	DON_GEN	mondo_chromosomal_mot_gene	1
ORPHA:398079	DON_GEN	gene_germline	0
ORPHA:39812	CHUA_RO	khong_du_nguon	0
ORPHA:398124	CHUA_RO	khong_du_nguon	0
ORPHA:398147	CHUA_RO	khong_du_nguon	0
ORPHA:398156	CHUA_RO	khong_du_nguon	0
ORPHA:398173	CHUA_RO	khong_du_nguon	0
ORPHA:398189	DON_GEN	gene_germline	0
ORPHA:399	DON_GEN	gene_germline	0
ORPHA:399058	DON_GEN	gene_germline	0
ORPHA:399081	DON_GEN	gene_germline	0
ORPHA:399086	DON_GEN	gene_germline	0
ORPHA:399096	DON_GEN	gene_germline	0
ORPHA:399103	DON_GEN	gene_germline	0
ORPHA:399180	CHUA_RO	khong_du_nguon	0
ORPHA:399805	DON_GEN	gene_germline	0
ORPHA:399808	DON_GEN	gene_germline	0
ORPHA:40	DON_GEN	gene_germline	0
ORPHA:400	CHUA_RO	khong_du_nguon	0
ORPHA:401768	DON_GEN	gene_germline	0
ORPHA:401777	DON_GEN	gene_germline	0
ORPHA:401780	DON_GEN	gene_germline	0
ORPHA:401785	DON_GEN	gene_germline	0
ORPHA:401795	DON_GEN	gene_germline	0
ORPHA:401800	DON_GEN	gene_germline	0
ORPHA:401805	DON_GEN	gene_germline	0
ORPHA:401810	DON_GEN	gene_germline	0
ORPHA:401815	DON_GEN	gene_germline	0
ORPHA:401820	DON_GEN	gene_germline	0
ORPHA:401830	DON_GEN	gene_germline	0
ORPHA:401835	DON_GEN	gene_germline	0
ORPHA:401840	DON_GEN	gene_germline	0
ORPHA:401849	DON_GEN	gene_germline	0
ORPHA:401866	DON_GEN	gene_germline	0
ORPHA:401901	DON_GEN	gene_germline	0
ORPHA:401911	DON_GEN	gene_germline	0
ORPHA:401923	CNV	mondo_partial_del_dup	0
ORPHA:401935	CNV	mondo_partial_del_dup	0
ORPHA:401942	CHUA_RO	khong_du_nguon	0
ORPHA:401945	DON_GEN	gene_germline	0
ORPHA:401953	CHUA_RO	khong_du_nguon	0
ORPHA:401973	DON_GEN	gene_germline	0
ORPHA:401986	CNV	mondo_partial_del_dup	1
ORPHA:402075	DON_GEN	gene_germline	0
ORPHA:402823	CHUA_RO	khong_du_nguon	0
ORPHA:403	DON_GEN	gene_germline	0
ORPHA:40366	CHUA_RO	khong_du_nguon	0
ORPHA:404	DON_GEN	gene_germline	0
ORPHA:404443	DON_GEN	gene_germline	0
ORPHA:404448	DON_GEN	gene_germline	0
ORPHA:404451	DON_GEN	gene_germline	0
ORPHA:404454	DON_GEN	gene_germline	0
ORPHA:404473	DON_GEN	gene_germline	0
ORPHA:404493	DON_GEN	gene_germline	0
ORPHA:404499	DON_GEN	gene_germline	0
ORPHA:405	CHUA_RO	khong_du_nguon	0
ORPHA:407	DON_GEN	gene_germline	0
ORPHA:408	CHUA_RO	khong_du_nguon	0
ORPHA:409	CHUA_RO	khong_du_nguon	0
ORPHA:40923	CHUA_RO	khong_du_nguon	0
ORPHA:41	DON_GEN	gene_germline	0
ORPHA:411493	DON_GEN	gene_germline	0
ORPHA:411511	DON_GEN	gene_germline	0
ORPHA:411515	CHUA_RO	khong_du_nguon	0
ORPHA:411527	CHUA_RO	khong_du_nguon	0
ORPHA:411536	DON_GEN	gene_germline	0
ORPHA:411543	DON_GEN	gene_germline	0
ORPHA:411590	DON_GEN	gene_germline	0
ORPHA:411593	CHUA_RO	khong_du_nguon	0
ORPHA:411602	DON_GEN	gene_germline	0
ORPHA:411629	DON_GEN	gene_germline	0
ORPHA:411634	DON_GEN	gene_germline	0
ORPHA:411641	DON_GEN	gene_germline	0
ORPHA:411703	CHUA_RO	khong_du_nguon	0
ORPHA:411709	CHUA_RO	khong_du_nguon	0
ORPHA:411777	CHUA_RO	khong_du_nguon	0
ORPHA:411986	DON_GEN	gene_germline	0
ORPHA:412	CHUA_RO	khong_du_nguon	0
ORPHA:412035	CNV	mondo_partial_del_dup	0
ORPHA:412057	DON_GEN	gene_germline	0
ORPHA:412066	DON_GEN	gene_germline	0
ORPHA:412069	DON_GEN	gene_germline	0
ORPHA:412217	CHUA_RO	khong_du_nguon	0
ORPHA:414	DON_GEN	gene_germline	0
ORPHA:415	DON_GEN	gene_germline	0
ORPHA:416	CHUA_RO	khong_du_nguon	0
ORPHA:417	DON_GEN	gene_germline	0
ORPHA:41751	DON_GEN	gene_germline	0
ORPHA:419	DON_GEN	gene_germline	0
ORPHA:42	DON_GEN	gene_germline	0
ORPHA:420179	CNV	mondo_partial_del_dup	1
ORPHA:420485	DON_GEN	gene_germline	0
ORPHA:420492	CHUA_RO	khong_du_nguon	0
ORPHA:420556	CHUA_RO	khong_du_nguon	0
ORPHA:420561	DON_GEN	gene_germline	0
ORPHA:42062	DON_GEN	gene_germline	0
ORPHA:420741	DON_GEN	gene_germline	0
ORPHA:420794	CHUA_RO	khong_du_nguon	0
ORPHA:422	CHUA_RO	khong_du_nguon	0
ORPHA:423	DON_GEN	gene_germline	0
ORPHA:423275	DON_GEN	gene_germline	0
ORPHA:423296	DON_GEN	gene_germline	0
ORPHA:423461	DON_GEN	gene_germline	0
ORPHA:423479	DON_GEN	gene_germline	0
ORPHA:424	DON_GEN	gene_germline	0
ORPHA:424016	CHUA_RO	khong_du_nguon	0
ORPHA:424019	CHUA_RO	khong_du_nguon	0
ORPHA:424107	DON_GEN	gene_germline	0
ORPHA:425	DON_GEN	gene_germline	0
ORPHA:42642	CHUA_RO	khong_du_nguon	0
ORPHA:42665	DON_GEN	gene_germline	0
ORPHA:427	CHUA_RO	khong_du_nguon	0
ORPHA:42775	CHUA_RO	khong_du_nguon	0
ORPHA:428	DON_GEN	gene_germline	0
ORPHA:429	DON_GEN	gene_germline	0
ORPHA:43	DON_GEN	gene_germline	0
ORPHA:43116	CHUA_RO	khong_du_nguon	0
ORPHA:431329	DON_GEN	gene_germline	0
ORPHA:431341	CHUA_RO	khong_du_nguon	0
ORPHA:431344	CHUA_RO	khong_du_nguon	0
ORPHA:431347	CHUA_RO	khong_du_nguon	0
ORPHA:431361	DON_GEN	gene_germline	0
ORPHA:432	DON_GEN	gene_germline	0
ORPHA:43393	CHUA_RO	khong_du_nguon	0
ORPHA:434179	DON_GEN	gene_germline	0
ORPHA:435387	DON_GEN	gene_germline	0
ORPHA:435628	DON_GEN	gene_germline	0
ORPHA:435638	CNV	mondo_partial_del_dup	0
ORPHA:435651	DON_GEN	gene_germline	0
ORPHA:435660	DON_GEN	gene_germline	0
ORPHA:435804	DON_GEN	gene_germline	0
ORPHA:435934	DON_GEN	gene_germline	0
ORPHA:435938	DON_GEN	gene_germline	0
ORPHA:436	CHUA_RO	khong_du_nguon	0
ORPHA:436003	CNV	mondo_partial_del_dup	0
ORPHA:436141	CHUA_RO	khong_du_nguon	0
ORPHA:436144	DON_GEN	gene_germline	0
ORPHA:436159	DON_GEN	gene_germline	0
ORPHA:436174	DON_GEN	gene_germline	0
ORPHA:436182	DON_GEN	gene_germline	0
ORPHA:436245	DON_GEN	gene_germline	0
ORPHA:436252	DON_GEN	gene_germline	0
ORPHA:436271	DON_GEN	gene_germline	0
ORPHA:436274	DON_GEN	gene_germline	0
ORPHA:438114	DON_GEN	gene_germline	0
ORPHA:438134	DON_GEN	gene_germline	0
ORPHA:438178	DON_GEN	gene_germline	0
ORPHA:438213	CHUA_RO	khong_du_nguon	0
ORPHA:438216	DON_GEN	gene_germline	0
ORPHA:438274	DON_GEN	gene_germline	0
ORPHA:439	CHUA_RO	khong_du_nguon	0
ORPHA:439167	CHUA_RO	khong_du_nguon	0
ORPHA:439218	DON_GEN	gene_germline	0
ORPHA:439224	CHUA_RO	khong_du_nguon	0
ORPHA:439232	CHUA_RO	khong_du_nguon	0
ORPHA:439254	CHUA_RO	khong_du_nguon	0
ORPHA:439822	CNV	mondo_partial_del_dup	1
ORPHA:44	DON_GEN	gene_germline	0
ORPHA:440354	DON_GEN	gene_germline	0
ORPHA:440437	DON_GEN	gene_germline	1
ORPHA:440713	DON_GEN	gene_germline	0
ORPHA:440727	CHUA_RO	khong_du_nguon	0
ORPHA:441	CHUA_RO	khong_du_nguon	0
ORPHA:442582	CHUA_RO	khong_du_nguon	0
ORPHA:442835	DON_GEN	gene_germline	0
ORPHA:443167	CHUA_RO	khong_du_nguon	0
ORPHA:443804	CHUA_RO	khong_du_nguon	0
ORPHA:443811	DON_GEN	gene_germline	0
ORPHA:444	DON_GEN	gene_germline	0
ORPHA:444002	CNV	mondo_partial_del_dup	0
ORPHA:444013	DON_GEN	gene_germline	0
ORPHA:444051	CNV	mondo_partial_del_dup	0
ORPHA:444072	DON_GEN	gene_germline	0
ORPHA:444077	DON_GEN	gene_germline	0
ORPHA:444099	DON_GEN	gene_germline	0
ORPHA:444463	DON_GEN	gene_germline	0
ORPHA:444490	CHUA_RO	khong_du_nguon	0
ORPHA:445038	DON_GEN	gene_germline	0
ORPHA:445062	DON_GEN	gene_germline	0
ORPHA:446	CHUA_RO	khong_du_nguon	0
ORPHA:447	CHUA_RO	khong_du_nguon	0
ORPHA:447753	DON_GEN	gene_germline	0
ORPHA:447757	DON_GEN	gene_germline	0
ORPHA:447760	DON_GEN	gene_germline	0
ORPHA:447788	CHUA_RO	khong_du_nguon	0
ORPHA:447877	DON_GEN	gene_germline	0
ORPHA:447896	DON_GEN	gene_germline	0
ORPHA:447980	CNV	mondo_partial_del_dup	0
ORPHA:447997	DON_GEN	gene_germline	0
ORPHA:448237	CHUA_RO	khong_du_nguon	0
ORPHA:44890	DON_GEN	gene_germline	1
ORPHA:449280	CHUA_RO	khong_du_nguon	0
ORPHA:449285	CHUA_RO	khong_du_nguon	0
ORPHA:449395	CHUA_RO	khong_du_nguon	0
ORPHA:449400	CHUA_RO	khong_du_nguon	0
ORPHA:449427	CHUA_RO	khong_du_nguon	0
ORPHA:449432	CHUA_RO	khong_du_nguon	0
ORPHA:449563	CHUA_RO	khong_du_nguon	0
ORPHA:45	DON_GEN	gene_germline	0
ORPHA:452	DON_GEN	gene_germline	0
ORPHA:453499	CHUA_RO	khong_du_nguon	0
ORPHA:453504	DON_GEN	gene_germline	0
ORPHA:453510	DON_GEN	gene_germline	0
ORPHA:453521	DON_GEN	gene_germline	0
ORPHA:453533	DON_GEN	gene_germline	0
ORPHA:45358	DON_GEN	gene_germline	0
ORPHA:454	CHUA_RO	khong_du_nguon	0
ORPHA:45448	DON_GEN	gene_germline	0
ORPHA:45452	CHUA_RO	khong_du_nguon	0
ORPHA:45453	CHUA_RO	khong_du_nguon	0
ORPHA:454718	CHUA_RO	khong_du_nguon	0
ORPHA:454750	CHUA_RO	khong_du_nguon	0
ORPHA:454831	CHUA_RO	khong_du_nguon	0
ORPHA:454836	CHUA_RO	khong_du_nguon	0
ORPHA:454840	DON_GEN	gene_germline	0
ORPHA:454887	CHUA_RO	khong_du_nguon	0
ORPHA:455	DON_GEN	gene_germline	0
ORPHA:456312	DON_GEN	gene_germline	0
ORPHA:456328	CNV	mondo_partial_del_dup	0
ORPHA:457	DON_GEN	gene_germline	0
ORPHA:457050	DON_GEN	gene_germline	0
ORPHA:457077	CHUA_RO	khong_du_nguon	0
ORPHA:457083	CHUA_RO	khong_du_nguon	0
ORPHA:457193	DON_GEN	gene_germline	0
ORPHA:457205	CHUA_RO	khong_du_nguon	0
ORPHA:457212	DON_GEN	gene_germline	0
ORPHA:457240	DON_GEN	gene_germline	0
ORPHA:457260	DON_GEN	gene_germline	0
ORPHA:457279	DON_GEN	gene_germline	0
ORPHA:457284	DON_GEN	gene_germline	0
ORPHA:457351	DON_GEN	gene_germline	0
ORPHA:457359	DON_GEN	gene_germline	0
ORPHA:457365	CHUA_RO	khong_du_nguon	0
ORPHA:457395	DON_GEN	gene_germline	0
ORPHA:457485	DON_GEN	gene_germline	0
ORPHA:458798	DON_GEN	gene_germline	0
ORPHA:458803	DON_GEN	gene_germline	0
ORPHA:459033	DON_GEN	gene_germline	0
ORPHA:459056	DON_GEN	gene_germline	0
ORPHA:459061	DON_GEN	gene_germline	0
ORPHA:459070	DON_GEN	gene_germline	0
ORPHA:459074	CHUA_RO	khong_du_nguon	0
ORPHA:46	DON_GEN	gene_germline	0
ORPHA:46059	DON_GEN	gene_germline	0
ORPHA:461	DON_GEN	gene_germline	0
ORPHA:46348	DON_GEN	gene_germline	0
ORPHA:464	DON_GEN	gene_germline	0
ORPHA:464282	DON_GEN	gene_germline	0
ORPHA:464288	DON_GEN	gene_germline	0
ORPHA:464306	DON_GEN	gene_germline	0
ORPHA:464311	DON_GEN	gene_germline	0
ORPHA:464318	CHUA_RO	khong_du_nguon	0
ORPHA:464321	CHUA_RO	khong_du_nguon	0
ORPHA:464329	CHUA_RO	khong_du_nguon	0
ORPHA:464343	CHUA_RO	khong_du_nguon	0
ORPHA:464370	CHUA_RO	khong_du_nguon	0
ORPHA:464440	DON_GEN	gene_germline	0
ORPHA:464453	CHUA_RO	khong_du_nguon	0
ORPHA:464738	DON_GEN	gene_germline	0
ORPHA:46486	CHUA_RO	khong_du_nguon	0
ORPHA:46487	CHUA_RO	khong_du_nguon	0
ORPHA:46488	CHUA_RO	khong_du_nguon	0
ORPHA:465	DON_GEN	gene_germline	0
ORPHA:46532	DON_GEN	gene_germline	0
ORPHA:465508	DON_GEN	gene_germline	0
ORPHA:466	DON_GEN	gene_germline	0
ORPHA:46627	DON_GEN	gene_germline	0
ORPHA:466650	CHUA_RO	khong_du_nguon	0
ORPHA:466677	CHUA_RO	khong_du_nguon	0
ORPHA:466688	DON_GEN	gene_germline	0
ORPHA:466722	DON_GEN	gene_germline	0
ORPHA:466768	DON_GEN	gene_germline	0
ORPHA:466791	DON_GEN	gene_germline	0
ORPHA:466794	DON_GEN	gene_germline	0
ORPHA:466926	DON_GEN	gene_germline	0
ORPHA:466934	DON_GEN	gene_germline	0
ORPHA:466943	CHUA_RO	khong_du_nguon	0
ORPHA:466950	DON_GEN	gene_germline	0
ORPHA:467166	DON_GEN	gene_germline	0
ORPHA:46724	DON_GEN	gene_germline	0
ORPHA:468620	DON_GEN	gene_germline	0
ORPHA:468631	DON_GEN	gene_germline	0
ORPHA:468661	DON_GEN	gene_germline	0
ORPHA:468678	DON_GEN	gene_germline	0
ORPHA:468699	DON_GEN	gene_germline	0
ORPHA:468726	DON_GEN	gene_germline	0
ORPHA:469	DON_GEN	gene_germline	0
ORPHA:47	DON_GEN	gene_germline	0
ORPHA:470	DON_GEN	gene_germline	0
ORPHA:47045	DON_GEN	gene_germline	0
ORPHA:47159	CHUA_RO	khong_du_nguon	0
ORPHA:474	DON_GEN	gene_germline	0
ORPHA:475	DON_GEN	gene_germline	0
ORPHA:47612	CHUA_RO	khong_du_nguon	0
ORPHA:476126	DON_GEN	gene_germline	0
ORPHA:477	DON_GEN	gene_germline	0
ORPHA:477673	DON_GEN	gene_germline	0
ORPHA:477774	DON_GEN	gene_germline	0
ORPHA:477781	CHUA_RO	khong_du_nguon	0
ORPHA:477814	DON_GEN	gene_germline	0
ORPHA:477817	CNV	mondo_partial_del_dup	0
ORPHA:477993	DON_GEN	gene_germline	0
ORPHA:478	DON_GEN	gene_germline	0
ORPHA:478029	DON_GEN	gene_germline	0
ORPHA:48	DON_GEN	gene_germline	0
ORPHA:480	DON_GEN	gene_germline	0
ORPHA:480520	CHUA_RO	khong_du_nguon	0
ORPHA:480536	DON_GEN	gene_germline	0
ORPHA:480864	DON_GEN	gene_germline	0
ORPHA:480880	DON_GEN	gene_germline	0
ORPHA:480898	DON_GEN	gene_germline	0
ORPHA:480907	DON_GEN	gene_germline	0
ORPHA:481	DON_GEN	gene_germline	0
ORPHA:48104	CHUA_RO	khong_du_nguon	0
ORPHA:481152	DON_GEN	gene_germline	0
ORPHA:482	CHUA_RO	khong_du_nguon	0
ORPHA:482601	DON_GEN	gene_germline	0
ORPHA:48372	CHUA_RO	khong_du_nguon	0
ORPHA:48377	CHUA_RO	khong_du_nguon	0
ORPHA:48431	CNV	mondo_partial_del_dup	1
ORPHA:48435	CHUA_RO	khong_du_nguon	0
ORPHA:485	DON_GEN	gene_germline	0
ORPHA:485350	DON_GEN	gene_germline	0
ORPHA:485405	CNV	mondo_partial_del_dup	0
ORPHA:485421	DON_GEN	gene_germline	0
ORPHA:486	DON_GEN	gene_germline	0
ORPHA:48652	CNV	mondo_partial_del_dup	1
ORPHA:486815	DON_GEN	gene_germline	0
ORPHA:48686	CHUA_RO	khong_du_nguon	0
ORPHA:487	DON_GEN	gene_germline	0
ORPHA:487796	DON_GEN	gene_germline	0
ORPHA:487825	DON_GEN	gene_germline	0
ORPHA:488	CHUA_RO	khong_du_nguon	0
ORPHA:48818	DON_GEN	gene_germline	0
ORPHA:488191	DON_GEN	gene_germline	0
ORPHA:488232	DON_GEN	gene_germline	0
ORPHA:488333	DON_GEN	gene_germline	0
ORPHA:488434	CHUA_RO	khong_du_nguon	0
ORPHA:488437	CHUA_RO	khong_du_nguon	0
ORPHA:488594	DON_GEN	gene_germline	0
ORPHA:488613	DON_GEN	gene_germline	0
ORPHA:488618	DON_GEN	gene_germline	0
ORPHA:488627	DON_GEN	gene_germline	0
ORPHA:488632	DON_GEN	gene_germline	0
ORPHA:488635	DON_GEN	gene_germline	0
ORPHA:488642	CNV	mondo_partial_del_dup	1
ORPHA:488650	DON_GEN	gene_germline	0
ORPHA:48918	CHUA_RO	khong_du_nguon	0
ORPHA:49	CHUA_RO	khong_du_nguon	0
ORPHA:49041	CHUA_RO	khong_du_nguon	0
ORPHA:49042	CHUA_RO	khong_du_nguon	0
ORPHA:492	CHUA_RO	khong_du_nguon	0
ORPHA:493	CHUA_RO	khong_du_nguon	0
ORPHA:49382	DON_GEN	gene_germline	0
ORPHA:494	DON_GEN	gene_germline	0
ORPHA:494344	DON_GEN	gene_germline	0
ORPHA:494424	CHUA_RO	khong_du_nguon	0
ORPHA:494444	DON_GEN	gene_germline	0
ORPHA:494526	DON_GEN	gene_germline	0
ORPHA:494541	DON_GEN	gene_germline	0
ORPHA:495	CHUA_RO	khong_du_nguon	0
ORPHA:49566	CHUA_RO	khong_du_nguon	0
ORPHA:495818	CNV	mondo_partial_del_dup	0
ORPHA:495875	CHUA_RO	khong_du_nguon	0
ORPHA:496641	DON_GEN	gene_germline	0
ORPHA:496689	DON_GEN	gene_germline	0
ORPHA:496756	DON_GEN	gene_germline	0
ORPHA:496790	DON_GEN	gene_germline	0
ORPHA:497764	DON_GEN	gene_germline	0
ORPHA:49804	CHUA_RO	khong_du_nguon	0
ORPHA:49827	DON_GEN	gene_germline	0
ORPHA:498359	CHUA_RO	khong_du_nguon	0
ORPHA:499	CHUA_RO	khong_du_nguon	0
ORPHA:499009	CHUA_RO	khong_du_nguon	0
ORPHA:499096	CHUA_RO	khong_du_nguon	0
ORPHA:5	DON_GEN	gene_germline	0
ORPHA:50	CHUA_RO	khong_du_nguon	0
ORPHA:500	DON_GEN	gene_germline	0
ORPHA:500055	CNV	mondo_partial_del_dup	1
ORPHA:500095	DON_GEN	gene_germline	0
ORPHA:500144	DON_GEN	gene_germline	0
ORPHA:500150	DON_GEN	gene_germline	0
ORPHA:500159	DON_GEN	gene_germline	0
ORPHA:500166	DON_GEN	gene_germline	0
ORPHA:500180	DON_GEN	gene_germline	0
ORPHA:500533	DON_GEN	gene_germline	0
ORPHA:500545	DON_GEN	gene_germline	0
ORPHA:501	DON_GEN	gene_germline	0
ORPHA:502	CNV	mondo_partial_del_dup	0
ORPHA:502423	DON_GEN	gene_germline	0
ORPHA:502430	DON_GEN	gene_germline	0
ORPHA:502434	DON_GEN	gene_germline	0
ORPHA:50251	DON_GEN	gene_germline	0
ORPHA:503	DON_GEN	gene_germline	0
ORPHA:504476	DON_GEN	gene_germline	0
ORPHA:505	CHUA_RO	khong_du_nguon	0
ORPHA:505216	DON_GEN	gene_germline	0
ORPHA:505237	DON_GEN	gene_germline	0
ORPHA:505248	DON_GEN	gene_germline	0
ORPHA:505395	CHUA_RO	khong_du_nguon	0
ORPHA:505652	DON_GEN	gene_germline	0
ORPHA:506	CHUA_RO	khong_du_nguon	0
ORPHA:506353	DON_GEN	gene_germline	0
ORPHA:506358	DON_GEN	gene_germline	0
ORPHA:507	CHUA_RO	khong_du_nguon	0
ORPHA:508	DON_GEN	gene_germline	0
ORPHA:50809	CHUA_RO	khong_du_nguon	0
ORPHA:508093	DON_GEN	gene_germline	0
ORPHA:50810	CHUA_RO	khong_du_nguon	0
ORPHA:50811	CHUA_RO	khong_du_nguon	0
ORPHA:50812	CHUA_RO	khong_du_nguon	0
ORPHA:50814	DON_GEN	gene_germline	0
ORPHA:50815	CHUA_RO	khong_du_nguon	0
ORPHA:50839	CHUA_RO	khong_du_nguon	0
ORPHA:508410	CHUA_RO	khong_du_nguon	0
ORPHA:508488	CNV	mondo_partial_del_dup	1
ORPHA:508498	DON_GEN	gene_germline	0
ORPHA:508533	DON_GEN	gene_germline	0
ORPHA:508542	DON_GEN	gene_germline	0
ORPHA:509	CHUA_RO	khong_du_nguon	0
ORPHA:50918	CHUA_RO	khong_du_nguon	0
ORPHA:50942	DON_GEN	gene_germline	0
ORPHA:50943	DON_GEN	gene_germline	0
ORPHA:50944	DON_GEN	gene_germline	0
ORPHA:50945	DON_GEN	gene_germline	0
ORPHA:51	DON_GEN	gene_germline	0
ORPHA:510	DON_GEN	gene_germline	0
ORPHA:51083	DON_GEN	gene_germline	0
ORPHA:511	DON_GEN	gene_germline	0
ORPHA:51188	DON_GEN	gene_germline	0
ORPHA:512	CHUA_RO	khong_du_nguon	0
ORPHA:51208	DON_GEN	gene_germline	0
ORPHA:512260	DON_GEN	gene_germline	0
ORPHA:513436	DON_GEN	gene_germline	0
ORPHA:513456	DON_GEN	gene_germline	0
ORPHA:514	CHUA_RO	khong_du_nguon	0
ORPHA:51608	DON_GEN	gene_germline	0
ORPHA:51636	DON_GEN	gene_germline	0
ORPHA:517	CHUA_RO	khong_du_nguon	0
ORPHA:51890	CHUA_RO	khong_du_nguon	0
ORPHA:52	CHUA_RO	khong_du_nguon	0
ORPHA:520	DON_GEN	gene_germline	1
ORPHA:52022	CNV	mondo_partial_del_dup	0
ORPHA:52047	CHUA_RO	khong_du_nguon	0
ORPHA:52055	DON_GEN	gene_germline	0
ORPHA:52056	CHUA_RO	khong_du_nguon	0
ORPHA:521	DON_GEN	gene_germline	1
ORPHA:521219	CHUA_RO	khong_du_nguon	0
ORPHA:521258	CNV	mondo_partial_del_dup	0
ORPHA:521308	CHUA_RO	khong_du_nguon	0
ORPHA:521390	DON_GEN	gene_germline	0
ORPHA:521406	DON_GEN	gene_germline	0
ORPHA:521411	DON_GEN	gene_germline	0
ORPHA:521426	DON_GEN	gene_germline	0
ORPHA:521445	DON_GEN	gene_germline	0
ORPHA:522077	DON_GEN	gene_germline	0
ORPHA:523	DON_GEN	gene_germline	1
ORPHA:52368	DON_GEN	gene_germline	0
ORPHA:524	DON_GEN	gene_germline	0
ORPHA:52416	CHUA_RO	khong_du_nguon	0
ORPHA:52417	DON_GEN	gene_germline	1
ORPHA:52427	DON_GEN	gene_germline	0
ORPHA:52429	DON_GEN	gene_germline	0
ORPHA:52430	DON_GEN	gene_germline	0
ORPHA:525	CHUA_RO	khong_du_nguon	0
ORPHA:52503	DON_GEN	gene_germline	0
ORPHA:525731	CHUA_RO	khong_du_nguon	0
ORPHA:526	DON_GEN	gene_germline	0
ORPHA:527497	DON_GEN	gene_germline	0
ORPHA:528	DON_GEN	gene_germline	0
ORPHA:528623	DON_GEN	gene_germline	0
ORPHA:528647	CHUA_RO	khong_du_nguon	0
ORPHA:529	CHUA_RO	khong_du_nguon	0
ORPHA:52901	DON_GEN	gene_germline	0
ORPHA:529665	DON_GEN	gene_germline	0
ORPHA:529799	CHUA_RO	khong_du_nguon	0
ORPHA:529808	CHUA_RO	khong_du_nguon	0
ORPHA:529962	CNV	ten_benh	0
ORPHA:529965	DON_GEN	gene_germline	0
ORPHA:529970	DON_GEN	gene_germline	0
ORPHA:53	DON_GEN	gene_germline	0
ORPHA:530	DON_GEN	gene_germline	0
ORPHA:53035	DON_GEN	gene_germline	0
ORPHA:530838	DON_GEN	gene_germline	0
ORPHA:530983	DON_GEN	gene_germline	0
ORPHA:531	CNV	mondo_partial_del_dup	0
ORPHA:531151	CNV	ten_benh	0
ORPHA:53271	DON_GEN	gene_germline	0
ORPHA:53296	CHUA_RO	khong_du_nguon	0
ORPHA:533	CHUA_RO	khong_du_nguon	0
ORPHA:53351	DON_GEN	gene_germline	0
ORPHA:53372	CHUA_RO	khong_du_nguon	0
ORPHA:534	DON_GEN	gene_germline	0
ORPHA:53583	DON_GEN	gene_germline	0
ORPHA:536	CHUA_RO	khong_du_nguon	0
ORPHA:536467	DON_GEN	gene_germline	0
ORPHA:536471	CHUA_RO	khong_du_nguon	0
ORPHA:536516	DON_GEN	gene_germline	0
ORPHA:536532	DON_GEN	gene_germline	0
ORPHA:536545	CHUA_RO	khong_du_nguon	0
ORPHA:53693	DON_GEN	gene_germline	0
ORPHA:53697	DON_GEN	gene_germline	0
ORPHA:537	CHUA_RO	khong_du_nguon	0
ORPHA:53715	CHUA_RO	khong_du_nguon	0
ORPHA:53721	CHUA_RO	khong_du_nguon	0
ORPHA:538	DON_GEN	gene_germline	0
ORPHA:538934	DON_GEN	gene_germline	0
ORPHA:54	DON_GEN	gene_germline	0
ORPHA:540	DON_GEN	gene_germline	0
ORPHA:54028	CHUA_RO	khong_du_nguon	0
ORPHA:54057	CHUA_RO	khong_du_nguon	0
ORPHA:541423	DON_GEN	gene_germline	0
ORPHA:542306	DON_GEN	gene_germline	0
ORPHA:542310	DON_GEN	gene_germline	0
ORPHA:542323	CHUA_RO	khong_du_nguon	0
ORPHA:54247	CHUA_RO	khong_du_nguon	0
ORPHA:54251	CHUA_RO	khong_du_nguon	0
ORPHA:542592	CHUA_RO	khong_du_nguon	0
ORPHA:542643	CHUA_RO	khong_du_nguon	0
ORPHA:543	DON_GEN	gene_germline	1
ORPHA:543470	DON_GEN	gene_germline	0
ORPHA:54370	CHUA_RO	khong_du_nguon	0
ORPHA:544254	DON_GEN	gene_germline	0
ORPHA:544469	DON_GEN	gene_germline	0
ORPHA:544482	CHUA_RO	khong_du_nguon	0
ORPHA:544488	DON_GEN	gene_germline	0
ORPHA:544503	DON_GEN	gene_germline	0
ORPHA:545	CHUA_RO	khong_du_nguon	0
ORPHA:54595	CHUA_RO	khong_du_nguon	0
ORPHA:548	CHUA_RO	khong_du_nguon	0
ORPHA:549	CHUA_RO	khong_du_nguon	0
ORPHA:550	DON_GEN	gene_germline	0
ORPHA:551	DON_GEN	gene_germline	0
ORPHA:552	DON_GEN	gene_germline	0
ORPHA:555874	CHUA_RO	khong_du_nguon	0
ORPHA:555877	DON_GEN	gene_germline	0
ORPHA:555905	CHUA_RO	khong_du_nguon	0
ORPHA:556	CHUA_RO	khong_du_nguon	0
ORPHA:556030	DON_GEN	gene_germline	0
ORPHA:556037	CHUA_RO	khong_du_nguon	0
ORPHA:55654	DON_GEN	gene_germline	0
ORPHA:556955	DON_GEN	gene_germline	0
ORPHA:557003	DON_GEN	gene_germline	0
ORPHA:558	DON_GEN	gene_germline	0
ORPHA:55881	CHUA_RO	khong_du_nguon	0
ORPHA:559	DON_GEN	gene_germline	0
ORPHA:56	DON_GEN	gene_germline	0
ORPHA:560	DON_GEN	gene_germline	0
ORPHA:561	DON_GEN	gene_germline	0
ORPHA:561854	CHUA_RO	khong_du_nguon	0
ORPHA:562	DON_GEN	gene_germline	0
ORPHA:562528	DON_GEN	gene_germline	0
ORPHA:562639	CHUA_RO	khong_du_nguon	0
ORPHA:563	CHUA_RO	khong_du_nguon	0
ORPHA:56304	DON_GEN	gene_germline	0
ORPHA:56305	DON_GEN	gene_germline	0
ORPHA:563609	CHUA_RO	khong_du_nguon	0
ORPHA:563612	CHUA_RO	khong_du_nguon	0
ORPHA:563991	CHUA_RO	khong_du_nguon	0
ORPHA:564	DON_GEN	gene_germline	0
ORPHA:564003	CHUA_RO	khong_du_nguon	0
ORPHA:564178	CHUA_RO	khong_du_nguon	0
ORPHA:56425	CHUA_RO	khong_du_nguon	0
ORPHA:565	DON_GEN	gene_germline	0
ORPHA:565612	DON_GEN	gene_germline	0
ORPHA:565624	DON_GEN	gene_germline	0
ORPHA:565782	CHUA_RO	khong_du_nguon	0
ORPHA:565899	CHUA_RO	khong_du_nguon	0
ORPHA:566	CHUA_RO	khong_du_nguon	0
ORPHA:566243	DON_GEN	gene_germline	0
ORPHA:566943	CHUA_RO	khong_du_nguon	0
ORPHA:567	CNV	mondo_partial_del_dup	1
ORPHA:567544	CHUA_RO	khong_du_nguon	0
ORPHA:567546	CHUA_RO	khong_du_nguon	0
ORPHA:567548	CHUA_RO	khong_du_nguon	0
ORPHA:567983	CHUA_RO	khong_du_nguon	0
ORPHA:568	DON_GEN	gene_germline	0
ORPHA:568051	CHUA_RO	khong_du_nguon	0
ORPHA:569	DON_GEN	gene_germline	0
ORPHA:57	DON_GEN	gene_germline	0
ORPHA:570	DON_GEN	gene_germline	0
ORPHA:570422	DON_GEN	gene_germline	0
ORPHA:57145	CHUA_RO	khong_du_nguon	0
ORPHA:57196	CHUA_RO	khong_du_nguon	0
ORPHA:572	DON_GEN	gene_germline	0
ORPHA:572013	DON_GEN	gene_germline	0
ORPHA:572333	CHUA_RO	khong_du_nguon	0
ORPHA:572798	DON_GEN	gene_germline	0
ORPHA:573	DON_GEN	gene_germline	0
ORPHA:574	CNV	ten_benh	0
ORPHA:575	DON_GEN	gene_germline	0
ORPHA:576	DON_GEN	gene_germline	0
ORPHA:576283	DON_GEN	gene_germline	0
ORPHA:577	DON_GEN	gene_germline	0
ORPHA:57782	CHUA_RO	khong_du_nguon	0
ORPHA:578	DON_GEN	gene_germline	0
ORPHA:579	CHUA_RO	khong_du_nguon	0
ORPHA:58	DON_GEN	gene_germline	0
ORPHA:580	DON_GEN	gene_germline	0
ORPHA:581	CHUA_RO	khong_du_nguon	0
ORPHA:582	CHUA_RO	khong_du_nguon	0
ORPHA:583	DON_GEN	gene_germline	0
ORPHA:583097	CHUA_RO	khong_du_nguon	0
ORPHA:583861	CHUA_RO	khong_du_nguon	0
ORPHA:584	DON_GEN	gene_germline	0
ORPHA:585	DON_GEN	gene_germline	0
ORPHA:586	DON_GEN	gene_germline	0
ORPHA:588	DON_GEN	gene_germline	0
ORPHA:589	CHUA_RO	khong_du_nguon	0
ORPHA:589618	DON_GEN	gene_germline	0
ORPHA:589821	DON_GEN	gene_germline	0
ORPHA:589905	DON_GEN	gene_germline	0
ORPHA:59	DON_GEN	gene_germline	0
ORPHA:590	CHUA_RO	khong_du_nguon	0
ORPHA:59135	DON_GEN	gene_germline	0
ORPHA:59181	DON_GEN	gene_germline	0
ORPHA:592	CHUA_RO	khong_du_nguon	0
ORPHA:592574	DON_GEN	gene_germline	0
ORPHA:59298	CHUA_RO	khong_du_nguon	0
ORPHA:59303	DON_GEN	gene_germline	0
ORPHA:59315	CHUA_RO	khong_du_nguon	0
ORPHA:596	DON_GEN	gene_germline	0
ORPHA:596448	CHUA_RO	khong_du_nguon	0
ORPHA:597	DON_GEN	gene_germline	0
ORPHA:598	CHUA_RO	khong_du_nguon	0
ORPHA:599373	DON_GEN	gene_germline	0
ORPHA:6	DON_GEN	gene_germline	0
ORPHA:60	DON_GEN	gene_germline	0
ORPHA:600	DON_GEN	gene_germline	0
ORPHA:60015	DON_GEN	gene_germline	0
ORPHA:60025	DON_GEN	gene_germline	0
ORPHA:60026	CHUA_RO	khong_du_nguon	0
ORPHA:60030	DON_GEN	gene_germline	0
ORPHA:60032	CHUA_RO	khong_du_nguon	0
ORPHA:60033	DON_GEN	gene_germline	0
ORPHA:60039	CHUA_RO	khong_du_nguon	0
ORPHA:60040	DON_GEN	gene_germline	0
ORPHA:60041	CHUA_RO	khong_du_nguon	0
ORPHA:602	DON_GEN	gene_germline	0
ORPHA:603	DON_GEN	gene_germline	0
ORPHA:606	DON_GEN	gene_germline	0
ORPHA:609	DON_GEN	gene_germline	0
ORPHA:61	DON_GEN	gene_germline	0
ORPHA:610	DON_GEN	gene_germline	0
ORPHA:611	CHUA_RO	khong_du_nguon	0
ORPHA:614	DON_GEN	gene_germline	0
ORPHA:615	DON_GEN	gene_germline	0
ORPHA:616	DON_GEN	gene_germline	0
ORPHA:617	CHUA_RO	khong_du_nguon	0
ORPHA:618	CHUA_RO	khong_du_nguon	0
ORPHA:62	DON_GEN	gene_germline	0
ORPHA:620102	CHUA_RO	khong_du_nguon	0
ORPHA:621	DON_GEN	gene_germline	0
ORPHA:622	CHUA_RO	khong_du_nguon	0
ORPHA:623615	CHUA_RO	khong_du_nguon	0
ORPHA:623626	CHUA_RO	khong_du_nguon	0
ORPHA:623789	CHUA_RO	khong_du_nguon	0
ORPHA:624	DON_GEN	gene_germline	0
ORPHA:624166	CHUA_RO	khong_du_nguon	0
ORPHA:624259	CHUA_RO	khong_du_nguon	0
ORPHA:626	DON_GEN	gene_germline	0
ORPHA:627	DON_GEN	gene_germline	0
ORPHA:628	DON_GEN	gene_germline	0
ORPHA:63	CHUA_RO	khong_du_nguon	0
ORPHA:631	CHUA_RO	khong_du_nguon	0
ORPHA:63259	CHUA_RO	khong_du_nguon	0
ORPHA:63260	DON_GEN	gene_germline	0
ORPHA:63273	DON_GEN	gene_germline	0
ORPHA:63275	CHUA_RO	khong_du_nguon	0
ORPHA:633	DON_GEN	gene_germline	0
ORPHA:633228	CHUA_RO	khong_du_nguon	0
ORPHA:634	DON_GEN	gene_germline	0
ORPHA:63442	DON_GEN	gene_germline	0
ORPHA:63446	DON_GEN	gene_germline	0
ORPHA:63455	CHUA_RO	khong_du_nguon	0
ORPHA:635	CHUA_RO	khong_du_nguon	0
ORPHA:636	DON_GEN	gene_germline	0
ORPHA:637	DON_GEN	gene_germline	0
ORPHA:638	DON_GEN	gene_germline	0
ORPHA:63862	CHUA_RO	khong_du_nguon	0
ORPHA:64	DON_GEN	gene_germline	0
ORPHA:640	CNV	mondo_partial_del_dup	1
ORPHA:641	CHUA_RO	khong_du_nguon	0
ORPHA:642	DON_GEN	gene_germline	0
ORPHA:64280	DON_GEN	gene_germline	0
ORPHA:643	DON_GEN	gene_germline	0
ORPHA:644	DON_GEN	gene_germline	0
ORPHA:646	CHUA_RO	khong_du_nguon	0
ORPHA:646136	CHUA_RO	khong_du_nguon	0
ORPHA:647	DON_GEN	gene_germline	0
ORPHA:64734	CHUA_RO	khong_du_nguon	0
ORPHA:64739	DON_GEN	gene_germline	0
ORPHA:64741	CHUA_RO	khong_du_nguon	0
ORPHA:64743	CHUA_RO	khong_du_nguon	0
ORPHA:64744	CHUA_RO	khong_du_nguon	0
ORPHA:64745	CHUA_RO	khong_du_nguon	0
ORPHA:64752	DON_GEN	gene_germline	0
ORPHA:64753	DON_GEN	gene_germline	0
ORPHA:64754	DON_GEN	gene_germline	0
ORPHA:64755	DON_GEN	gene_germline	0
ORPHA:647799	CHUA_RO	khong_du_nguon	0
ORPHA:648	DON_GEN	gene_germline	0
ORPHA:648919	CHUA_RO	khong_du_nguon	0
ORPHA:649	DON_GEN	gene_germline	0
ORPHA:65	DON_GEN	gene_germline	0
ORPHA:650	CHUA_RO	khong_du_nguon	0
ORPHA:652	DON_GEN	gene_germline	0
ORPHA:65282	DON_GEN	gene_germline	0
ORPHA:65285	DON_GEN	gene_germline	0
ORPHA:65286	CNV	mondo_partial_del_dup	0
ORPHA:65287	DON_GEN	gene_germline	0
ORPHA:65288	DON_GEN	gene_germline	0
ORPHA:653	CHUA_RO	khong_du_nguon	0
ORPHA:654	DON_GEN	gene_germline	0
ORPHA:655	CHUA_RO	khong_du_nguon	0
ORPHA:656	DON_GEN	gene_germline	0
ORPHA:65681	CHUA_RO	khong_du_nguon	0
ORPHA:65682	CHUA_RO	khong_du_nguon	0
ORPHA:65683	CHUA_RO	khong_du_nguon	0
ORPHA:65684	CHUA_RO	khong_du_nguon	0
ORPHA:65759	DON_GEN	gene_germline	0
ORPHA:658549	CHUA_RO	khong_du_nguon	0
ORPHA:659	DON_GEN	gene_germline	0
ORPHA:660	CHUA_RO	khong_du_nguon	0
ORPHA:661	DON_GEN	gene_germline	0
ORPHA:662	DON_GEN	gene_germline	0
ORPHA:663	DON_GEN	gene_germline	0
ORPHA:664	DON_GEN	gene_germline	0
ORPHA:664372	CHUA_RO	khong_du_nguon	0
ORPHA:66518	CHUA_RO	khong_du_nguon	0
ORPHA:66529	CHUA_RO	khong_du_nguon	0
ORPHA:666	CHUA_RO	khong_du_nguon	0
ORPHA:66624	CHUA_RO	khong_du_nguon	0
ORPHA:66625	CHUA_RO	khong_du_nguon	0
ORPHA:66627	CHUA_RO	khong_du_nguon	0
ORPHA:66628	DON_GEN	gene_germline	0
ORPHA:66629	DON_GEN	gene_germline	0
ORPHA:66630	CHUA_RO	khong_du_nguon	0
ORPHA:66631	DON_GEN	gene_germline	0
ORPHA:66633	CHUA_RO	khong_du_nguon	0
ORPHA:66634	DON_GEN	gene_germline	0
ORPHA:66637	DON_GEN	gene_germline	0
ORPHA:66661	CHUA_RO	khong_du_nguon	0
ORPHA:667	DON_GEN	gene_germline	0
ORPHA:668	DON_GEN	gene_germline	0
ORPHA:67	CHUA_RO	khong_du_nguon	0
ORPHA:67036	DON_GEN	gene_germline	0
ORPHA:67041	DON_GEN	gene_germline	0
ORPHA:67042	DON_GEN	gene_germline	0
ORPHA:67043	CHUA_RO	khong_du_nguon	0
ORPHA:67044	DON_GEN	gene_germline	0
ORPHA:67045	DON_GEN	gene_germline	0
ORPHA:67046	DON_GEN	gene_germline	0
ORPHA:67047	DON_GEN	gene_germline	0
ORPHA:67048	CHUA_RO	khong_du_nguon	0
ORPHA:672	DON_GEN	gene_germline	0
ORPHA:673	CHUA_RO	khong_du_nguon	0
ORPHA:675	CHUA_RO	khong_du_nguon	0
ORPHA:676	DON_GEN	gene_germline	0
ORPHA:677	CHUA_RO	khong_du_nguon	0
ORPHA:678	DON_GEN	gene_germline	0
ORPHA:679	CHUA_RO	khong_du_nguon	0
ORPHA:68	CHUA_RO	khong_du_nguon	0
ORPHA:681	DON_GEN	gene_germline	0
ORPHA:682	DON_GEN	gene_germline	0
ORPHA:683	CHUA_RO	khong_du_nguon	0
ORPHA:684	DON_GEN	gene_germline	0
ORPHA:685082	CHUA_RO	khong_du_nguon	0
ORPHA:69061	CHUA_RO	khong_du_nguon	0
ORPHA:69063	DON_GEN	gene_germline	0
ORPHA:69076	DON_GEN	gene_germline	0
ORPHA:69077	CHUA_RO	khong_du_nguon	0
ORPHA:69078	CHUA_RO	khong_du_nguon	0
ORPHA:69085	DON_GEN	gene_germline	0
ORPHA:69087	DON_GEN	gene_germline	0
ORPHA:69125	CHUA_RO	khong_du_nguon	0
ORPHA:69126	DON_GEN	gene_germline	0
ORPHA:693661	CHUA_RO	khong_du_nguon	0
ORPHA:693681	CHUA_RO	khong_du_nguon	0
ORPHA:69663	DON_GEN	gene_germline	0
ORPHA:69665	CHUA_RO	khong_du_nguon	0
ORPHA:697160	CHUA_RO	khong_du_nguon	0
ORPHA:69735	DON_GEN	gene_germline	0
ORPHA:69736	CHUA_RO	khong_du_nguon	0
ORPHA:69744	CHUA_RO	khong_du_nguon	0
ORPHA:69745	CHUA_RO	khong_du_nguon	0
ORPHA:699	CHUA_RO	khong_du_nguon	0
ORPHA:7	DON_GEN	gene_germline	0
ORPHA:70	CHUA_RO	khong_du_nguon	0
ORPHA:700	CHUA_RO	khong_du_nguon	0
ORPHA:701	DON_GEN	gene_germline	0
ORPHA:702	DON_GEN	gene_germline	0
ORPHA:703	CHUA_RO	khong_du_nguon	0
ORPHA:704	CHUA_RO	khong_du_nguon	0
ORPHA:70472	DON_GEN	gene_germline	0
ORPHA:70475	CHUA_RO	khong_du_nguon	0
ORPHA:70476	CHUA_RO	khong_du_nguon	0
ORPHA:705	DON_GEN	gene_germline	0
ORPHA:70567	CHUA_RO	khong_du_nguon	0
ORPHA:70568	CHUA_RO	khong_du_nguon	0
ORPHA:70578	CHUA_RO	khong_du_nguon	0
ORPHA:70588	CHUA_RO	khong_du_nguon	0
ORPHA:70589	CHUA_RO	khong_du_nguon	0
ORPHA:70591	CHUA_RO	khong_du_nguon	0
ORPHA:70592	DON_GEN	gene_germline	0
ORPHA:70593	CHUA_RO	khong_du_nguon	0
ORPHA:70594	DON_GEN	gene_germline	0
ORPHA:70595	DON_GEN	gene_germline	0
ORPHA:707	CHUA_RO	khong_du_nguon	0
ORPHA:708	DON_GEN	gene_germline	0
ORPHA:709	DON_GEN	gene_germline	0
ORPHA:71	DON_GEN	gene_germline	0
ORPHA:710	DON_GEN	gene_germline	0
ORPHA:712	DON_GEN	gene_germline	0
ORPHA:71211	CHUA_RO	khong_du_nguon	0
ORPHA:71212	DON_GEN	gene_germline	0
ORPHA:71213	CHUA_RO	khong_du_nguon	0
ORPHA:71267	CHUA_RO	khong_du_nguon	0
ORPHA:71272	CHUA_RO	khong_du_nguon	0
ORPHA:71273	CHUA_RO	khong_du_nguon	0
ORPHA:71275	DON_GEN	gene_germline	0
ORPHA:71276	CHUA_RO	khong_du_nguon	0
ORPHA:71277	DON_GEN	gene_germline	0
ORPHA:71289	DON_GEN	gene_germline	0
ORPHA:713	DON_GEN	gene_germline	0
ORPHA:714652	CHUA_RO	khong_du_nguon	0
ORPHA:71493	DON_GEN	gene_germline	0
ORPHA:715	DON_GEN	gene_germline	0
ORPHA:715025	CHUA_RO	khong_du_nguon	0
ORPHA:71505	CHUA_RO	khong_du_nguon	0
ORPHA:71517	DON_GEN	gene_germline	0
ORPHA:71518	DON_GEN	gene_germline	0
ORPHA:71519	CHUA_RO	khong_du_nguon	0
ORPHA:71526	DON_GEN	gene_germline	0
ORPHA:71528	DON_GEN	gene_germline	0
ORPHA:71529	DON_GEN	gene_germline	0
ORPHA:716	DON_GEN	gene_germline	0
ORPHA:718	DON_GEN	gene_germline	0
ORPHA:72	DON_GEN	gene_germline	0
ORPHA:720	CHUA_RO	khong_du_nguon	0
ORPHA:721	DON_GEN	gene_germline	0
ORPHA:722	DON_GEN	gene_germline	0
ORPHA:723	CHUA_RO	khong_du_nguon	0
ORPHA:724	CHUA_RO	khong_du_nguon	0
ORPHA:725	DON_GEN	gene_germline	0
ORPHA:726	DON_GEN	gene_germline	0
ORPHA:727	CHUA_RO	khong_du_nguon	0
ORPHA:728	CHUA_RO	khong_du_nguon	0
ORPHA:729	DON_GEN	gene_germline	0
ORPHA:73	CHUA_RO	khong_du_nguon	0
ORPHA:730	DON_GEN	gene_germline	0
ORPHA:731	DON_GEN	gene_germline	0
ORPHA:732	CHUA_RO	khong_du_nguon	0
ORPHA:73223	CHUA_RO	khong_du_nguon	0
ORPHA:73224	CHUA_RO	khong_du_nguon	0
ORPHA:73229	DON_GEN	gene_germline	0
ORPHA:73230	CHUA_RO	khong_du_nguon	0
ORPHA:73245	CHUA_RO	khong_du_nguon	0
ORPHA:73246	CHUA_RO	khong_du_nguon	0
ORPHA:73256	CHUA_RO	khong_du_nguon	0
ORPHA:73263	CHUA_RO	khong_du_nguon	0
ORPHA:73267	CHUA_RO	khong_du_nguon	0
ORPHA:73272	DON_GEN	gene_germline	0
ORPHA:73273	DON_GEN	gene_germline	0
ORPHA:733	CHUA_RO	khong_du_nguon	0
ORPHA:735	DON_GEN	gene_germline	0
ORPHA:737	CHUA_RO	khong_du_nguon	0
ORPHA:739	CNV	mondo_chromosomal_khac	1
ORPHA:74	CHUA_RO	khong_du_nguon	0
ORPHA:740	DON_GEN	gene_germline	0
ORPHA:742	DON_GEN	gene_germline	0
ORPHA:743	DON_GEN	gene_germline	0
ORPHA:744	DON_GEN	gene_germline	0
ORPHA:745	DON_GEN	gene_germline	0
ORPHA:746	DON_GEN	gene_germline	0
ORPHA:747	CHUA_RO	khong_du_nguon	0
ORPHA:750	DON_GEN	gene_germline	0
ORPHA:752	DON_GEN	gene_germline	0
ORPHA:75233	DON_GEN	gene_germline	0
ORPHA:75234	DON_GEN	gene_germline	0
ORPHA:75249	DON_GEN	gene_germline	0
ORPHA:753	DON_GEN	gene_germline	0
ORPHA:75325	CHUA_RO	khong_du_nguon	0
ORPHA:75373	CHUA_RO	khong_du_nguon	0
ORPHA:75374	DON_GEN	gene_germline	0
ORPHA:75376	DON_GEN	gene_germline	0
ORPHA:75377	DON_GEN	gene_germline	0
ORPHA:75378	CHUA_RO	khong_du_nguon	0
ORPHA:75382	DON_GEN	gene_germline	0
ORPHA:75389	CHUA_RO	khong_du_nguon	0
ORPHA:75392	DON_GEN	gene_germline	0
ORPHA:75496	DON_GEN	gene_germline	0
ORPHA:75497	DON_GEN	gene_germline	0
ORPHA:755	CHUA_RO	khong_du_nguon	0
ORPHA:75563	DON_GEN	gene_germline	0
ORPHA:75564	CHUA_RO	khong_du_nguon	0
ORPHA:75565	CHUA_RO	khong_du_nguon	0
ORPHA:75566	CHUA_RO	khong_du_nguon	0
ORPHA:75567	CHUA_RO	khong_du_nguon	0
ORPHA:757	CHUA_RO	khong_du_nguon	0
ORPHA:758	DON_GEN	gene_germline	0
ORPHA:75840	DON_GEN	gene_germline	0
ORPHA:75857	CNV	mondo_partial_del_dup	0
ORPHA:75858	DON_GEN	gene_germline	0
ORPHA:760	DON_GEN	gene_germline	0
ORPHA:761	CHUA_RO	khong_du_nguon	0
ORPHA:763	DON_GEN	gene_germline	0
ORPHA:764	CHUA_RO	khong_du_nguon	0
ORPHA:765	CHUA_RO	khong_du_nguon	0
ORPHA:766	DON_GEN	gene_germline	0
ORPHA:767	CHUA_RO	khong_du_nguon	0
ORPHA:769	DON_GEN	gene_germline	0
ORPHA:770	CHUA_RO	khong_du_nguon	0
ORPHA:772	DON_GEN	gene_germline	0
ORPHA:77258	DON_GEN	gene_germline	0
ORPHA:77259	DON_GEN	gene_germline	0
ORPHA:77260	DON_GEN	gene_germline	0
ORPHA:77261	DON_GEN	gene_germline	0
ORPHA:77293	DON_GEN	gene_germline	0
ORPHA:77296	CHUA_RO	khong_du_nguon	0
ORPHA:77297	DON_GEN	gene_germline	0
ORPHA:77298	DON_GEN	gene_germline	0
ORPHA:77299	CHUA_RO	khong_du_nguon	0
ORPHA:773	DON_GEN	gene_germline	0
ORPHA:77300	CHUA_RO	khong_du_nguon	0
ORPHA:77301	CNV	mondo_partial_del_dup	0
ORPHA:774	DON_GEN	gene_germline	0
ORPHA:776	DON_GEN	gene_germline	0
ORPHA:778	DON_GEN	gene_germline	0
ORPHA:779	DON_GEN	gene_germline	0
ORPHA:781	CHUA_RO	khong_du_nguon	0
ORPHA:782	DON_GEN	gene_germline	0
ORPHA:783	CHUA_RO	khong_du_nguon	0
ORPHA:785	DON_GEN	gene_germline	0
ORPHA:786	DON_GEN	gene_germline	0
ORPHA:79	DON_GEN	gene_germline	0
ORPHA:790	CHUA_RO	khong_du_nguon	0
ORPHA:79076	CHUA_RO	khong_du_nguon	0
ORPHA:79078	CHUA_RO	khong_du_nguon	0
ORPHA:79083	DON_GEN	gene_germline	0
ORPHA:79084	DON_GEN	gene_germline	0
ORPHA:79085	DON_GEN	gene_germline	0
ORPHA:79086	CHUA_RO	khong_du_nguon	0
ORPHA:79087	CHUA_RO	khong_du_nguon	0
ORPHA:79094	DON_GEN	gene_germline	0
ORPHA:79095	DON_GEN	gene_germline	0
ORPHA:79096	DON_GEN	gene_germline	0
ORPHA:79097	CHUA_RO	khong_du_nguon	0
ORPHA:79098	CHUA_RO	khong_du_nguon	0
ORPHA:79099	CHUA_RO	khong_du_nguon	0
ORPHA:791	DON_GEN	gene_germline	0
ORPHA:79100	DON_GEN	gene_germline	0
ORPHA:79101	DON_GEN	gene_germline	0
ORPHA:79102	CHUA_RO	khong_du_nguon	0
ORPHA:79106	DON_GEN	gene_germline	0
ORPHA:79107	DON_GEN	gene_germline	0
ORPHA:79113	DON_GEN	gene_germline	0
ORPHA:79124	DON_GEN	gene_germline	0
ORPHA:79126	CHUA_RO	khong_du_nguon	0
ORPHA:79127	CHUA_RO	khong_du_nguon	0
ORPHA:79128	CHUA_RO	khong_du_nguon	0
ORPHA:79129	CHUA_RO	khong_du_nguon	0
ORPHA:79133	CHUA_RO	khong_du_nguon	0
ORPHA:79134	DON_GEN	gene_germline	0
ORPHA:79135	CHUA_RO	khong_du_nguon	0
ORPHA:79136	CHUA_RO	khong_du_nguon	0
ORPHA:79137	DON_GEN	gene_germline	0
ORPHA:79138	CHUA_RO	khong_du_nguon	0
ORPHA:79139	CHUA_RO	khong_du_nguon	0
ORPHA:79140	CHUA_RO	khong_du_nguon	0
ORPHA:79141	CHUA_RO	khong_du_nguon	0
ORPHA:79144	CHUA_RO	khong_du_nguon	0
ORPHA:79145	DON_GEN	gene_germline	0
ORPHA:79147	CHUA_RO	khong_du_nguon	0
ORPHA:79148	CHUA_RO	khong_du_nguon	0
ORPHA:79149	CHUA_RO	khong_du_nguon	0
ORPHA:79151	DON_GEN	gene_germline	0
ORPHA:79152	DON_GEN	gene_germline	0
ORPHA:79153	DON_GEN	gene_germline	0
ORPHA:79154	DON_GEN	gene_germline	0
ORPHA:79155	DON_GEN	gene_germline	0
ORPHA:79156	CHUA_RO	khong_du_nguon	0
ORPHA:79157	DON_GEN	gene_germline	0
ORPHA:79159	DON_GEN	gene_germline	0
ORPHA:792	DON_GEN	gene_germline	0
ORPHA:79230	DON_GEN	gene_germline	0
ORPHA:79233	DON_GEN	gene_germline	0
ORPHA:79234	DON_GEN	gene_germline	0
ORPHA:79235	DON_GEN	gene_germline	0
ORPHA:79237	DON_GEN	gene_germline	0
ORPHA:79238	DON_GEN	gene_germline	0
ORPHA:79239	DON_GEN	gene_germline	0
ORPHA:79240	DON_GEN	gene_germline	0
ORPHA:79241	DON_GEN	gene_germline	0
ORPHA:79242	DON_GEN	gene_germline	0
ORPHA:79243	DON_GEN	gene_germline	0
ORPHA:79244	DON_GEN	gene_germline	0
ORPHA:79246	DON_GEN	gene_germline	0
ORPHA:79255	DON_GEN	gene_germline	0
ORPHA:79259	DON_GEN	gene_germline	0
ORPHA:79273	DON_GEN	gene_germline	0
ORPHA:79276	DON_GEN	gene_germline	0
ORPHA:79277	DON_GEN	gene_germline	0
ORPHA:79278	DON_GEN	gene_germline	0
ORPHA:79279	DON_GEN	gene_germline	0
ORPHA:79280	DON_GEN	gene_germline	0
ORPHA:79281	DON_GEN	gene_germline	0
ORPHA:79282	DON_GEN	gene_germline	0
ORPHA:79283	DON_GEN	gene_germline	0
ORPHA:79284	DON_GEN	gene_germline	0
ORPHA:79292	DON_GEN	gene_germline	0
ORPHA:79299	DON_GEN	gene_germline	0
ORPHA:793	CHUA_RO	khong_du_nguon	0
ORPHA:79301	DON_GEN	gene_germline	0
ORPHA:79302	DON_GEN	gene_germline	0
ORPHA:79303	DON_GEN	gene_germline	0
ORPHA:79312	DON_GEN	gene_germline	0
ORPHA:79314	DON_GEN	gene_germline	0
ORPHA:79315	DON_GEN	gene_germline	0
ORPHA:79318	DON_GEN	gene_germline	0
ORPHA:79319	DON_GEN	gene_germline	0
ORPHA:79320	DON_GEN	gene_germline	0
ORPHA:79321	DON_GEN	gene_germline	0
ORPHA:79322	DON_GEN	gene_germline	0
ORPHA:79323	DON_GEN	gene_germline	0
ORPHA:79324	DON_GEN	gene_germline	0
ORPHA:79325	DON_GEN	gene_germline	0
ORPHA:79326	DON_GEN	gene_germline	0
ORPHA:79327	DON_GEN	gene_germline	0
ORPHA:79328	DON_GEN	gene_germline	0
ORPHA:79329	DON_GEN	gene_germline	0
ORPHA:79330	DON_GEN	gene_germline	0
ORPHA:79332	DON_GEN	gene_germline	0
ORPHA:79333	DON_GEN	gene_germline	0
ORPHA:79345	DON_GEN	gene_germline	0
ORPHA:79350	DON_GEN	gene_germline	0
ORPHA:79351	DON_GEN	gene_germline	0
ORPHA:79394	DON_GEN	gene_germline	0
ORPHA:79395	DON_GEN	gene_germline	0
ORPHA:79396	DON_GEN	gene_germline	0
ORPHA:79397	DON_GEN	gene_germline	0
ORPHA:79399	DON_GEN	gene_germline	0
ORPHA:794	DON_GEN	gene_germline	0
ORPHA:79400	DON_GEN	gene_germline	0
ORPHA:79401	DON_GEN	gene_germline	0
ORPHA:79402	DON_GEN	gene_germline	0
ORPHA:79403	DON_GEN	gene_germline	0
ORPHA:79404	DON_GEN	gene_germline	0
ORPHA:79405	CHUA_RO	khong_du_nguon	0
ORPHA:79406	DON_GEN	gene_germline	0
ORPHA:79408	DON_GEN	gene_germline	0
ORPHA:79409	DON_GEN	gene_germline	0
ORPHA:79410	DON_GEN	gene_germline	0
ORPHA:79411	DON_GEN	gene_germline	0
ORPHA:79414	CHUA_RO	khong_du_nguon	0
ORPHA:79430	CHUA_RO	khong_du_nguon	0
ORPHA:79431	DON_GEN	gene_germline	0
ORPHA:79432	DON_GEN	gene_germline	0
ORPHA:79433	DON_GEN	gene_germline	0
ORPHA:79434	DON_GEN	gene_germline	0
ORPHA:79435	DON_GEN	gene_germline	0
ORPHA:79443	DON_GEN	gene_germline	0
ORPHA:79444	DON_GEN	gene_germline	0
ORPHA:79445	DON_GEN	gene_germline	0
ORPHA:79452	DON_GEN	gene_germline	0
ORPHA:79455	DON_GEN	gene_germline	0
ORPHA:79456	CHUA_RO	khong_du_nguon	0
ORPHA:79457	CHUA_RO	khong_du_nguon	0
ORPHA:79473	DON_GEN	gene_germline	0
ORPHA:79474	DON_GEN	gene_germline	0
ORPHA:79476	DON_GEN	gene_germline	0
ORPHA:79477	DON_GEN	gene_germline	0
ORPHA:79478	DON_GEN	gene_germline	0
ORPHA:79480	CHUA_RO	khong_du_nguon	0
ORPHA:79481	CHUA_RO	khong_du_nguon	0
ORPHA:79492	CHUA_RO	khong_du_nguon	0
ORPHA:79493	DON_GEN	gene_germline	0
ORPHA:79499	DON_GEN	gene_germline	0
ORPHA:79500	DON_GEN	gene_germline	0
ORPHA:79501	DON_GEN	gene_germline	0
ORPHA:79503	DON_GEN	gene_germline	0
ORPHA:796	DON_GEN	gene_germline	0
ORPHA:79644	DON_GEN	gene_germline	0
ORPHA:797	CHUA_RO	khong_du_nguon	0
ORPHA:798	DON_GEN	gene_germline	0
ORPHA:799	DON_GEN	gene_germline	0
ORPHA:8	NST	mondo_aneuploidy	0
ORPHA:80	CHUA_RO	khong_du_nguon	0
ORPHA:800	DON_GEN	gene_germline	0
ORPHA:803	DON_GEN	gene_germline	0
ORPHA:805	DON_GEN	gene_germline	0
ORPHA:806	DON_GEN	gene_germline	0
ORPHA:808	DON_GEN	gene_germline	0
ORPHA:809	CHUA_RO	khong_du_nguon	0
ORPHA:81	CHUA_RO	khong_du_nguon	0
ORPHA:810	CHUA_RO	khong_du_nguon	0
ORPHA:811	DON_GEN	gene_germline	0
ORPHA:812	DON_GEN	gene_germline	0
ORPHA:813	CNV	mondo_chromosomal_khac	0
ORPHA:816	DON_GEN	gene_germline	0
ORPHA:818	DON_GEN	gene_germline	0
ORPHA:819	CNV	mondo_partial_del_dup	1
ORPHA:82	DON_GEN	gene_germline	0
ORPHA:820	DON_GEN	gene_germline	0
ORPHA:821	CNV	mondo_partial_del_dup	1
ORPHA:822	DON_GEN	gene_germline	0
ORPHA:824	DON_GEN	gene_germline	0
ORPHA:827	DON_GEN	gene_germline	0
ORPHA:828	CHUA_RO	khong_du_nguon	0
ORPHA:829	CHUA_RO	khong_du_nguon	0
ORPHA:83	CHUA_RO	khong_du_nguon	0
ORPHA:832	DON_GEN	gene_germline	0
ORPHA:833	CHUA_RO	khong_du_nguon	0
ORPHA:83313	CHUA_RO	khong_du_nguon	0
ORPHA:83317	CHUA_RO	khong_du_nguon	0
ORPHA:834	CHUA_RO	khong_du_nguon	0
ORPHA:83450	CHUA_RO	khong_du_nguon	0
ORPHA:83451	CHUA_RO	khong_du_nguon	0
ORPHA:83452	CHUA_RO	khong_du_nguon	0
ORPHA:83453	CHUA_RO	khong_du_nguon	0
ORPHA:83454	DON_GEN	gene_germline	0
ORPHA:83461	DON_GEN	gene_germline	0
ORPHA:83463	DON_GEN	gene_germline	0
ORPHA:83465	CHUA_RO	khong_du_nguon	0
ORPHA:83467	CHUA_RO	khong_du_nguon	0
ORPHA:83468	CHUA_RO	khong_du_nguon	0
ORPHA:83469	CHUA_RO	khong_du_nguon	0
ORPHA:83471	DON_GEN	gene_germline	0
ORPHA:83472	DON_GEN	gene_germline	0
ORPHA:83473	DON_GEN	gene_germline	0
ORPHA:83597	CHUA_RO	khong_du_nguon	0
ORPHA:83600	CHUA_RO	khong_du_nguon	0
ORPHA:83601	CHUA_RO	khong_du_nguon	0
ORPHA:83617	CHUA_RO	khong_du_nguon	0
ORPHA:83619	CHUA_RO	khong_du_nguon	0
ORPHA:83620	DON_GEN	gene_germline	0
ORPHA:83628	CHUA_RO	khong_du_nguon	0
ORPHA:83629	DON_GEN	gene_germline	0
ORPHA:838	CHUA_RO	khong_du_nguon	0
ORPHA:839	DON_GEN	gene_germline	0
ORPHA:84	DON_GEN	gene_germline	0
ORPHA:840	CHUA_RO	khong_du_nguon	0
ORPHA:84064	DON_GEN	gene_germline	0
ORPHA:84081	DON_GEN	gene_germline	0
ORPHA:84085	CHUA_RO	khong_du_nguon	0
ORPHA:84090	DON_GEN	gene_germline	0
ORPHA:841	DON_GEN	gene_germline	0
ORPHA:84142	CHUA_RO	khong_du_nguon	0
ORPHA:845	DON_GEN	gene_germline	0
ORPHA:846	DON_GEN	gene_germline	0
ORPHA:847	DON_GEN	gene_germline	0
ORPHA:848	CHUA_RO	khong_du_nguon	0
ORPHA:849	DON_GEN	gene_germline	0
ORPHA:851	CNV	mondo_partial_del_dup	0
ORPHA:85112	DON_GEN	gene_germline	1
ORPHA:85128	DON_GEN	gene_germline	0
ORPHA:85138	CHUA_RO	khong_du_nguon	0
ORPHA:85162	CHUA_RO	khong_du_nguon	0
ORPHA:85163	DON_GEN	gene_germline	0
ORPHA:85164	DON_GEN	gene_germline	0
ORPHA:85165	DON_GEN	gene_germline	0
ORPHA:85166	DON_GEN	gene_germline	0
ORPHA:85167	DON_GEN	gene_germline	0
ORPHA:85168	CHUA_RO	khong_du_nguon	0
ORPHA:85169	DON_GEN	gene_germline	0
ORPHA:85170	CHUA_RO	khong_du_nguon	0
ORPHA:85172	DON_GEN	gene_germline	0
ORPHA:85173	DON_GEN	gene_germline	0
ORPHA:85174	CHUA_RO	khong_du_nguon	0
ORPHA:85175	CHUA_RO	khong_du_nguon	0
ORPHA:85179	DON_GEN	gene_germline	0
ORPHA:85184	CHUA_RO	khong_du_nguon	0
ORPHA:85188	CHUA_RO	khong_du_nguon	0
ORPHA:85193	CHUA_RO	khong_du_nguon	0
ORPHA:85194	DON_GEN	gene_germline	0
ORPHA:85197	CHUA_RO	khong_du_nguon	0
ORPHA:85198	DON_GEN	gene_germline	0
ORPHA:85199	DON_GEN	gene_germline	0
ORPHA:85201	DON_GEN	gene_germline	0
ORPHA:85202	DON_GEN	gene_germline	0
ORPHA:85203	CHUA_RO	khong_du_nguon	0
ORPHA:85212	DON_GEN	gene_germline	0
ORPHA:85273	CHUA_RO	khong_du_nguon	0
ORPHA:85274	CHUA_RO	khong_du_nguon	0
ORPHA:85275	CHUA_RO	khong_du_nguon	0
ORPHA:85276	DON_GEN	gene_germline	0
ORPHA:85277	DON_GEN	gene_germline	0
ORPHA:85278	DON_GEN	gene_germline	0
ORPHA:85279	DON_GEN	gene_germline	0
ORPHA:85280	CHUA_RO	khong_du_nguon	0
ORPHA:85282	DON_GEN	gene_germline	0
ORPHA:85284	DON_GEN	gene_germline	0
ORPHA:85285	CHUA_RO	khong_du_nguon	0
ORPHA:85286	DON_GEN	gene_germline	0
ORPHA:85287	DON_GEN	gene_germline	0
ORPHA:85288	DON_GEN	gene_germline	0
ORPHA:85290	CHUA_RO	khong_du_nguon	0
ORPHA:85292	CHUA_RO	khong_du_nguon	0
ORPHA:85293	DON_GEN	gene_germline	0
ORPHA:85294	DON_GEN	gene_germline	0
ORPHA:85295	DON_GEN	gene_germline	0
ORPHA:85297	CHUA_RO	khong_du_nguon	0
ORPHA:853	CHUA_RO	khong_du_nguon	0
ORPHA:85317	CHUA_RO	khong_du_nguon	0
ORPHA:85319	CHUA_RO	khong_du_nguon	0
ORPHA:85320	CHUA_RO	khong_du_nguon	0
ORPHA:85321	CHUA_RO	khong_du_nguon	0
ORPHA:85322	CHUA_RO	khong_du_nguon	0
ORPHA:85323	CHUA_RO	khong_du_nguon	0
ORPHA:85324	CHUA_RO	khong_du_nguon	0
ORPHA:85325	CHUA_RO	khong_du_nguon	0
ORPHA:85326	CHUA_RO	khong_du_nguon	0
ORPHA:85327	CHUA_RO	khong_du_nguon	0
ORPHA:85329	DON_GEN	gene_germline	0
ORPHA:85332	CNV	mondo_partial_del_dup	0
ORPHA:85334	CHUA_RO	khong_du_nguon	0
ORPHA:85335	DON_GEN	gene_germline	0
ORPHA:85336	CHUA_RO	khong_du_nguon	0
ORPHA:85338	CHUA_RO	khong_du_nguon	0
ORPHA:85408	CHUA_RO	khong_du_nguon	0
ORPHA:85410	CHUA_RO	khong_du_nguon	0
ORPHA:85414	DON_GEN	gene_germline	0
ORPHA:85435	CHUA_RO	khong_du_nguon	0
ORPHA:85436	CHUA_RO	khong_du_nguon	0
ORPHA:85438	CHUA_RO	khong_du_nguon	0
ORPHA:85443	CHUA_RO	khong_du_nguon	0
ORPHA:85445	CHUA_RO	khong_du_nguon	0
ORPHA:85446	CHUA_RO	khong_du_nguon	0
ORPHA:85447	DON_GEN	gene_germline	0
ORPHA:85448	DON_GEN	gene_germline	0
ORPHA:85450	DON_GEN	gene_germline	0
ORPHA:85451	DON_GEN	gene_germline	0
ORPHA:85458	CHUA_RO	khong_du_nguon	0
ORPHA:857	DON_GEN	gene_germline	0
ORPHA:858	CHUA_RO	khong_du_nguon	0
ORPHA:859	DON_GEN	gene_germline	0
ORPHA:860	CHUA_RO	khong_du_nguon	0
ORPHA:861	DON_GEN	gene_germline	0
ORPHA:863	CHUA_RO	khong_du_nguon	0
ORPHA:86309	DON_GEN	gene_germline	0
ORPHA:867	DON_GEN	gene_germline	0
ORPHA:86788	DON_GEN	gene_germline	0
ORPHA:868	DON_GEN	gene_germline	0
ORPHA:86812	DON_GEN	gene_germline	0
ORPHA:86814	DON_GEN	gene_germline	0
ORPHA:86816	DON_GEN	gene_germline	0
ORPHA:86818	CNV	mondo_partial_del_dup	1
ORPHA:86820	DON_GEN	gene_germline	0
ORPHA:86822	CHUA_RO	khong_du_nguon	0
ORPHA:86839	CHUA_RO	khong_du_nguon	0
ORPHA:86841	CNV	mondo_partial_del_dup	1
ORPHA:86843	CHUA_RO	khong_du_nguon	0
ORPHA:86884	DON_GEN	gene_germline	1
ORPHA:86893	CHUA_RO	khong_du_nguon	0
ORPHA:869	DON_GEN	gene_germline	0
ORPHA:86909	CHUA_RO	khong_du_nguon	0
ORPHA:86918	CHUA_RO	khong_du_nguon	0
ORPHA:86919	CHUA_RO	khong_du_nguon	0
ORPHA:87	DON_GEN	gene_germline	0
ORPHA:870	NST	mondo_aneuploidy	0
ORPHA:871	DON_GEN	gene_germline	0
ORPHA:873	DON_GEN	gene_germline	1
ORPHA:87503	DON_GEN	gene_germline	0
ORPHA:87876	DON_GEN	gene_germline	0
ORPHA:87884	CHUA_RO	khong_du_nguon	0
ORPHA:88	DON_GEN	gene_germline	0
ORPHA:881	NST	ten_benh	0
ORPHA:882	DON_GEN	gene_germline	0
ORPHA:884	CNV	mondo_partial_del_dup	0
ORPHA:886	CHUA_RO	khong_du_nguon	0
ORPHA:88618	DON_GEN	gene_germline	0
ORPHA:88619	CHUA_RO	khong_du_nguon	0
ORPHA:88621	DON_GEN	gene_germline	0
ORPHA:88628	DON_GEN	gene_germline	0
ORPHA:88629	DON_GEN	gene_germline	0
ORPHA:88630	DON_GEN	gene_germline	0
ORPHA:88635	DON_GEN	gene_germline	0
ORPHA:88637	DON_GEN	gene_germline	0
ORPHA:88639	DON_GEN	gene_germline	0
ORPHA:88643	CHUA_RO	khong_du_nguon	0
ORPHA:88644	DON_GEN	gene_germline	0
ORPHA:88661	CHUA_RO	khong_du_nguon	0
ORPHA:887	CHUA_RO	khong_du_nguon	0
ORPHA:888	DON_GEN	gene_germline	0
ORPHA:889	CHUA_RO	khong_du_nguon	0
ORPHA:890	CHUA_RO	khong_du_nguon	0
ORPHA:891	DON_GEN	gene_germline	0
ORPHA:892	DON_GEN	gene_germline	0
ORPHA:893	CNV	mondo_partial_del_dup	1
ORPHA:894	DON_GEN	gene_germline	0
ORPHA:895	DON_GEN	gene_germline	0
ORPHA:896	DON_GEN	gene_germline	0
ORPHA:897	DON_GEN	gene_germline	0
ORPHA:898	DON_GEN	gene_germline	0
ORPHA:89838	DON_GEN	gene_germline	0
ORPHA:89842	DON_GEN	gene_germline	0
ORPHA:89843	DON_GEN	gene_germline	0
ORPHA:89844	DON_GEN	gene_germline	0
ORPHA:899	DON_GEN	gene_germline	0
ORPHA:89936	DON_GEN	gene_germline	0
ORPHA:89937	DON_GEN	gene_germline	0
ORPHA:89938	DON_GEN	gene_germline	0
ORPHA:9	NST	mondo_aneuploidy	0
ORPHA:90	DON_GEN	gene_germline	0
ORPHA:900	CHUA_RO	khong_du_nguon	0
ORPHA:90000	CHUA_RO	khong_du_nguon	0
ORPHA:90002	CHUA_RO	khong_du_nguon	0
ORPHA:90003	CHUA_RO	khong_du_nguon	0
ORPHA:90023	DON_GEN	gene_germline	0
ORPHA:90024	DON_GEN	gene_germline	0
ORPHA:90026	DON_GEN	gene_germline	0
ORPHA:90033	CHUA_RO	khong_du_nguon	0
ORPHA:90035	CHUA_RO	khong_du_nguon	0
ORPHA:90036	CHUA_RO	khong_du_nguon	0
ORPHA:90037	CHUA_RO	khong_du_nguon	0
ORPHA:90038	CHUA_RO	khong_du_nguon	0
ORPHA:90039	DON_GEN	gene_germline	0
ORPHA:90041	CHUA_RO	khong_du_nguon	0
ORPHA:90042	DON_GEN	gene_germline	0
ORPHA:90044	DON_GEN	gene_germline	0
ORPHA:90045	DON_GEN	gene_germline	0
ORPHA:90050	CHUA_RO	khong_du_nguon	0
ORPHA:90051	CHUA_RO	khong_du_nguon	0
ORPHA:90058	CHUA_RO	khong_du_nguon	0
ORPHA:90060	CHUA_RO	khong_du_nguon	0
ORPHA:90062	CHUA_RO	khong_du_nguon	0
ORPHA:90064	CHUA_RO	khong_du_nguon	0
ORPHA:90065	CHUA_RO	khong_du_nguon	0
ORPHA:90068	CHUA_RO	khong_du_nguon	0
ORPHA:90081	CHUA_RO	khong_du_nguon	0
ORPHA:901	CHUA_RO	khong_du_nguon	0
ORPHA:90103	CHUA_RO	khong_du_nguon	0
ORPHA:90117	DON_GEN	gene_germline	0
ORPHA:90153	DON_GEN	gene_germline	0
ORPHA:90154	DON_GEN	gene_germline	0
ORPHA:90156	CHUA_RO	khong_du_nguon	0
ORPHA:90157	CHUA_RO	khong_du_nguon	0
ORPHA:90158	CHUA_RO	khong_du_nguon	0
ORPHA:90159	CHUA_RO	khong_du_nguon	0
ORPHA:90160	CHUA_RO	khong_du_nguon	0
ORPHA:90186	CHUA_RO	khong_du_nguon	0
ORPHA:902	DON_GEN	gene_germline	0
ORPHA:90280	CHUA_RO	khong_du_nguon	0
ORPHA:90281	CHUA_RO	khong_du_nguon	0
ORPHA:90283	CHUA_RO	khong_du_nguon	0
ORPHA:90289	CHUA_RO	khong_du_nguon	0
ORPHA:90291	CHUA_RO	khong_du_nguon	0
ORPHA:903	CHUA_RO	khong_du_nguon	0
ORPHA:90301	CHUA_RO	khong_du_nguon	0
ORPHA:90307	DON_GEN	gene_germline	0
ORPHA:90308	CHUA_RO	khong_du_nguon	0
ORPHA:90321	DON_GEN	gene_germline	0
ORPHA:90322	DON_GEN	gene_germline	0
ORPHA:90324	DON_GEN	gene_germline	0
ORPHA:90340	DON_GEN	gene_germline	0
ORPHA:90342	DON_GEN	gene_germline	0
ORPHA:90348	DON_GEN	gene_germline	0
ORPHA:90349	DON_GEN	gene_germline	0
ORPHA:90354	DON_GEN	gene_germline	0
ORPHA:90362	CHUA_RO	khong_du_nguon	0
ORPHA:90363	CHUA_RO	khong_du_nguon	0
ORPHA:90368	DON_GEN	gene_germline	0
ORPHA:904	CNV	mondo_partial_del_dup	1
ORPHA:905	DON_GEN	gene_germline	0
ORPHA:906	DON_GEN	gene_germline	0
ORPHA:90646	CHUA_RO	khong_du_nguon	0
ORPHA:90647	DON_GEN	gene_germline	0
ORPHA:90650	DON_GEN	gene_germline	0
ORPHA:90652	DON_GEN	gene_germline	0
ORPHA:90653	DON_GEN	gene_germline	0
ORPHA:90654	DON_GEN	gene_germline	0
ORPHA:90658	DON_GEN	gene_germline	0
ORPHA:90673	DON_GEN	gene_germline	0
ORPHA:90674	DON_GEN	gene_germline	0
ORPHA:90695	DON_GEN	gene_germline	0
ORPHA:90790	DON_GEN	gene_germline	0
ORPHA:90791	DON_GEN	gene_germline	0
ORPHA:90793	DON_GEN	gene_germline	0
ORPHA:90794	DON_GEN	gene_germline	0
ORPHA:90795	DON_GEN	gene_germline	0
ORPHA:90796	DON_GEN	gene_germline	0
ORPHA:90797	DON_GEN	gene_germline	0
ORPHA:908	DON_GEN	gene_germline	0
ORPHA:909	DON_GEN	gene_germline	0
ORPHA:91	DON_GEN	gene_germline	0
ORPHA:910	DON_GEN	gene_germline	0
ORPHA:911	DON_GEN	gene_germline	0
ORPHA:91130	DON_GEN	gene_germline	0
ORPHA:91131	DON_GEN	gene_germline	0
ORPHA:91132	DON_GEN	gene_germline	0
ORPHA:91135	DON_GEN	gene_germline	0
ORPHA:91138	CHUA_RO	khong_du_nguon	0
ORPHA:91139	CHUA_RO	khong_du_nguon	0
ORPHA:912	DON_GEN	gene_germline	0
ORPHA:913	CHUA_RO	khong_du_nguon	0
ORPHA:91347	CHUA_RO	khong_du_nguon	0
ORPHA:91348	CHUA_RO	khong_du_nguon	0
ORPHA:91349	CHUA_RO	khong_du_nguon	0
ORPHA:91350	CHUA_RO	khong_du_nguon	0
ORPHA:91351	CHUA_RO	khong_du_nguon	0
ORPHA:91354	CHUA_RO	khong_du_nguon	0
ORPHA:91355	CHUA_RO	khong_du_nguon	0
ORPHA:91359	CHUA_RO	khong_du_nguon	0
ORPHA:91387	DON_GEN	gene_germline	0
ORPHA:91412	CHUA_RO	khong_du_nguon	0
ORPHA:91414	DON_GEN	gene_germline	0
ORPHA:91416	CHUA_RO	khong_du_nguon	0
ORPHA:91495	DON_GEN	gene_germline	0
ORPHA:915	DON_GEN	gene_germline	0
ORPHA:91500	CHUA_RO	khong_du_nguon	0
ORPHA:91546	CHUA_RO	khong_du_nguon	0
ORPHA:91547	CHUA_RO	khong_du_nguon	0
ORPHA:916	CHUA_RO	khong_du_nguon	0
ORPHA:920	DON_GEN	gene_germline	0
ORPHA:92050	DON_GEN	gene_germline	0
ORPHA:921	DON_GEN	gene_germline	0
ORPHA:922	CHUA_RO	khong_du_nguon	0
ORPHA:926	DON_GEN	gene_germline	0
ORPHA:927	DON_GEN	gene_germline	0
ORPHA:929	CHUA_RO	khong_du_nguon	0
ORPHA:93	DON_GEN	gene_germline	0
ORPHA:930	DON_GEN	gene_germline	0
ORPHA:931	DON_GEN	gene_germline	0
ORPHA:93101	CHUA_RO	khong_du_nguon	0
ORPHA:93108	CHUA_RO	khong_du_nguon	0
ORPHA:93109	CHUA_RO	khong_du_nguon	0
ORPHA:93110	DON_GEN	gene_germline	0
ORPHA:93111	DON_GEN	gene_germline	0
ORPHA:93126	CHUA_RO	khong_du_nguon	0
ORPHA:93160	DON_GEN	gene_germline	0
ORPHA:932	CHUA_RO	khong_du_nguon	0
ORPHA:93256	DON_GEN	gene_germline	0
ORPHA:93258	DON_GEN	gene_germline	0
ORPHA:93259	DON_GEN	gene_germline	0
ORPHA:93260	DON_GEN	gene_germline	0
ORPHA:93262	DON_GEN	gene_germline	0
ORPHA:93267	CHUA_RO	khong_du_nguon	0
ORPHA:93271	DON_GEN	gene_germline	0
ORPHA:93274	DON_GEN	gene_germline	0
ORPHA:93283	DON_GEN	gene_germline	0
ORPHA:93284	DON_GEN	gene_germline	0
ORPHA:93296	DON_GEN	gene_germline	0
ORPHA:93298	DON_GEN	gene_germline	0
ORPHA:93299	DON_GEN	gene_germline	0
ORPHA:93302	CHUA_RO	khong_du_nguon	0
ORPHA:93304	DON_GEN	gene_germline	0
ORPHA:93307	DON_GEN	gene_germline	0
ORPHA:93308	DON_GEN	gene_germline	0
ORPHA:93311	DON_GEN	gene_germline	0
ORPHA:93314	DON_GEN	gene_germline	0
ORPHA:93315	DON_GEN	gene_germline	0
ORPHA:93316	DON_GEN	gene_germline	0
ORPHA:93317	DON_GEN	gene_germline	0
ORPHA:93320	CHUA_RO	khong_du_nguon	0
ORPHA:93321	DON_GEN	gene_germline	0
ORPHA:93322	DON_GEN	gene_germline	0
ORPHA:93323	CHUA_RO	khong_du_nguon	0
ORPHA:93324	DON_GEN	gene_germline	0
ORPHA:93325	DON_GEN	gene_germline	0
ORPHA:93328	DON_GEN	gene_germline	0
ORPHA:93329	DON_GEN	gene_germline	0
ORPHA:93333	DON_GEN	gene_germline	0
ORPHA:93346	DON_GEN	gene_germline	0
ORPHA:93351	CHUA_RO	khong_du_nguon	0
ORPHA:93352	DON_GEN	gene_germline	0
ORPHA:93356	DON_GEN	gene_germline	0
ORPHA:93357	DON_GEN	gene_germline	0
ORPHA:93360	DON_GEN	gene_germline	0
ORPHA:93383	CHUA_RO	khong_du_nguon	0
ORPHA:93384	DON_GEN	gene_germline	0
ORPHA:93387	DON_GEN	gene_germline	0
ORPHA:93388	DON_GEN	gene_germline	0
ORPHA:93394	CHUA_RO	khong_du_nguon	0
ORPHA:93396	DON_GEN	gene_germline	0
ORPHA:93397	CHUA_RO	khong_du_nguon	0
ORPHA:93399	DON_GEN	gene_germline	0
ORPHA:93400	DON_GEN	gene_germline	0
ORPHA:93402	CNV	mondo_partial_del_dup	0
ORPHA:93403	CHUA_RO	khong_du_nguon	0
ORPHA:93404	DON_GEN	gene_germline	0
ORPHA:93405	DON_GEN	gene_germline	0
ORPHA:93406	DON_GEN	gene_germline	0
ORPHA:93409	DON_GEN	gene_germline	0
ORPHA:93473	DON_GEN	gene_germline	0
ORPHA:93474	DON_GEN	gene_germline	0
ORPHA:93476	DON_GEN	gene_germline	0
ORPHA:935	CHUA_RO	khong_du_nguon	0
ORPHA:93552	CHUA_RO	khong_du_nguon	0
ORPHA:93585	CHUA_RO	khong_du_nguon	0
ORPHA:93598	DON_GEN	gene_germline	0
ORPHA:93599	DON_GEN	gene_germline	0
ORPHA:93600	DON_GEN	gene_germline	0
ORPHA:93672	CHUA_RO	khong_du_nguon	0
ORPHA:939	CHUA_RO	khong_du_nguon	0
ORPHA:93921	DON_GEN	gene_germline	0
ORPHA:93924	DON_GEN	gene_germline	0
ORPHA:93925	DON_GEN	gene_germline	0
ORPHA:93926	DON_GEN	gene_germline	0
ORPHA:93928	CHUA_RO	khong_du_nguon	0
ORPHA:93929	CHUA_RO	khong_du_nguon	0
ORPHA:93930	CHUA_RO	khong_du_nguon	0
ORPHA:93932	DON_GEN	gene_germline	0
ORPHA:93941	CHUA_RO	khong_du_nguon	0
ORPHA:93945	DON_GEN	gene_germline	0
ORPHA:93946	DON_GEN	gene_germline	0
ORPHA:93947	DON_GEN	gene_germline	0
ORPHA:93950	DON_GEN	gene_germline	0
ORPHA:93952	DON_GEN	gene_germline	0
ORPHA:93958	CHUA_RO	khong_du_nguon	0
ORPHA:94058	CHUA_RO	khong_du_nguon	0
ORPHA:94059	CHUA_RO	khong_du_nguon	0
ORPHA:94063	CNV	mondo_partial_del_dup	0
ORPHA:94064	CNV	mondo_partial_del_dup	1
ORPHA:94065	CNV	mondo_partial_del_dup	1
ORPHA:94066	CHUA_RO	khong_du_nguon	0
ORPHA:94068	DON_GEN	gene_germline	0
ORPHA:94080	CHUA_RO	khong_du_nguon	0
ORPHA:94083	DON_GEN	gene_germline	0
ORPHA:94086	CHUA_RO	khong_du_nguon	0
ORPHA:94088	DON_GEN	gene_germline	0
ORPHA:94089	DON_GEN	gene_germline	0
ORPHA:94090	CHUA_RO	khong_du_nguon	0
ORPHA:94093	CHUA_RO	khong_du_nguon	0
ORPHA:941	DON_GEN	gene_germline	0
ORPHA:94122	DON_GEN	gene_germline	0
ORPHA:94124	DON_GEN	gene_germline	0
ORPHA:94125	DON_GEN	gene_germline	0
ORPHA:94147	DON_GEN	gene_germline	0
ORPHA:943	DON_GEN	gene_germline	0
ORPHA:945	CHUA_RO	khong_du_nguon	0
ORPHA:949	CHUA_RO	khong_du_nguon	0
ORPHA:95	DON_GEN	gene_germline	0
ORPHA:950	DON_GEN	gene_germline	0
ORPHA:95159	DON_GEN	gene_germline	0
ORPHA:952	DON_GEN	gene_germline	0
ORPHA:95232	DON_GEN	gene_germline	0
ORPHA:95409	CHUA_RO	khong_du_nguon	0
ORPHA:95427	CHUA_RO	khong_du_nguon	0
ORPHA:95428	DON_GEN	gene_germline	0
ORPHA:95429	CHUA_RO	khong_du_nguon	0
ORPHA:95430	CHUA_RO	khong_du_nguon	0
ORPHA:95433	DON_GEN	gene_germline	0
ORPHA:95434	DON_GEN	gene_germline	0
ORPHA:95455	CHUA_RO	khong_du_nguon	0
ORPHA:95459	CHUA_RO	khong_du_nguon	0
ORPHA:95494	DON_GEN	gene_germline	0
ORPHA:95496	DON_GEN	gene_germline	0
ORPHA:955	DON_GEN	gene_germline	0
ORPHA:95512	CHUA_RO	khong_du_nguon	0
ORPHA:95513	CHUA_RO	khong_du_nguon	0
ORPHA:95613	CHUA_RO	khong_du_nguon	0
ORPHA:95619	CHUA_RO	khong_du_nguon	0
ORPHA:95626	CHUA_RO	khong_du_nguon	0
ORPHA:95699	DON_GEN	gene_germline	0
ORPHA:957	CHUA_RO	khong_du_nguon	0
ORPHA:95702	DON_GEN	gene_germline	0
ORPHA:95706	DON_GEN	gene_germline	0
ORPHA:95707	CHUA_RO	khong_du_nguon	0
ORPHA:95712	DON_GEN	gene_germline	0
ORPHA:95713	DON_GEN	gene_germline	0
ORPHA:95715	CHUA_RO	khong_du_nguon	0
ORPHA:95716	DON_GEN	gene_germline	0
ORPHA:95717	CHUA_RO	khong_du_nguon	0
ORPHA:95719	CHUA_RO	khong_du_nguon	0
ORPHA:95720	DON_GEN	gene_germline	0
ORPHA:958	CHUA_RO	khong_du_nguon	0
ORPHA:959	DON_GEN	gene_germline	0
ORPHA:96	DON_GEN	gene_germline	0
ORPHA:96055	CNV	mondo_partial_del_dup	0
ORPHA:96061	NST	mondo_aneuploidy	0
ORPHA:96092	CNV	ten_benh	0
ORPHA:96097	CNV	mondo_partial_del_dup	0
ORPHA:96121	CNV	mondo_partial_del_dup	0
ORPHA:96123	NST	mondo_aneuploidy	0
ORPHA:96125	CNV	mondo_partial_del_dup	0
ORPHA:96129	CNV	mondo_partial_del_dup	0
ORPHA:96147	CNV	mondo_partial_del_dup	0
ORPHA:96148	CNV	mondo_partial_del_dup	0
ORPHA:96149	CNV	mondo_partial_del_dup	0
ORPHA:96167	CNV	mondo_chromosomal_khac	0
ORPHA:96168	CNV	mondo_partial_del_dup	0
ORPHA:96169	DON_GEN	gene_germline	0
ORPHA:96170	CNV	mondo_chromosomal_khac	0
ORPHA:96171	NST	mondo_aneuploidy	0
ORPHA:96172	NST	mondo_aneuploidy	0
ORPHA:96173	NST	mondo_aneuploidy	0
ORPHA:96175	NST	mondo_aneuploidy	0
ORPHA:96176	NST	mondo_aneuploidy	0
ORPHA:96177	NST	mondo_aneuploidy	0
ORPHA:96178	NST	mondo_aneuploidy	0
ORPHA:96179	CNV	mondo_chromosomal_khac	0
ORPHA:96180	CNV	mondo_chromosomal_khac	0
ORPHA:96181	CNV	mondo_chromosomal_khac	0
ORPHA:96182	CNV	mondo_chromosomal_khac	0
ORPHA:96183	CNV	mondo_chromosomal_khac	0
ORPHA:96184	CNV	mondo_chromosomal_khac	0
ORPHA:96186	CNV	mondo_chromosomal_khac	0
ORPHA:96187	CNV	mondo_chromosomal_khac	0
ORPHA:96190	CNV	mondo_chromosomal_khac	0
ORPHA:96191	CNV	mondo_chromosomal_khac	0
ORPHA:96201	CNV	mondo_chromosomal_khac	0
ORPHA:96253	DON_GEN	gene_germline	0
ORPHA:96263	NST	mondo_aneuploidy	0
ORPHA:96264	NST	mondo_aneuploidy	0
ORPHA:963	CHUA_RO	khong_du_nguon	0
ORPHA:96334	CNV	mondo_chromosomal_khac	0
ORPHA:968	DON_GEN	gene_germline	0
ORPHA:969	DON_GEN	gene_germline	0
ORPHA:97	DON_GEN	gene_germline	0
ORPHA:970	DON_GEN	gene_germline	0
ORPHA:971	CHUA_RO	khong_du_nguon	0
ORPHA:972	DON_GEN	gene_germline	0
ORPHA:97214	CHUA_RO	khong_du_nguon	0
ORPHA:97229	CHUA_RO	khong_du_nguon	0
ORPHA:97230	CHUA_RO	khong_du_nguon	0
ORPHA:97240	DON_GEN	gene_germline	0
ORPHA:97244	DON_GEN	gene_germline	0
ORPHA:97261	CHUA_RO	khong_du_nguon	0
ORPHA:97278	CHUA_RO	khong_du_nguon	0
ORPHA:97279	CHUA_RO	khong_du_nguon	0
ORPHA:97280	CHUA_RO	khong_du_nguon	0
ORPHA:97282	CHUA_RO	khong_du_nguon	0
ORPHA:97283	CHUA_RO	khong_du_nguon	0
ORPHA:97285	CHUA_RO	khong_du_nguon	0
ORPHA:97286	DON_GEN	gene_germline	0
ORPHA:97287	CHUA_RO	khong_du_nguon	0
ORPHA:97289	CHUA_RO	khong_du_nguon	0
ORPHA:97290	CHUA_RO	khong_du_nguon	0
ORPHA:97292	CHUA_RO	khong_du_nguon	0
ORPHA:97297	DON_GEN	gene_germline	0
ORPHA:973	CHUA_RO	khong_du_nguon	0
ORPHA:97330	CHUA_RO	khong_du_nguon	0
ORPHA:97332	CHUA_RO	khong_du_nguon	0
ORPHA:97335	CHUA_RO	khong_du_nguon	0
ORPHA:97336	CHUA_RO	khong_du_nguon	0
ORPHA:97337	CHUA_RO	khong_du_nguon	0
ORPHA:97339	CHUA_RO	khong_du_nguon	0
ORPHA:97341	CHUA_RO	khong_du_nguon	0
ORPHA:97349	CHUA_RO	khong_du_nguon	0
ORPHA:97352	CHUA_RO	khong_du_nguon	0
ORPHA:97355	CHUA_RO	khong_du_nguon	0
ORPHA:97360	CHUA_RO	khong_du_nguon	0
ORPHA:97362	CHUA_RO	khong_du_nguon	0
ORPHA:974	DON_GEN	gene_germline	0
ORPHA:97560	CHUA_RO	khong_du_nguon	0
ORPHA:976	DON_GEN	gene_germline	0
ORPHA:97685	CNV	mondo_partial_del_dup	0
ORPHA:977	CHUA_RO	khong_du_nguon	0
ORPHA:978	DON_GEN	gene_germline	0
ORPHA:98	DON_GEN	gene_germline	0
ORPHA:980	CHUA_RO	khong_du_nguon	0
ORPHA:981	CHUA_RO	khong_du_nguon	0
ORPHA:983	DON_GEN	gene_germline	0
ORPHA:98434	DON_GEN	gene_germline	0
ORPHA:98673	DON_GEN	gene_germline	0
ORPHA:98754	CNV	mondo_chromosomal_khac	0
ORPHA:98755	DON_GEN	gene_germline	0
ORPHA:98756	DON_GEN	gene_germline	0
ORPHA:98757	DON_GEN	gene_germline	0
ORPHA:98758	DON_GEN	gene_germline	0
ORPHA:98759	DON_GEN	gene_germline	0
ORPHA:98760	DON_GEN	gene_germline	0
ORPHA:98761	DON_GEN	gene_germline	0
ORPHA:98762	DON_GEN	gene_germline	0
ORPHA:98763	DON_GEN	gene_germline	0
ORPHA:98764	DON_GEN	gene_germline	0
ORPHA:98765	DON_GEN	gene_germline	0
ORPHA:98766	DON_GEN	gene_germline	0
ORPHA:98767	DON_GEN	gene_germline	0
ORPHA:98768	DON_GEN	gene_germline	0
ORPHA:98769	DON_GEN	gene_germline	0
ORPHA:98771	DON_GEN	gene_germline	0
ORPHA:98772	DON_GEN	gene_germline	0
ORPHA:98773	DON_GEN	gene_germline	0
ORPHA:98784	DON_GEN	gene_germline	0
ORPHA:98791	CNV	mondo_partial_del_dup	0
ORPHA:98793	CNV	mondo_partial_del_dup	0
ORPHA:98794	CNV	mondo_partial_del_dup	0
ORPHA:98795	CNV	mondo_chromosomal_khac	0
ORPHA:98797	CNV	mondo_chromosomal_khac	0
ORPHA:98798	CNV	mondo_chromosomal_khac	0
ORPHA:988	CHUA_RO	khong_du_nguon	0
ORPHA:98805	DON_GEN	gene_germline	0
ORPHA:98806	DON_GEN	gene_germline	0
ORPHA:98807	DON_GEN	gene_germline	0
ORPHA:98808	DON_GEN	gene_germline	0
ORPHA:98809	DON_GEN	gene_germline	0
ORPHA:98810	DON_GEN	gene_germline	0
ORPHA:98811	DON_GEN	gene_germline	0
ORPHA:98813	DON_GEN	gene_germline	0
ORPHA:98818	DON_GEN	gene_germline	0
ORPHA:98820	DON_GEN	gene_germline	0
ORPHA:98826	CHUA_RO	khong_du_nguon	0
ORPHA:98827	DON_GEN	gene_germline	0
ORPHA:98848	CHUA_RO	khong_du_nguon	0
ORPHA:98849	CHUA_RO	khong_du_nguon	0
ORPHA:98850	CHUA_RO	khong_du_nguon	0
ORPHA:98853	DON_GEN	gene_germline	0
ORPHA:98855	DON_GEN	gene_germline	0
ORPHA:98856	DON_GEN	gene_germline	0
ORPHA:98863	DON_GEN	gene_germline	0
ORPHA:98868	DON_GEN	gene_germline	0
ORPHA:98870	DON_GEN	gene_germline	0
ORPHA:98878	DON_GEN	gene_germline	0
ORPHA:98879	DON_GEN	gene_germline	0
ORPHA:98880	DON_GEN	gene_germline	0
ORPHA:98881	DON_GEN	gene_germline	0
ORPHA:98889	DON_GEN	gene_germline	0
ORPHA:98890	DON_GEN	gene_germline	0
ORPHA:98892	DON_GEN	gene_germline	0
ORPHA:98895	DON_GEN	gene_germline	0
ORPHA:98896	DON_GEN	gene_germline	0
ORPHA:98897	DON_GEN	gene_germline	0
ORPHA:989	CHUA_RO	khong_du_nguon	0
ORPHA:98902	DON_GEN	gene_germline	0
ORPHA:98905	DON_GEN	gene_germline	0
ORPHA:98907	DON_GEN	gene_germline	0
ORPHA:98908	DON_GEN	gene_germline	0
ORPHA:98909	DON_GEN	gene_germline	0
ORPHA:98911	DON_GEN	gene_germline	0
ORPHA:98912	DON_GEN	gene_germline	0
ORPHA:98913	DON_GEN	gene_germline	0
ORPHA:98914	DON_GEN	gene_germline	0
ORPHA:98915	DON_GEN	gene_germline	0
ORPHA:98916	CHUA_RO	khong_du_nguon	0
ORPHA:98919	CHUA_RO	khong_du_nguon	0
ORPHA:98933	CHUA_RO	khong_du_nguon	0
ORPHA:98934	DON_GEN	gene_germline	0
ORPHA:98957	DON_GEN	gene_germline	0
ORPHA:98960	DON_GEN	gene_germline	0
ORPHA:98962	DON_GEN	gene_germline	0
ORPHA:98963	DON_GEN	gene_germline	0
ORPHA:98964	DON_GEN	gene_germline	0
ORPHA:98969	DON_GEN	gene_germline	0
ORPHA:98973	DON_GEN	gene_germline	0
ORPHA:98974	DON_GEN	gene_germline	0
ORPHA:98976	DON_GEN	gene_germline	0
ORPHA:98977	DON_GEN	gene_germline	0
ORPHA:990	DON_GEN	gene_germline	0
ORPHA:99000	DON_GEN	gene_germline	0
ORPHA:99013	DON_GEN	gene_germline	0
ORPHA:99014	DON_GEN	gene_germline	0
ORPHA:99015	DON_GEN	gene_germline	0
ORPHA:99027	CNV	mondo_partial_del_dup	1
ORPHA:99050	CHUA_RO	khong_du_nguon	0
ORPHA:99094	CHUA_RO	khong_du_nguon	0
ORPHA:99095	CHUA_RO	khong_du_nguon	0
ORPHA:991	CHUA_RO	khong_du_nguon	0
ORPHA:99103	DON_GEN	gene_germline	0
ORPHA:99104	CHUA_RO	khong_du_nguon	0
ORPHA:99105	DON_GEN	gene_germline	0
ORPHA:99106	DON_GEN	gene_germline	0
ORPHA:99125	CHUA_RO	khong_du_nguon	0
ORPHA:99147	CHUA_RO	khong_du_nguon	0
ORPHA:99226	NST	mondo_aneuploidy	0
ORPHA:99228	NST	mondo_aneuploidy	0
ORPHA:99329	NST	mondo_aneuploidy	0
ORPHA:99330	NST	mondo_aneuploidy	0
ORPHA:994	DON_GEN	gene_germline	0
ORPHA:99413	NST	ten_benh	0
ORPHA:99429	DON_GEN	gene_germline	0
ORPHA:99642	CHUA_RO	khong_du_nguon	0
ORPHA:99646	CHUA_RO	khong_du_nguon	0
ORPHA:99657	DON_GEN	gene_germline	0
ORPHA:99688	CHUA_RO	khong_du_nguon	0
ORPHA:99725	DON_GEN	gene_germline	0
ORPHA:99734	DON_GEN	gene_germline	0
ORPHA:99735	DON_GEN	gene_germline	0
ORPHA:99736	DON_GEN	gene_germline	0
ORPHA:99742	DON_GEN	gene_germline	0
ORPHA:99745	CHUA_RO	khong_du_nguon	0
ORPHA:99748	CHUA_RO	khong_du_nguon	0
ORPHA:99750	CHUA_RO	khong_du_nguon	0
ORPHA:99771	CHUA_RO	khong_du_nguon	0
ORPHA:99772	CHUA_RO	khong_du_nguon	0
ORPHA:99776	NST	mondo_aneuploidy	0
ORPHA:99798	DON_GEN	gene_germline	0
ORPHA:998	CHUA_RO	khong_du_nguon	0
ORPHA:99802	CHUA_RO	khong_du_nguon	0
ORPHA:99803	DON_GEN	gene_germline	0
ORPHA:99811	DON_GEN	gene_germline	0
ORPHA:99812	DON_GEN	gene_germline	0
ORPHA:99819	DON_GEN	gene_germline	0
ORPHA:99824	CHUA_RO	khong_du_nguon	0
ORPHA:99825	CHUA_RO	khong_du_nguon	0
ORPHA:99826	CHUA_RO	khong_du_nguon	0
ORPHA:99827	CHUA_RO	khong_du_nguon	0
ORPHA:99828	CHUA_RO	khong_du_nguon	0
ORPHA:99829	CHUA_RO	khong_du_nguon	0
ORPHA:99832	DON_GEN	gene_germline	0
ORPHA:99843	DON_GEN	gene_germline	0
ORPHA:99845	DON_GEN	gene_germline	0
ORPHA:99852	DON_GEN	gene_germline	0
ORPHA:99857	CHUA_RO	khong_du_nguon	0
ORPHA:99867	CHUA_RO	khong_du_nguon	0
ORPHA:99868	CHUA_RO	khong_du_nguon	0
ORPHA:99879	DON_GEN	gene_germline	0
ORPHA:99880	DON_GEN	gene_germline	1
ORPHA:99885	DON_GEN	gene_germline	0
ORPHA:99886	DON_GEN	gene_germline	0
ORPHA:99889	CHUA_RO	khong_du_nguon	0
ORPHA:999	CHUA_RO	khong_du_nguon	0
ORPHA:99901	DON_GEN	gene_germline	0
ORPHA:99921	CHUA_RO	khong_du_nguon	0
ORPHA:99925	CHUA_RO	khong_du_nguon	0
ORPHA:99926	CHUA_RO	khong_du_nguon	0
ORPHA:99927	CHUA_RO	khong_du_nguon	0
ORPHA:99928	CHUA_RO	khong_du_nguon	0
ORPHA:99931	CHUA_RO	khong_du_nguon	0
ORPHA:99939	DON_GEN	gene_germline	0
ORPHA:99940	DON_GEN	gene_germline	0
ORPHA:99944	DON_GEN	gene_germline	0
ORPHA:99947	DON_GEN	gene_germline	0
ORPHA:99948	DON_GEN	gene_germline	0
ORPHA:99949	DON_GEN	gene_germline	0
ORPHA:99950	DON_GEN	gene_germline	0
ORPHA:99953	DON_GEN	gene_germline	0
ORPHA:99956	DON_GEN	gene_germline	0
ORPHA:99965	CHUA_RO	khong_du_nguon	0
ORPHA:99966	CHUA_RO	khong_du_nguon	0
ORPHA:99967	CHUA_RO	khong_du_nguon	0
ORPHA:99969	CHUA_RO	khong_du_nguon	0
ORPHA:99971	CHUA_RO	khong_du_nguon	0
ORPHA:99976	CHUA_RO	khong_du_nguon	0
ORPHA:99977	CHUA_RO	khong_du_nguon	0
ORPHA:99978	CHUA_RO	khong_du_nguon	0
ORPHA:99981	CHUA_RO	khong_du_nguon	0
